Automatically generated mesh
     332
Reciprocal lattice
    0.00000000000000    0.00000000000000    0.00000000000000             1
    0.16666666666667   -0.00000000000000   -0.00000000000000             2
    0.33333333333333    0.00000000000000    0.00000000000000             2
    0.50000000000000    0.00000000000000    0.00000000000000             1
    0.00000000000000    0.09090909090909    0.00000000000000             2
    0.16666666666667    0.09090909090909   -0.00000000000000             2
    0.33333333333333    0.09090909090909    0.00000000000000             2
    0.50000000000000    0.09090909090909    0.00000000000000             2
   -0.33333333333333    0.09090909090909    0.00000000000000             2
   -0.16666666666667    0.09090909090909   -0.00000000000000             2
    0.00000000000000    0.18181818181818    0.00000000000000             2
    0.16666666666667    0.18181818181818   -0.00000000000000             2
    0.33333333333333    0.18181818181818    0.00000000000000             2
    0.50000000000000    0.18181818181818    0.00000000000000             2
   -0.33333333333333    0.18181818181818   -0.00000000000000             2
   -0.16666666666667    0.18181818181818    0.00000000000000             2
    0.00000000000000    0.27272727272727    0.00000000000000             2
    0.16666666666667    0.27272727272727    0.00000000000000             2
    0.33333333333333    0.27272727272727   -0.00000000000000             2
    0.50000000000000    0.27272727272727    0.00000000000000             2
   -0.33333333333333    0.27272727272727   -0.00000000000000             2
   -0.16666666666667    0.27272727272727   -0.00000000000000             2
    0.00000000000000    0.36363636363636    0.00000000000000             2
    0.16666666666667    0.36363636363636   -0.00000000000000             2
    0.33333333333333    0.36363636363636   -0.00000000000000             2
    0.50000000000000    0.36363636363636    0.00000000000000             2
   -0.33333333333333    0.36363636363636    0.00000000000000             2
   -0.16666666666667    0.36363636363636    0.00000000000000             2
    0.00000000000000    0.45454545454545    0.00000000000000             2
    0.16666666666667    0.45454545454545    0.00000000000000             2
    0.33333333333333    0.45454545454545   -0.00000000000000             2
    0.50000000000000    0.45454545454546    0.00000000000000             2
   -0.33333333333333    0.45454545454545    0.00000000000000             2
   -0.16666666666667    0.45454545454545   -0.00000000000000             2
    0.00000000000000    0.00000000000000    0.10000000000000             2
    0.16666666666667   -0.00000000000000    0.10000000000000             2
    0.33333333333333    0.00000000000000    0.10000000000000             2
    0.50000000000000    0.00000000000000    0.10000000000000             2
   -0.33333333333333    0.00000000000000    0.10000000000000             2
   -0.16666666666667    0.00000000000000    0.10000000000000             2
    0.00000000000000    0.09090909090909    0.10000000000000             2
    0.16666666666667    0.09090909090909    0.10000000000000             2
    0.33333333333333    0.09090909090909    0.10000000000000             2
    0.50000000000000    0.09090909090909    0.10000000000000             2
   -0.33333333333333    0.09090909090909    0.10000000000000             2
   -0.16666666666667    0.09090909090909    0.10000000000000             2
    0.00000000000000    0.18181818181818    0.10000000000000             2
    0.16666666666667    0.18181818181818    0.10000000000000             2
    0.33333333333333    0.18181818181818    0.10000000000000             2
    0.50000000000000    0.18181818181818    0.10000000000000             2
   -0.33333333333333    0.18181818181818    0.10000000000000             2
   -0.16666666666667    0.18181818181818    0.10000000000000             2
    0.00000000000000    0.27272727272727    0.10000000000000             2
    0.16666666666667    0.27272727272727    0.10000000000000             2
    0.33333333333333    0.27272727272727    0.10000000000000             2
    0.50000000000000    0.27272727272727    0.10000000000000             2
   -0.33333333333333    0.27272727272727    0.10000000000000             2
   -0.16666666666667    0.27272727272727    0.10000000000000             2
    0.00000000000000    0.36363636363636    0.10000000000000             2
    0.16666666666667    0.36363636363636    0.10000000000000             2
    0.33333333333333    0.36363636363636    0.10000000000000             2
    0.50000000000000    0.36363636363636    0.10000000000000             2
   -0.33333333333333    0.36363636363636    0.10000000000000             2
   -0.16666666666667    0.36363636363636    0.10000000000000             2
    0.00000000000000    0.45454545454545    0.10000000000000             2
    0.16666666666667    0.45454545454545    0.10000000000000             2
    0.33333333333333    0.45454545454545    0.10000000000000             2
    0.50000000000000    0.45454545454546    0.10000000000000             2
   -0.33333333333333    0.45454545454545    0.10000000000000             2
   -0.16666666666667    0.45454545454545    0.10000000000000             2
    0.00000000000000   -0.45454545454545    0.10000000000000             2
    0.16666666666667   -0.45454545454545    0.10000000000000             2
    0.33333333333333   -0.45454545454546    0.10000000000000             2
    0.50000000000000   -0.45454545454545    0.10000000000000             2
   -0.33333333333333   -0.45454545454545    0.10000000000000             2
   -0.16666666666667   -0.45454545454546    0.10000000000000             2
    0.00000000000000   -0.36363636363636    0.10000000000000             2
    0.16666666666667   -0.36363636363636    0.10000000000000             2
    0.33333333333333   -0.36363636363636    0.10000000000000             2
    0.50000000000000   -0.36363636363636    0.10000000000000             2
   -0.33333333333333   -0.36363636363636    0.10000000000000             2
   -0.16666666666667   -0.36363636363636    0.10000000000000             2
    0.00000000000000   -0.27272727272727    0.10000000000000             2
    0.16666666666667   -0.27272727272727    0.10000000000000             2
    0.33333333333333   -0.27272727272727    0.10000000000000             2
    0.50000000000000   -0.27272727272727    0.10000000000000             2
   -0.33333333333333   -0.27272727272727    0.10000000000000             2
   -0.16666666666667   -0.27272727272727    0.10000000000000             2
    0.00000000000000   -0.18181818181818    0.10000000000000             2
    0.16666666666667   -0.18181818181818    0.10000000000000             2
    0.33333333333333   -0.18181818181818    0.10000000000000             2
    0.50000000000000   -0.18181818181818    0.10000000000000             2
   -0.33333333333333   -0.18181818181818    0.10000000000000             2
   -0.16666666666667   -0.18181818181818    0.10000000000000             2
    0.00000000000000   -0.09090909090909    0.10000000000000             2
    0.16666666666667   -0.09090909090909    0.10000000000000             2
    0.33333333333333   -0.09090909090909    0.10000000000000             2
    0.50000000000000   -0.09090909090909    0.10000000000000             2
   -0.33333333333333   -0.09090909090909    0.10000000000000             2
   -0.16666666666667   -0.09090909090909    0.10000000000000             2
    0.00000000000000    0.00000000000000    0.20000000000000             2
    0.16666666666667   -0.00000000000000    0.20000000000000             2
    0.33333333333333    0.00000000000000    0.20000000000000             2
    0.50000000000000    0.00000000000000    0.20000000000000             2
   -0.33333333333333    0.00000000000000    0.20000000000000             2
   -0.16666666666667    0.00000000000000    0.20000000000000             2
    0.00000000000000    0.09090909090909    0.20000000000000             2
    0.16666666666667    0.09090909090909    0.20000000000000             2
    0.33333333333333    0.09090909090909    0.20000000000000             2
    0.50000000000000    0.09090909090909    0.20000000000000             2
   -0.33333333333333    0.09090909090909    0.20000000000000             2
   -0.16666666666667    0.09090909090909    0.20000000000000             2
    0.00000000000000    0.18181818181818    0.20000000000000             2
    0.16666666666667    0.18181818181818    0.20000000000000             2
    0.33333333333333    0.18181818181818    0.20000000000000             2
    0.50000000000000    0.18181818181818    0.20000000000000             2
   -0.33333333333333    0.18181818181818    0.20000000000000             2
   -0.16666666666667    0.18181818181818    0.20000000000000             2
    0.00000000000000    0.27272727272727    0.20000000000000             2
    0.16666666666667    0.27272727272727    0.20000000000000             2
    0.33333333333333    0.27272727272727    0.20000000000000             2
    0.50000000000000    0.27272727272727    0.20000000000000             2
   -0.33333333333333    0.27272727272727    0.20000000000000             2
   -0.16666666666667    0.27272727272727    0.20000000000000             2
    0.00000000000000    0.36363636363636    0.20000000000000             2
    0.16666666666667    0.36363636363636    0.20000000000000             2
    0.33333333333333    0.36363636363636    0.20000000000000             2
    0.50000000000000    0.36363636363636    0.20000000000000             2
   -0.33333333333333    0.36363636363636    0.20000000000000             2
   -0.16666666666667    0.36363636363636    0.20000000000000             2
    0.00000000000000    0.45454545454545    0.20000000000000             2
    0.16666666666667    0.45454545454545    0.20000000000000             2
    0.33333333333333    0.45454545454545    0.20000000000000             2
    0.50000000000000    0.45454545454546    0.20000000000000             2
   -0.33333333333333    0.45454545454545    0.20000000000000             2
   -0.16666666666667    0.45454545454545    0.20000000000000             2
    0.00000000000000   -0.45454545454545    0.20000000000000             2
    0.16666666666667   -0.45454545454545    0.20000000000000             2
    0.33333333333333   -0.45454545454546    0.20000000000000             2
    0.50000000000000   -0.45454545454545    0.20000000000000             2
   -0.33333333333333   -0.45454545454545    0.20000000000000             2
   -0.16666666666667   -0.45454545454546    0.20000000000000             2
    0.00000000000000   -0.36363636363636    0.20000000000000             2
    0.16666666666667   -0.36363636363636    0.20000000000000             2
    0.33333333333333   -0.36363636363636    0.20000000000000             2
    0.50000000000000   -0.36363636363636    0.20000000000000             2
   -0.33333333333333   -0.36363636363636    0.20000000000000             2
   -0.16666666666667   -0.36363636363636    0.20000000000000             2
    0.00000000000000   -0.27272727272727    0.20000000000000             2
    0.16666666666667   -0.27272727272727    0.20000000000000             2
    0.33333333333333   -0.27272727272727    0.20000000000000             2
    0.50000000000000   -0.27272727272727    0.20000000000000             2
   -0.33333333333333   -0.27272727272727    0.20000000000000             2
   -0.16666666666667   -0.27272727272727    0.20000000000000             2
    0.00000000000000   -0.18181818181818    0.20000000000000             2
    0.16666666666667   -0.18181818181818    0.20000000000000             2
    0.33333333333333   -0.18181818181818    0.20000000000000             2
    0.50000000000000   -0.18181818181818    0.20000000000000             2
   -0.33333333333333   -0.18181818181818    0.20000000000000             2
   -0.16666666666667   -0.18181818181818    0.20000000000000             2
    0.00000000000000   -0.09090909090909    0.20000000000000             2
    0.16666666666667   -0.09090909090909    0.20000000000000             2
    0.33333333333333   -0.09090909090909    0.20000000000000             2
    0.50000000000000   -0.09090909090909    0.20000000000000             2
   -0.33333333333333   -0.09090909090909    0.20000000000000             2
   -0.16666666666667   -0.09090909090909    0.20000000000000             2
    0.00000000000000    0.00000000000000    0.30000000000000             2
    0.16666666666667   -0.00000000000000    0.30000000000000             2
    0.33333333333333    0.00000000000000    0.30000000000000             2
    0.50000000000000    0.00000000000000    0.30000000000000             2
   -0.33333333333333    0.00000000000000    0.30000000000000             2
   -0.16666666666667    0.00000000000000    0.30000000000000             2
    0.00000000000000    0.09090909090909    0.30000000000000             2
    0.16666666666667    0.09090909090909    0.30000000000000             2
    0.33333333333333    0.09090909090909    0.30000000000000             2
    0.50000000000000    0.09090909090909    0.30000000000000             2
   -0.33333333333333    0.09090909090909    0.30000000000000             2
   -0.16666666666667    0.09090909090909    0.30000000000000             2
    0.00000000000000    0.18181818181818    0.30000000000000             2
    0.16666666666667    0.18181818181818    0.30000000000000             2
    0.33333333333333    0.18181818181818    0.30000000000000             2
    0.50000000000000    0.18181818181818    0.30000000000000             2
   -0.33333333333333    0.18181818181818    0.30000000000000             2
   -0.16666666666667    0.18181818181818    0.30000000000000             2
    0.00000000000000    0.27272727272727    0.30000000000000             2
    0.16666666666667    0.27272727272727    0.30000000000000             2
    0.33333333333333    0.27272727272727    0.30000000000000             2
    0.50000000000000    0.27272727272727    0.30000000000000             2
   -0.33333333333333    0.27272727272727    0.30000000000000             2
   -0.16666666666667    0.27272727272727    0.30000000000000             2
    0.00000000000000    0.36363636363636    0.30000000000000             2
    0.16666666666667    0.36363636363636    0.30000000000000             2
    0.33333333333333    0.36363636363636    0.30000000000000             2
    0.50000000000000    0.36363636363636    0.30000000000000             2
   -0.33333333333333    0.36363636363636    0.30000000000000             2
   -0.16666666666667    0.36363636363636    0.30000000000000             2
    0.00000000000000    0.45454545454545    0.30000000000000             2
    0.16666666666667    0.45454545454545    0.30000000000000             2
    0.33333333333333    0.45454545454545    0.30000000000000             2
    0.50000000000000    0.45454545454546    0.30000000000000             2
   -0.33333333333333    0.45454545454545    0.30000000000000             2
   -0.16666666666667    0.45454545454545    0.30000000000000             2
    0.00000000000000   -0.45454545454545    0.30000000000000             2
    0.16666666666667   -0.45454545454545    0.30000000000000             2
    0.33333333333333   -0.45454545454546    0.30000000000000             2
    0.50000000000000   -0.45454545454545    0.30000000000000             2
   -0.33333333333333   -0.45454545454545    0.30000000000000             2
   -0.16666666666667   -0.45454545454546    0.30000000000000             2
    0.00000000000000   -0.36363636363636    0.30000000000000             2
    0.16666666666667   -0.36363636363636    0.30000000000000             2
    0.33333333333333   -0.36363636363636    0.30000000000000             2
    0.50000000000000   -0.36363636363636    0.30000000000000             2
   -0.33333333333333   -0.36363636363636    0.30000000000000             2
   -0.16666666666667   -0.36363636363636    0.30000000000000             2
    0.00000000000000   -0.27272727272727    0.30000000000000             2
    0.16666666666667   -0.27272727272727    0.30000000000000             2
    0.33333333333333   -0.27272727272727    0.30000000000000             2
    0.50000000000000   -0.27272727272727    0.30000000000000             2
   -0.33333333333333   -0.27272727272727    0.30000000000000             2
   -0.16666666666667   -0.27272727272727    0.30000000000000             2
    0.00000000000000   -0.18181818181818    0.30000000000000             2
    0.16666666666667   -0.18181818181818    0.30000000000000             2
    0.33333333333333   -0.18181818181818    0.30000000000000             2
    0.50000000000000   -0.18181818181818    0.30000000000000             2
   -0.33333333333333   -0.18181818181818    0.30000000000000             2
   -0.16666666666667   -0.18181818181818    0.30000000000000             2
    0.00000000000000   -0.09090909090909    0.30000000000000             2
    0.16666666666667   -0.09090909090909    0.30000000000000             2
    0.33333333333333   -0.09090909090909    0.30000000000000             2
    0.50000000000000   -0.09090909090909    0.30000000000000             2
   -0.33333333333333   -0.09090909090909    0.30000000000000             2
   -0.16666666666667   -0.09090909090909    0.30000000000000             2
    0.00000000000000    0.00000000000000    0.40000000000000             2
    0.16666666666667   -0.00000000000000    0.40000000000000             2
    0.33333333333333    0.00000000000000    0.40000000000000             2
    0.50000000000000    0.00000000000000    0.40000000000000             2
   -0.33333333333333    0.00000000000000    0.40000000000000             2
   -0.16666666666667    0.00000000000000    0.40000000000000             2
    0.00000000000000    0.09090909090909    0.40000000000000             2
    0.16666666666667    0.09090909090909    0.40000000000000             2
    0.33333333333333    0.09090909090909    0.40000000000000             2
    0.50000000000000    0.09090909090909    0.40000000000000             2
   -0.33333333333333    0.09090909090909    0.40000000000000             2
   -0.16666666666667    0.09090909090909    0.40000000000000             2
    0.00000000000000    0.18181818181818    0.40000000000000             2
    0.16666666666667    0.18181818181818    0.40000000000000             2
    0.33333333333333    0.18181818181818    0.40000000000000             2
    0.50000000000000    0.18181818181818    0.40000000000000             2
   -0.33333333333333    0.18181818181818    0.40000000000000             2
   -0.16666666666667    0.18181818181818    0.40000000000000             2
    0.00000000000000    0.27272727272727    0.40000000000000             2
    0.16666666666667    0.27272727272727    0.40000000000000             2
    0.33333333333333    0.27272727272727    0.40000000000000             2
    0.50000000000000    0.27272727272727    0.40000000000000             2
   -0.33333333333333    0.27272727272727    0.40000000000000             2
   -0.16666666666667    0.27272727272727    0.40000000000000             2
    0.00000000000000    0.36363636363636    0.40000000000000             2
    0.16666666666667    0.36363636363636    0.40000000000000             2
    0.33333333333333    0.36363636363636    0.40000000000000             2
    0.50000000000000    0.36363636363636    0.40000000000000             2
   -0.33333333333333    0.36363636363636    0.40000000000000             2
   -0.16666666666667    0.36363636363636    0.40000000000000             2
    0.00000000000000    0.45454545454545    0.40000000000000             2
    0.16666666666667    0.45454545454545    0.40000000000000             2
    0.33333333333333    0.45454545454545    0.40000000000000             2
    0.50000000000000    0.45454545454546    0.40000000000000             2
   -0.33333333333333    0.45454545454545    0.40000000000000             2
   -0.16666666666667    0.45454545454545    0.40000000000000             2
    0.00000000000000   -0.45454545454545    0.40000000000000             2
    0.16666666666667   -0.45454545454545    0.40000000000000             2
    0.33333333333333   -0.45454545454546    0.40000000000000             2
    0.50000000000000   -0.45454545454545    0.40000000000000             2
   -0.33333333333333   -0.45454545454545    0.40000000000000             2
   -0.16666666666667   -0.45454545454546    0.40000000000000             2
    0.00000000000000   -0.36363636363636    0.40000000000000             2
    0.16666666666667   -0.36363636363636    0.40000000000000             2
    0.33333333333333   -0.36363636363636    0.40000000000000             2
    0.50000000000000   -0.36363636363636    0.40000000000000             2
   -0.33333333333333   -0.36363636363636    0.40000000000000             2
   -0.16666666666667   -0.36363636363636    0.40000000000000             2
    0.00000000000000   -0.27272727272727    0.40000000000000             2
    0.16666666666667   -0.27272727272727    0.40000000000000             2
    0.33333333333333   -0.27272727272727    0.40000000000000             2
    0.50000000000000   -0.27272727272727    0.40000000000000             2
   -0.33333333333333   -0.27272727272727    0.40000000000000             2
   -0.16666666666667   -0.27272727272727    0.40000000000000             2
    0.00000000000000   -0.18181818181818    0.40000000000000             2
    0.16666666666667   -0.18181818181818    0.40000000000000             2
    0.33333333333333   -0.18181818181818    0.40000000000000             2
    0.50000000000000   -0.18181818181818    0.40000000000000             2
   -0.33333333333333   -0.18181818181818    0.40000000000000             2
   -0.16666666666667   -0.18181818181818    0.40000000000000             2
    0.00000000000000   -0.09090909090909    0.40000000000000             2
    0.16666666666667   -0.09090909090909    0.40000000000000             2
    0.33333333333333   -0.09090909090909    0.40000000000000             2
    0.50000000000000   -0.09090909090909    0.40000000000000             2
   -0.33333333333333   -0.09090909090909    0.40000000000000             2
   -0.16666666666667   -0.09090909090909    0.40000000000000             2
    0.00000000000000    0.00000000000000    0.50000000000000             1
    0.16666666666667   -0.00000000000000    0.50000000000000             2
    0.33333333333333    0.00000000000000    0.50000000000000             2
    0.50000000000000    0.00000000000000    0.50000000000000             1
    0.00000000000000    0.09090909090909    0.50000000000000             2
    0.16666666666667    0.09090909090909    0.50000000000000             2
    0.33333333333333    0.09090909090909    0.50000000000000             2
    0.50000000000000    0.09090909090909    0.50000000000000             2
   -0.33333333333333    0.09090909090909    0.50000000000000             2
   -0.16666666666667    0.09090909090909    0.50000000000000             2
    0.00000000000000    0.18181818181818    0.50000000000000             2
    0.16666666666667    0.18181818181818    0.50000000000000             2
    0.33333333333333    0.18181818181818    0.50000000000000             2
    0.50000000000000    0.18181818181818    0.50000000000000             2
   -0.33333333333333    0.18181818181818    0.50000000000000             2
   -0.16666666666667    0.18181818181818    0.50000000000000             2
    0.00000000000000    0.27272727272727    0.50000000000000             2
    0.16666666666667    0.27272727272727    0.50000000000000             2
    0.33333333333333    0.27272727272727    0.50000000000000             2
    0.50000000000000    0.27272727272727    0.50000000000000             2
   -0.33333333333333    0.27272727272727    0.50000000000000             2
   -0.16666666666667    0.27272727272727    0.50000000000000             2
    0.00000000000000    0.36363636363636    0.50000000000000             2
    0.16666666666667    0.36363636363636    0.50000000000000             2
    0.33333333333333    0.36363636363636    0.50000000000000             2
    0.50000000000000    0.36363636363636    0.50000000000000             2
   -0.33333333333333    0.36363636363636    0.50000000000000             2
   -0.16666666666667    0.36363636363636    0.50000000000000             2
    0.00000000000000    0.45454545454545    0.50000000000000             2
    0.16666666666667    0.45454545454545    0.50000000000000             2
    0.33333333333333    0.45454545454545    0.50000000000000             2
    0.50000000000000    0.45454545454546    0.50000000000000             2
   -0.33333333333333    0.45454545454545    0.50000000000000             2
   -0.16666666666667    0.45454545454545    0.50000000000000             2
Tetrahedra
      1980    0.00025252525253
         2         1         5         6        42
         2         1         2         6        42
         2         1         2        36        42
         2         1         5        41        42
         2         1        35        41        42
         2         1        35        36        42
         2         2         6         7        43
         2         2         3         7        43
         2         2         3        37        43
         2         2         6        42        43
         2         2        36        42        43
         2         2        36        37        43
         2         3         7         8        44
         2         3         4         8        44
         2         3         4        38        44
         2         3         7        43        44
         2         3        37        43        44
         2         3        37        38        44
         2         4         8         9        45
         2         3         4         9        45
         2         3         4        39        45
         2         4         8        44        45
         2         4        38        44        45
         2         4        38        39        45
         2         3         9        10        46
         2         2         3        10        46
         2         2         3        40        46
         2         3         9        45        46
         2         3        39        45        46
         2         3        39        40        46
         2         2         5        10        41
         2         1         2         5        41
         2         1         2        35        41
         2         2        10        41        46
         2         2        40        41        46
         2         2        35        40        41
         2         5        11        12        48
         2         5         6        12        48
         2         5         6        42        48
         2         5        11        47        48
         2         5        41        47        48
         2         5        41        42        48
         2         6        12        13        49
         2         6         7        13        49
         2         6         7        43        49
         2         6        12        48        49
         2         6        42        48        49
         2         6        42        43        49
         2         7        13        14        50
         2         7         8        14        50
         2         7         8        44        50
         2         7        13        49        50
         2         7        43        49        50
         2         7        43        44        50
         2         8        14        15        51
         2         8         9        15        51
         2         8         9        45        51
         2         8        14        50        51
         2         8        44        50        51
         2         8        44        45        51
         2         9        15        16        52
         2         9        10        16        52
         2         9        10        46        52
         2         9        15        51        52
         2         9        45        51        52
         2         9        45        46        52
         2        10        11        16        47
         2         5        10        11        47
         2         5        10        41        47
         2        10        16        47        52
         2        10        46        47        52
         2        10        41        46        47
         2        11        17        18        54
         2        11        12        18        54
         2        11        12        48        54
         2        11        17        53        54
         2        11        47        53        54
         2        11        47        48        54
         2        12        18        19        55
         2        12        13        19        55
         2        12        13        49        55
         2        12        18        54        55
         2        12        48        54        55
         2        12        48        49        55
         2        13        19        20        56
         2        13        14        20        56
         2        13        14        50        56
         2        13        19        55        56
         2        13        49        55        56
         2        13        49        50        56
         2        14        20        21        57
         2        14        15        21        57
         2        14        15        51        57
         2        14        20        56        57
         2        14        50        56        57
         2        14        50        51        57
         2        15        21        22        58
         2        15        16        22        58
         2        15        16        52        58
         2        15        21        57        58
         2        15        51        57        58
         2        15        51        52        58
         2        16        17        22        53
         2        11        16        17        53
         2        11        16        47        53
         2        16        22        53        58
         2        16        52        53        58
         2        16        47        52        53
         2        17        23        24        60
         2        17        18        24        60
         2        17        18        54        60
         2        17        23        59        60
         2        17        53        59        60
         2        17        53        54        60
         2        18        24        25        61
         2        18        19        25        61
         2        18        19        55        61
         2        18        24        60        61
         2        18        54        60        61
         2        18        54        55        61
         2        19        25        26        62
         2        19        20        26        62
         2        19        20        56        62
         2        19        25        61        62
         2        19        55        61        62
         2        19        55        56        62
         2        20        26        27        63
         2        20        21        27        63
         2        20        21        57        63
         2        20        26        62        63
         2        20        56        62        63
         2        20        56        57        63
         2        21        27        28        64
         2        21        22        28        64
         2        21        22        58        64
         2        21        27        63        64
         2        21        57        63        64
         2        21        57        58        64
         2        22        23        28        59
         2        17        22        23        59
         2        17        22        53        59
         2        22        28        59        64
         2        22        58        59        64
         2        22        53        58        59
         2        23        29        30        66
         2        23        24        30        66
         2        23        24        60        66
         2        23        29        65        66
         2        23        59        65        66
         2        23        59        60        66
         2        24        30        31        67
         2        24        25        31        67
         2        24        25        61        67
         2        24        30        66        67
         2        24        60        66        67
         2        24        60        61        67
         2        25        31        32        68
         2        25        26        32        68
         2        25        26        62        68
         2        25        31        67        68
         2        25        61        67        68
         2        25        61        62        68
         2        26        32        33        69
         2        26        27        33        69
         2        26        27        63        69
         2        26        32        68        69
         2        26        62        68        69
         2        26        62        63        69
         2        27        33        34        70
         2        27        28        34        70
         2        27        28        64        70
         2        27        33        69        70
         2        27        63        69        70
         2        27        63        64        70
         2        28        29        34        65
         2        23        28        29        65
         2        23        28        59        65
         2        28        34        65        70
         2        28        64        65        70
         2        28        59        64        65
         2        29        29        34        72
         2        29        30        34        72
         2        29        30        66        72
         2        29        29        71        72
         2        29        65        71        72
         2        29        65        66        72
         2        30        33        34        73
         2        30        31        33        73
         2        30        31        67        73
         2        30        34        72        73
         2        30        66        72        73
         2        30        66        67        73
         2        31        32        33        74
         2        31        32        32        74
         2        31        32        68        74
         2        31        33        73        74
         2        31        67        73        74
         2        31        67        68        74
         2        31        32        32        75
         2        31        32        33        75
         2        32        33        69        75
         2        32        32        74        75
         2        32        68        74        75
         2        32        68        69        75
         2        30        31        33        76
         2        30        33        34        76
         2        33        34        70        76
         2        31        33        75        76
         2        33        69        75        76
         2        33        69        70        76
         2        29        30        34        71
         2        29        29        34        71
         2        29        34        65        71
         2        30        34        71        76
         2        34        70        71        76
         2        34        65        70        71
         2        23        28        29        78
         2        28        29        34        78
         2        29        34        72        78
         2        23        29        77        78
         2        29        71        77        78
         2        29        71        72        78
         2        27        28        34        79
         2        27        33        34        79
         2        33        34        73        79
         2        28        34        78        79
         2        34        72        78        79
         2        34        72        73        79
         2        26        27        33        80
         2        26        32        33        80
         2        32        33        74        80
         2        27        33        79        80
         2        33        73        79        80
         2        33        73        74        80
         2        25        26        32        81
         2        25        31        32        81
         2        31        32        75        81
         2        26        32        80        81
         2        32        74        80        81
         2        32        74        75        81
         2        24        25        31        82
         2        24        30        31        82
         2        30        31        76        82
         2        25        31        81        82
         2        31        75        81        82
         2        31        75        76        82
         2        23        24        30        77
         2        23        29        30        77
         2        29        30        71        77
         2        24        30        77        82
         2        30        76        77        82
         2        30        71        76        77
         2        17        22        23        84
         2        22        23        28        84
         2        23        28        78        84
         2        17        23        83        84
         2        23        77        83        84
         2        23        77        78        84
         2        21        22        28        85
         2        21        27        28        85
         2        27        28        79        85
         2        22        28        84        85
         2        28        78        84        85
         2        28        78        79        85
         2        20        21        27        86
         2        20        26        27        86
         2        26        27        80        86
         2        21        27        85        86
         2        27        79        85        86
         2        27        79        80        86
         2        19        20        26        87
         2        19        25        26        87
         2        25        26        81        87
         2        20        26        86        87
         2        26        80        86        87
         2        26        80        81        87
         2        18        19        25        88
         2        18        24        25        88
         2        24        25        82        88
         2        19        25        87        88
         2        25        81        87        88
         2        25        81        82        88
         2        17        18        24        83
         2        17        23        24        83
         2        23        24        77        83
         2        18        24        83        88
         2        24        82        83        88
         2        24        77        82        83
         2        11        16        17        90
         2        16        17        22        90
         2        17        22        84        90
         2        11        17        89        90
         2        17        83        89        90
         2        17        83        84        90
         2        15        16        22        91
         2        15        21        22        91
         2        21        22        85        91
         2        16        22        90        91
         2        22        84        90        91
         2        22        84        85        91
         2        14        15        21        92
         2        14        20        21        92
         2        20        21        86        92
         2        15        21        91        92
         2        21        85        91        92
         2        21        85        86        92
         2        13        14        20        93
         2        13        19        20        93
         2        19        20        87        93
         2        14        20        92        93
         2        20        86        92        93
         2        20        86        87        93
         2        12        13        19        94
         2        12        18        19        94
         2        18        19        88        94
         2        13        19        93        94
         2        19        87        93        94
         2        19        87        88        94
         2        11        12        18        89
         2        11        17        18        89
         2        17        18        83        89
         2        12        18        89        94
         2        18        88        89        94
         2        18        83        88        89
         2         5        10        11        96
         2        10        11        16        96
         2        11        16        90        96
         2         5        11        95        96
         2        11        89        95        96
         2        11        89        90        96
         2         9        10        16        97
         2         9        15        16        97
         2        15        16        91        97
         2        10        16        96        97
         2        16        90        96        97
         2        16        90        91        97
         2         8         9        15        98
         2         8        14        15        98
         2        14        15        92        98
         2         9        15        97        98
         2        15        91        97        98
         2        15        91        92        98
         2         7         8        14        99
         2         7        13        14        99
         2        13        14        93        99
         2         8        14        98        99
         2        14        92        98        99
         2        14        92        93        99
         2         6         7        13       100
         2         6        12        13       100
         2        12        13        94       100
         2         7        13        99       100
         2        13        93        99       100
         2        13        93        94       100
         2         5         6        12        95
         2         5        11        12        95
         2        11        12        89        95
         2         6        12        95       100
         2        12        94        95       100
         2        12        89        94        95
         2         1         2         5        36
         2         2         5        10        36
         2         5        10        36        96
         2         1         5        35        36
         2         5        35        36        95
         2         5        36        95        96
         2         2         3        10        37
         2         3         9        10        37
         2         9        10        37        97
         2         2        10        36        37
         2        10        36        37        96
         2        10        37        96        97
         2         3         4         9        38
         2         4         8         9        38
         2         8         9        38        98
         2         3         9        37        38
         2         9        37        38        97
         2         9        38        97        98
         2         3         4         8        39
         2         3         7         8        39
         2         7         8        39        99
         2         4         8        38        39
         2         8        38        39        98
         2         8        39        98        99
         2         2         3         7        40
         2         2         6         7        40
         2         6         7        40       100
         2         3         7        39        40
         2         7        39        40        99
         2         7        40        99       100
         2         1         2         6        35
         2         1         5         6        35
         2         5         6        35        95
         2         2         6        35        40
         2         6        35        40       100
         2         6        35        95       100
         2        35        41        42       108
         2        35        36        42       108
         2        35        36       102       108
         2        35        41       107       108
         2        35       101       107       108
         2        35       101       102       108
         2        36        42        43       109
         2        36        37        43       109
         2        36        37       103       109
         2        36        42       108       109
         2        36       102       108       109
         2        36       102       103       109
         2        37        43        44       110
         2        37        38        44       110
         2        37        38       104       110
         2        37        43       109       110
         2        37       103       109       110
         2        37       103       104       110
         2        38        44        45       111
         2        38        39        45       111
         2        38        39       105       111
         2        38        44       110       111
         2        38       104       110       111
         2        38       104       105       111
         2        39        45        46       112
         2        39        40        46       112
         2        39        40       106       112
         2        39        45       111       112
         2        39       105       111       112
         2        39       105       106       112
         2        40        41        46       107
         2        35        40        41       107
         2        35        40       101       107
         2        40        46       107       112
         2        40       106       107       112
         2        40       101       106       107
         2        41        47        48       114
         2        41        42        48       114
         2        41        42       108       114
         2        41        47       113       114
         2        41       107       113       114
         2        41       107       108       114
         2        42        48        49       115
         2        42        43        49       115
         2        42        43       109       115
         2        42        48       114       115
         2        42       108       114       115
         2        42       108       109       115
         2        43        49        50       116
         2        43        44        50       116
         2        43        44       110       116
         2        43        49       115       116
         2        43       109       115       116
         2        43       109       110       116
         2        44        50        51       117
         2        44        45        51       117
         2        44        45       111       117
         2        44        50       116       117
         2        44       110       116       117
         2        44       110       111       117
         2        45        51        52       118
         2        45        46        52       118
         2        45        46       112       118
         2        45        51       117       118
         2        45       111       117       118
         2        45       111       112       118
         2        46        47        52       113
         2        41        46        47       113
         2        41        46       107       113
         2        46        52       113       118
         2        46       112       113       118
         2        46       107       112       113
         2        47        53        54       120
         2        47        48        54       120
         2        47        48       114       120
         2        47        53       119       120
         2        47       113       119       120
         2        47       113       114       120
         2        48        54        55       121
         2        48        49        55       121
         2        48        49       115       121
         2        48        54       120       121
         2        48       114       120       121
         2        48       114       115       121
         2        49        55        56       122
         2        49        50        56       122
         2        49        50       116       122
         2        49        55       121       122
         2        49       115       121       122
         2        49       115       116       122
         2        50        56        57       123
         2        50        51        57       123
         2        50        51       117       123
         2        50        56       122       123
         2        50       116       122       123
         2        50       116       117       123
         2        51        57        58       124
         2        51        52        58       124
         2        51        52       118       124
         2        51        57       123       124
         2        51       117       123       124
         2        51       117       118       124
         2        52        53        58       119
         2        47        52        53       119
         2        47        52       113       119
         2        52        58       119       124
         2        52       118       119       124
         2        52       113       118       119
         2        53        59        60       126
         2        53        54        60       126
         2        53        54       120       126
         2        53        59       125       126
         2        53       119       125       126
         2        53       119       120       126
         2        54        60        61       127
         2        54        55        61       127
         2        54        55       121       127
         2        54        60       126       127
         2        54       120       126       127
         2        54       120       121       127
         2        55        61        62       128
         2        55        56        62       128
         2        55        56       122       128
         2        55        61       127       128
         2        55       121       127       128
         2        55       121       122       128
         2        56        62        63       129
         2        56        57        63       129
         2        56        57       123       129
         2        56        62       128       129
         2        56       122       128       129
         2        56       122       123       129
         2        57        63        64       130
         2        57        58        64       130
         2        57        58       124       130
         2        57        63       129       130
         2        57       123       129       130
         2        57       123       124       130
         2        58        59        64       125
         2        53        58        59       125
         2        53        58       119       125
         2        58        64       125       130
         2        58       124       125       130
         2        58       119       124       125
         2        59        65        66       132
         2        59        60        66       132
         2        59        60       126       132
         2        59        65       131       132
         2        59       125       131       132
         2        59       125       126       132
         2        60        66        67       133
         2        60        61        67       133
         2        60        61       127       133
         2        60        66       132       133
         2        60       126       132       133
         2        60       126       127       133
         2        61        67        68       134
         2        61        62        68       134
         2        61        62       128       134
         2        61        67       133       134
         2        61       127       133       134
         2        61       127       128       134
         2        62        68        69       135
         2        62        63        69       135
         2        62        63       129       135
         2        62        68       134       135
         2        62       128       134       135
         2        62       128       129       135
         2        63        69        70       136
         2        63        64        70       136
         2        63        64       130       136
         2        63        69       135       136
         2        63       129       135       136
         2        63       129       130       136
         2        64        65        70       131
         2        59        64        65       131
         2        59        64       125       131
         2        64        70       131       136
         2        64       130       131       136
         2        64       125       130       131
         2        65        71        72       138
         2        65        66        72       138
         2        65        66       132       138
         2        65        71       137       138
         2        65       131       137       138
         2        65       131       132       138
         2        66        72        73       139
         2        66        67        73       139
         2        66        67       133       139
         2        66        72       138       139
         2        66       132       138       139
         2        66       132       133       139
         2        67        73        74       140
         2        67        68        74       140
         2        67        68       134       140
         2        67        73       139       140
         2        67       133       139       140
         2        67       133       134       140
         2        68        74        75       141
         2        68        69        75       141
         2        68        69       135       141
         2        68        74       140       141
         2        68       134       140       141
         2        68       134       135       141
         2        69        75        76       142
         2        69        70        76       142
         2        69        70       136       142
         2        69        75       141       142
         2        69       135       141       142
         2        69       135       136       142
         2        70        71        76       137
         2        65        70        71       137
         2        65        70       131       137
         2        70        76       137       142
         2        70       136       137       142
         2        70       131       136       137
         2        71        77        78       144
         2        71        72        78       144
         2        71        72       138       144
         2        71        77       143       144
         2        71       137       143       144
         2        71       137       138       144
         2        72        78        79       145
         2        72        73        79       145
         2        72        73       139       145
         2        72        78       144       145
         2        72       138       144       145
         2        72       138       139       145
         2        73        79        80       146
         2        73        74        80       146
         2        73        74       140       146
         2        73        79       145       146
         2        73       139       145       146
         2        73       139       140       146
         2        74        80        81       147
         2        74        75        81       147
         2        74        75       141       147
         2        74        80       146       147
         2        74       140       146       147
         2        74       140       141       147
         2        75        81        82       148
         2        75        76        82       148
         2        75        76       142       148
         2        75        81       147       148
         2        75       141       147       148
         2        75       141       142       148
         2        76        77        82       143
         2        71        76        77       143
         2        71        76       137       143
         2        76        82       143       148
         2        76       142       143       148
         2        76       137       142       143
         2        77        83        84       150
         2        77        78        84       150
         2        77        78       144       150
         2        77        83       149       150
         2        77       143       149       150
         2        77       143       144       150
         2        78        84        85       151
         2        78        79        85       151
         2        78        79       145       151
         2        78        84       150       151
         2        78       144       150       151
         2        78       144       145       151
         2        79        85        86       152
         2        79        80        86       152
         2        79        80       146       152
         2        79        85       151       152
         2        79       145       151       152
         2        79       145       146       152
         2        80        86        87       153
         2        80        81        87       153
         2        80        81       147       153
         2        80        86       152       153
         2        80       146       152       153
         2        80       146       147       153
         2        81        87        88       154
         2        81        82        88       154
         2        81        82       148       154
         2        81        87       153       154
         2        81       147       153       154
         2        81       147       148       154
         2        82        83        88       149
         2        77        82        83       149
         2        77        82       143       149
         2        82        88       149       154
         2        82       148       149       154
         2        82       143       148       149
         2        83        89        90       156
         2        83        84        90       156
         2        83        84       150       156
         2        83        89       155       156
         2        83       149       155       156
         2        83       149       150       156
         2        84        90        91       157
         2        84        85        91       157
         2        84        85       151       157
         2        84        90       156       157
         2        84       150       156       157
         2        84       150       151       157
         2        85        91        92       158
         2        85        86        92       158
         2        85        86       152       158
         2        85        91       157       158
         2        85       151       157       158
         2        85       151       152       158
         2        86        92        93       159
         2        86        87        93       159
         2        86        87       153       159
         2        86        92       158       159
         2        86       152       158       159
         2        86       152       153       159
         2        87        93        94       160
         2        87        88        94       160
         2        87        88       154       160
         2        87        93       159       160
         2        87       153       159       160
         2        87       153       154       160
         2        88        89        94       155
         2        83        88        89       155
         2        83        88       149       155
         2        88        94       155       160
         2        88       154       155       160
         2        88       149       154       155
         2        89        95        96       162
         2        89        90        96       162
         2        89        90       156       162
         2        89        95       161       162
         2        89       155       161       162
         2        89       155       156       162
         2        90        96        97       163
         2        90        91        97       163
         2        90        91       157       163
         2        90        96       162       163
         2        90       156       162       163
         2        90       156       157       163
         2        91        97        98       164
         2        91        92        98       164
         2        91        92       158       164
         2        91        97       163       164
         2        91       157       163       164
         2        91       157       158       164
         2        92        98        99       165
         2        92        93        99       165
         2        92        93       159       165
         2        92        98       164       165
         2        92       158       164       165
         2        92       158       159       165
         2        93        99       100       166
         2        93        94       100       166
         2        93        94       160       166
         2        93        99       165       166
         2        93       159       165       166
         2        93       159       160       166
         2        94        95       100       161
         2        89        94        95       161
         2        89        94       155       161
         2        94       100       161       166
         2        94       160       161       166
         2        94       155       160       161
         2        35        36        95       102
         2        36        95        96       102
         2        95        96       102       162
         2        35        95       101       102
         2        95       101       102       161
         2        95       102       161       162
         2        36        37        96       103
         2        37        96        97       103
         2        96        97       103       163
         2        36        96       102       103
         2        96       102       103       162
         2        96       103       162       163
         2        37        38        97       104
         2        38        97        98       104
         2        97        98       104       164
         2        37        97       103       104
         2        97       103       104       163
         2        97       104       163       164
         2        38        39        98       105
         2        39        98        99       105
         2        98        99       105       165
         2        38        98       104       105
         2        98       104       105       164
         2        98       105       164       165
         2        39        40        99       106
         2        40        99       100       106
         2        99       100       106       166
         2        39        99       105       106
         2        99       105       106       165
         2        99       106       165       166
         2        35        40       100       101
         2        35        95       100       101
         2        95       100       101       161
         2        40       100       101       106
         2       100       101       106       166
         2       100       101       161       166
         2       101       107       108       174
         2       101       102       108       174
         2       101       102       168       174
         2       101       107       173       174
         2       101       167       173       174
         2       101       167       168       174
         2       102       108       109       175
         2       102       103       109       175
         2       102       103       169       175
         2       102       108       174       175
         2       102       168       174       175
         2       102       168       169       175
         2       103       109       110       176
         2       103       104       110       176
         2       103       104       170       176
         2       103       109       175       176
         2       103       169       175       176
         2       103       169       170       176
         2       104       110       111       177
         2       104       105       111       177
         2       104       105       171       177
         2       104       110       176       177
         2       104       170       176       177
         2       104       170       171       177
         2       105       111       112       178
         2       105       106       112       178
         2       105       106       172       178
         2       105       111       177       178
         2       105       171       177       178
         2       105       171       172       178
         2       106       107       112       173
         2       101       106       107       173
         2       101       106       167       173
         2       106       112       173       178
         2       106       172       173       178
         2       106       167       172       173
         2       107       113       114       180
         2       107       108       114       180
         2       107       108       174       180
         2       107       113       179       180
         2       107       173       179       180
         2       107       173       174       180
         2       108       114       115       181
         2       108       109       115       181
         2       108       109       175       181
         2       108       114       180       181
         2       108       174       180       181
         2       108       174       175       181
         2       109       115       116       182
         2       109       110       116       182
         2       109       110       176       182
         2       109       115       181       182
         2       109       175       181       182
         2       109       175       176       182
         2       110       116       117       183
         2       110       111       117       183
         2       110       111       177       183
         2       110       116       182       183
         2       110       176       182       183
         2       110       176       177       183
         2       111       117       118       184
         2       111       112       118       184
         2       111       112       178       184
         2       111       117       183       184
         2       111       177       183       184
         2       111       177       178       184
         2       112       113       118       179
         2       107       112       113       179
         2       107       112       173       179
         2       112       118       179       184
         2       112       178       179       184
         2       112       173       178       179
         2       113       119       120       186
         2       113       114       120       186
         2       113       114       180       186
         2       113       119       185       186
         2       113       179       185       186
         2       113       179       180       186
         2       114       120       121       187
         2       114       115       121       187
         2       114       115       181       187
         2       114       120       186       187
         2       114       180       186       187
         2       114       180       181       187
         2       115       121       122       188
         2       115       116       122       188
         2       115       116       182       188
         2       115       121       187       188
         2       115       181       187       188
         2       115       181       182       188
         2       116       122       123       189
         2       116       117       123       189
         2       116       117       183       189
         2       116       122       188       189
         2       116       182       188       189
         2       116       182       183       189
         2       117       123       124       190
         2       117       118       124       190
         2       117       118       184       190
         2       117       123       189       190
         2       117       183       189       190
         2       117       183       184       190
         2       118       119       124       185
         2       113       118       119       185
         2       113       118       179       185
         2       118       124       185       190
         2       118       184       185       190
         2       118       179       184       185
         2       119       125       126       192
         2       119       120       126       192
         2       119       120       186       192
         2       119       125       191       192
         2       119       185       191       192
         2       119       185       186       192
         2       120       126       127       193
         2       120       121       127       193
         2       120       121       187       193
         2       120       126       192       193
         2       120       186       192       193
         2       120       186       187       193
         2       121       127       128       194
         2       121       122       128       194
         2       121       122       188       194
         2       121       127       193       194
         2       121       187       193       194
         2       121       187       188       194
         2       122       128       129       195
         2       122       123       129       195
         2       122       123       189       195
         2       122       128       194       195
         2       122       188       194       195
         2       122       188       189       195
         2       123       129       130       196
         2       123       124       130       196
         2       123       124       190       196
         2       123       129       195       196
         2       123       189       195       196
         2       123       189       190       196
         2       124       125       130       191
         2       119       124       125       191
         2       119       124       185       191
         2       124       130       191       196
         2       124       190       191       196
         2       124       185       190       191
         2       125       131       132       198
         2       125       126       132       198
         2       125       126       192       198
         2       125       131       197       198
         2       125       191       197       198
         2       125       191       192       198
         2       126       132       133       199
         2       126       127       133       199
         2       126       127       193       199
         2       126       132       198       199
         2       126       192       198       199
         2       126       192       193       199
         2       127       133       134       200
         2       127       128       134       200
         2       127       128       194       200
         2       127       133       199       200
         2       127       193       199       200
         2       127       193       194       200
         2       128       134       135       201
         2       128       129       135       201
         2       128       129       195       201
         2       128       134       200       201
         2       128       194       200       201
         2       128       194       195       201
         2       129       135       136       202
         2       129       130       136       202
         2       129       130       196       202
         2       129       135       201       202
         2       129       195       201       202
         2       129       195       196       202
         2       130       131       136       197
         2       125       130       131       197
         2       125       130       191       197
         2       130       136       197       202
         2       130       196       197       202
         2       130       191       196       197
         2       131       137       138       204
         2       131       132       138       204
         2       131       132       198       204
         2       131       137       203       204
         2       131       197       203       204
         2       131       197       198       204
         2       132       138       139       205
         2       132       133       139       205
         2       132       133       199       205
         2       132       138       204       205
         2       132       198       204       205
         2       132       198       199       205
         2       133       139       140       206
         2       133       134       140       206
         2       133       134       200       206
         2       133       139       205       206
         2       133       199       205       206
         2       133       199       200       206
         2       134       140       141       207
         2       134       135       141       207
         2       134       135       201       207
         2       134       140       206       207
         2       134       200       206       207
         2       134       200       201       207
         2       135       141       142       208
         2       135       136       142       208
         2       135       136       202       208
         2       135       141       207       208
         2       135       201       207       208
         2       135       201       202       208
         2       136       137       142       203
         2       131       136       137       203
         2       131       136       197       203
         2       136       142       203       208
         2       136       202       203       208
         2       136       197       202       203
         2       137       143       144       210
         2       137       138       144       210
         2       137       138       204       210
         2       137       143       209       210
         2       137       203       209       210
         2       137       203       204       210
         2       138       144       145       211
         2       138       139       145       211
         2       138       139       205       211
         2       138       144       210       211
         2       138       204       210       211
         2       138       204       205       211
         2       139       145       146       212
         2       139       140       146       212
         2       139       140       206       212
         2       139       145       211       212
         2       139       205       211       212
         2       139       205       206       212
         2       140       146       147       213
         2       140       141       147       213
         2       140       141       207       213
         2       140       146       212       213
         2       140       206       212       213
         2       140       206       207       213
         2       141       147       148       214
         2       141       142       148       214
         2       141       142       208       214
         2       141       147       213       214
         2       141       207       213       214
         2       141       207       208       214
         2       142       143       148       209
         2       137       142       143       209
         2       137       142       203       209
         2       142       148       209       214
         2       142       208       209       214
         2       142       203       208       209
         2       143       149       150       216
         2       143       144       150       216
         2       143       144       210       216
         2       143       149       215       216
         2       143       209       215       216
         2       143       209       210       216
         2       144       150       151       217
         2       144       145       151       217
         2       144       145       211       217
         2       144       150       216       217
         2       144       210       216       217
         2       144       210       211       217
         2       145       151       152       218
         2       145       146       152       218
         2       145       146       212       218
         2       145       151       217       218
         2       145       211       217       218
         2       145       211       212       218
         2       146       152       153       219
         2       146       147       153       219
         2       146       147       213       219
         2       146       152       218       219
         2       146       212       218       219
         2       146       212       213       219
         2       147       153       154       220
         2       147       148       154       220
         2       147       148       214       220
         2       147       153       219       220
         2       147       213       219       220
         2       147       213       214       220
         2       148       149       154       215
         2       143       148       149       215
         2       143       148       209       215
         2       148       154       215       220
         2       148       214       215       220
         2       148       209       214       215
         2       149       155       156       222
         2       149       150       156       222
         2       149       150       216       222
         2       149       155       221       222
         2       149       215       221       222
         2       149       215       216       222
         2       150       156       157       223
         2       150       151       157       223
         2       150       151       217       223
         2       150       156       222       223
         2       150       216       222       223
         2       150       216       217       223
         2       151       157       158       224
         2       151       152       158       224
         2       151       152       218       224
         2       151       157       223       224
         2       151       217       223       224
         2       151       217       218       224
         2       152       158       159       225
         2       152       153       159       225
         2       152       153       219       225
         2       152       158       224       225
         2       152       218       224       225
         2       152       218       219       225
         2       153       159       160       226
         2       153       154       160       226
         2       153       154       220       226
         2       153       159       225       226
         2       153       219       225       226
         2       153       219       220       226
         2       154       155       160       221
         2       149       154       155       221
         2       149       154       215       221
         2       154       160       221       226
         2       154       220       221       226
         2       154       215       220       221
         2       155       161       162       228
         2       155       156       162       228
         2       155       156       222       228
         2       155       161       227       228
         2       155       221       227       228
         2       155       221       222       228
         2       156       162       163       229
         2       156       157       163       229
         2       156       157       223       229
         2       156       162       228       229
         2       156       222       228       229
         2       156       222       223       229
         2       157       163       164       230
         2       157       158       164       230
         2       157       158       224       230
         2       157       163       229       230
         2       157       223       229       230
         2       157       223       224       230
         2       158       164       165       231
         2       158       159       165       231
         2       158       159       225       231
         2       158       164       230       231
         2       158       224       230       231
         2       158       224       225       231
         2       159       165       166       232
         2       159       160       166       232
         2       159       160       226       232
         2       159       165       231       232
         2       159       225       231       232
         2       159       225       226       232
         2       160       161       166       227
         2       155       160       161       227
         2       155       160       221       227
         2       160       166       227       232
         2       160       226       227       232
         2       160       221       226       227
         2       101       102       161       168
         2       102       161       162       168
         2       161       162       168       228
         2       101       161       167       168
         2       161       167       168       227
         2       161       168       227       228
         2       102       103       162       169
         2       103       162       163       169
         2       162       163       169       229
         2       102       162       168       169
         2       162       168       169       228
         2       162       169       228       229
         2       103       104       163       170
         2       104       163       164       170
         2       163       164       170       230
         2       103       163       169       170
         2       163       169       170       229
         2       163       170       229       230
         2       104       105       164       171
         2       105       164       165       171
         2       164       165       171       231
         2       104       164       170       171
         2       164       170       171       230
         2       164       171       230       231
         2       105       106       165       172
         2       106       165       166       172
         2       165       166       172       232
         2       105       165       171       172
         2       165       171       172       231
         2       165       172       231       232
         2       101       106       166       167
         2       101       161       166       167
         2       161       166       167       227
         2       106       166       167       172
         2       166       167       172       232
         2       166       167       227       232
         2       167       173       174       240
         2       167       168       174       240
         2       167       168       234       240
         2       167       173       239       240
         2       167       233       239       240
         2       167       233       234       240
         2       168       174       175       241
         2       168       169       175       241
         2       168       169       235       241
         2       168       174       240       241
         2       168       234       240       241
         2       168       234       235       241
         2       169       175       176       242
         2       169       170       176       242
         2       169       170       236       242
         2       169       175       241       242
         2       169       235       241       242
         2       169       235       236       242
         2       170       176       177       243
         2       170       171       177       243
         2       170       171       237       243
         2       170       176       242       243
         2       170       236       242       243
         2       170       236       237       243
         2       171       177       178       244
         2       171       172       178       244
         2       171       172       238       244
         2       171       177       243       244
         2       171       237       243       244
         2       171       237       238       244
         2       172       173       178       239
         2       167       172       173       239
         2       167       172       233       239
         2       172       178       239       244
         2       172       238       239       244
         2       172       233       238       239
         2       173       179       180       246
         2       173       174       180       246
         2       173       174       240       246
         2       173       179       245       246
         2       173       239       245       246
         2       173       239       240       246
         2       174       180       181       247
         2       174       175       181       247
         2       174       175       241       247
         2       174       180       246       247
         2       174       240       246       247
         2       174       240       241       247
         2       175       181       182       248
         2       175       176       182       248
         2       175       176       242       248
         2       175       181       247       248
         2       175       241       247       248
         2       175       241       242       248
         2       176       182       183       249
         2       176       177       183       249
         2       176       177       243       249
         2       176       182       248       249
         2       176       242       248       249
         2       176       242       243       249
         2       177       183       184       250
         2       177       178       184       250
         2       177       178       244       250
         2       177       183       249       250
         2       177       243       249       250
         2       177       243       244       250
         2       178       179       184       245
         2       173       178       179       245
         2       173       178       239       245
         2       178       184       245       250
         2       178       244       245       250
         2       178       239       244       245
         2       179       185       186       252
         2       179       180       186       252
         2       179       180       246       252
         2       179       185       251       252
         2       179       245       251       252
         2       179       245       246       252
         2       180       186       187       253
         2       180       181       187       253
         2       180       181       247       253
         2       180       186       252       253
         2       180       246       252       253
         2       180       246       247       253
         2       181       187       188       254
         2       181       182       188       254
         2       181       182       248       254
         2       181       187       253       254
         2       181       247       253       254
         2       181       247       248       254
         2       182       188       189       255
         2       182       183       189       255
         2       182       183       249       255
         2       182       188       254       255
         2       182       248       254       255
         2       182       248       249       255
         2       183       189       190       256
         2       183       184       190       256
         2       183       184       250       256
         2       183       189       255       256
         2       183       249       255       256
         2       183       249       250       256
         2       184       185       190       251
         2       179       184       185       251
         2       179       184       245       251
         2       184       190       251       256
         2       184       250       251       256
         2       184       245       250       251
         2       185       191       192       258
         2       185       186       192       258
         2       185       186       252       258
         2       185       191       257       258
         2       185       251       257       258
         2       185       251       252       258
         2       186       192       193       259
         2       186       187       193       259
         2       186       187       253       259
         2       186       192       258       259
         2       186       252       258       259
         2       186       252       253       259
         2       187       193       194       260
         2       187       188       194       260
         2       187       188       254       260
         2       187       193       259       260
         2       187       253       259       260
         2       187       253       254       260
         2       188       194       195       261
         2       188       189       195       261
         2       188       189       255       261
         2       188       194       260       261
         2       188       254       260       261
         2       188       254       255       261
         2       189       195       196       262
         2       189       190       196       262
         2       189       190       256       262
         2       189       195       261       262
         2       189       255       261       262
         2       189       255       256       262
         2       190       191       196       257
         2       185       190       191       257
         2       185       190       251       257
         2       190       196       257       262
         2       190       256       257       262
         2       190       251       256       257
         2       191       197       198       264
         2       191       192       198       264
         2       191       192       258       264
         2       191       197       263       264
         2       191       257       263       264
         2       191       257       258       264
         2       192       198       199       265
         2       192       193       199       265
         2       192       193       259       265
         2       192       198       264       265
         2       192       258       264       265
         2       192       258       259       265
         2       193       199       200       266
         2       193       194       200       266
         2       193       194       260       266
         2       193       199       265       266
         2       193       259       265       266
         2       193       259       260       266
         2       194       200       201       267
         2       194       195       201       267
         2       194       195       261       267
         2       194       200       266       267
         2       194       260       266       267
         2       194       260       261       267
         2       195       201       202       268
         2       195       196       202       268
         2       195       196       262       268
         2       195       201       267       268
         2       195       261       267       268
         2       195       261       262       268
         2       196       197       202       263
         2       191       196       197       263
         2       191       196       257       263
         2       196       202       263       268
         2       196       262       263       268
         2       196       257       262       263
         2       197       203       204       270
         2       197       198       204       270
         2       197       198       264       270
         2       197       203       269       270
         2       197       263       269       270
         2       197       263       264       270
         2       198       204       205       271
         2       198       199       205       271
         2       198       199       265       271
         2       198       204       270       271
         2       198       264       270       271
         2       198       264       265       271
         2       199       205       206       272
         2       199       200       206       272
         2       199       200       266       272
         2       199       205       271       272
         2       199       265       271       272
         2       199       265       266       272
         2       200       206       207       273
         2       200       201       207       273
         2       200       201       267       273
         2       200       206       272       273
         2       200       266       272       273
         2       200       266       267       273
         2       201       207       208       274
         2       201       202       208       274
         2       201       202       268       274
         2       201       207       273       274
         2       201       267       273       274
         2       201       267       268       274
         2       202       203       208       269
         2       197       202       203       269
         2       197       202       263       269
         2       202       208       269       274
         2       202       268       269       274
         2       202       263       268       269
         2       203       209       210       276
         2       203       204       210       276
         2       203       204       270       276
         2       203       209       275       276
         2       203       269       275       276
         2       203       269       270       276
         2       204       210       211       277
         2       204       205       211       277
         2       204       205       271       277
         2       204       210       276       277
         2       204       270       276       277
         2       204       270       271       277
         2       205       211       212       278
         2       205       206       212       278
         2       205       206       272       278
         2       205       211       277       278
         2       205       271       277       278
         2       205       271       272       278
         2       206       212       213       279
         2       206       207       213       279
         2       206       207       273       279
         2       206       212       278       279
         2       206       272       278       279
         2       206       272       273       279
         2       207       213       214       280
         2       207       208       214       280
         2       207       208       274       280
         2       207       213       279       280
         2       207       273       279       280
         2       207       273       274       280
         2       208       209       214       275
         2       203       208       209       275
         2       203       208       269       275
         2       208       214       275       280
         2       208       274       275       280
         2       208       269       274       275
         2       209       215       216       282
         2       209       210       216       282
         2       209       210       276       282
         2       209       215       281       282
         2       209       275       281       282
         2       209       275       276       282
         2       210       216       217       283
         2       210       211       217       283
         2       210       211       277       283
         2       210       216       282       283
         2       210       276       282       283
         2       210       276       277       283
         2       211       217       218       284
         2       211       212       218       284
         2       211       212       278       284
         2       211       217       283       284
         2       211       277       283       284
         2       211       277       278       284
         2       212       218       219       285
         2       212       213       219       285
         2       212       213       279       285
         2       212       218       284       285
         2       212       278       284       285
         2       212       278       279       285
         2       213       219       220       286
         2       213       214       220       286
         2       213       214       280       286
         2       213       219       285       286
         2       213       279       285       286
         2       213       279       280       286
         2       214       215       220       281
         2       209       214       215       281
         2       209       214       275       281
         2       214       220       281       286
         2       214       280       281       286
         2       214       275       280       281
         2       215       221       222       288
         2       215       216       222       288
         2       215       216       282       288
         2       215       221       287       288
         2       215       281       287       288
         2       215       281       282       288
         2       216       222       223       289
         2       216       217       223       289
         2       216       217       283       289
         2       216       222       288       289
         2       216       282       288       289
         2       216       282       283       289
         2       217       223       224       290
         2       217       218       224       290
         2       217       218       284       290
         2       217       223       289       290
         2       217       283       289       290
         2       217       283       284       290
         2       218       224       225       291
         2       218       219       225       291
         2       218       219       285       291
         2       218       224       290       291
         2       218       284       290       291
         2       218       284       285       291
         2       219       225       226       292
         2       219       220       226       292
         2       219       220       286       292
         2       219       225       291       292
         2       219       285       291       292
         2       219       285       286       292
         2       220       221       226       287
         2       215       220       221       287
         2       215       220       281       287
         2       220       226       287       292
         2       220       286       287       292
         2       220       281       286       287
         2       221       227       228       294
         2       221       222       228       294
         2       221       222       288       294
         2       221       227       293       294
         2       221       287       293       294
         2       221       287       288       294
         2       222       228       229       295
         2       222       223       229       295
         2       222       223       289       295
         2       222       228       294       295
         2       222       288       294       295
         2       222       288       289       295
         2       223       229       230       296
         2       223       224       230       296
         2       223       224       290       296
         2       223       229       295       296
         2       223       289       295       296
         2       223       289       290       296
         2       224       230       231       297
         2       224       225       231       297
         2       224       225       291       297
         2       224       230       296       297
         2       224       290       296       297
         2       224       290       291       297
         2       225       231       232       298
         2       225       226       232       298
         2       225       226       292       298
         2       225       231       297       298
         2       225       291       297       298
         2       225       291       292       298
         2       226       227       232       293
         2       221       226       227       293
         2       221       226       287       293
         2       226       232       293       298
         2       226       292       293       298
         2       226       287       292       293
         2       167       168       227       234
         2       168       227       228       234
         2       227       228       234       294
         2       167       227       233       234
         2       227       233       234       293
         2       227       234       293       294
         2       168       169       228       235
         2       169       228       229       235
         2       228       229       235       295
         2       168       228       234       235
         2       228       234       235       294
         2       228       235       294       295
         2       169       170       229       236
         2       170       229       230       236
         2       229       230       236       296
         2       169       229       235       236
         2       229       235       236       295
         2       229       236       295       296
         2       170       171       230       237
         2       171       230       231       237
         2       230       231       237       297
         2       170       230       236       237
         2       230       236       237       296
         2       230       237       296       297
         2       171       172       231       238
         2       172       231       232       238
         2       231       232       238       298
         2       171       231       237       238
         2       231       237       238       297
         2       231       238       297       298
         2       167       172       232       233
         2       167       227       232       233
         2       227       232       233       293
         2       172       232       233       238
         2       232       233       238       298
         2       232       233       293       298
         2       233       239       240       304
         2       233       234       240       304
         2       233       234       300       304
         2       233       239       303       304
         2       233       299       303       304
         2       233       299       300       304
         2       234       240       241       305
         2       234       235       241       305
         2       234       235       301       305
         2       234       240       304       305
         2       234       300       304       305
         2       234       300       301       305
         2       235       241       242       306
         2       235       236       242       306
         2       235       236       302       306
         2       235       241       305       306
         2       235       301       305       306
         2       235       301       302       306
         2       236       242       243       307
         2       236       237       243       307
         2       236       237       301       307
         2       236       242       306       307
         2       236       302       306       307
         2       236       301       302       307
         2       237       243       244       308
         2       237       238       244       308
         2       237       238       300       308
         2       237       243       307       308
         2       237       301       307       308
         2       237       300       301       308
         2       238       239       244       303
         2       233       238       239       303
         2       233       238       299       303
         2       238       244       303       308
         2       238       300       303       308
         2       238       299       300       303
         2       239       245       246       310
         2       239       240       246       310
         2       239       240       304       310
         2       239       245       309       310
         2       239       303       309       310
         2       239       303       304       310
         2       240       246       247       311
         2       240       241       247       311
         2       240       241       305       311
         2       240       246       310       311
         2       240       304       310       311
         2       240       304       305       311
         2       241       247       248       312
         2       241       242       248       312
         2       241       242       306       312
         2       241       247       311       312
         2       241       305       311       312
         2       241       305       306       312
         2       242       248       249       313
         2       242       243       249       313
         2       242       243       307       313
         2       242       248       312       313
         2       242       306       312       313
         2       242       306       307       313
         2       243       249       250       314
         2       243       244       250       314
         2       243       244       308       314
         2       243       249       313       314
         2       243       307       313       314
         2       243       307       308       314
         2       244       245       250       309
         2       239       244       245       309
         2       239       244       303       309
         2       244       250       309       314
         2       244       308       309       314
         2       244       303       308       309
         2       245       251       252       316
         2       245       246       252       316
         2       245       246       310       316
         2       245       251       315       316
         2       245       309       315       316
         2       245       309       310       316
         2       246       252       253       317
         2       246       247       253       317
         2       246       247       311       317
         2       246       252       316       317
         2       246       310       316       317
         2       246       310       311       317
         2       247       253       254       318
         2       247       248       254       318
         2       247       248       312       318
         2       247       253       317       318
         2       247       311       317       318
         2       247       311       312       318
         2       248       254       255       319
         2       248       249       255       319
         2       248       249       313       319
         2       248       254       318       319
         2       248       312       318       319
         2       248       312       313       319
         2       249       255       256       320
         2       249       250       256       320
         2       249       250       314       320
         2       249       255       319       320
         2       249       313       319       320
         2       249       313       314       320
         2       250       251       256       315
         2       245       250       251       315
         2       245       250       309       315
         2       250       256       315       320
         2       250       314       315       320
         2       250       309       314       315
         2       251       257       258       322
         2       251       252       258       322
         2       251       252       316       322
         2       251       257       321       322
         2       251       315       321       322
         2       251       315       316       322
         2       252       258       259       323
         2       252       253       259       323
         2       252       253       317       323
         2       252       258       322       323
         2       252       316       322       323
         2       252       316       317       323
         2       253       259       260       324
         2       253       254       260       324
         2       253       254       318       324
         2       253       259       323       324
         2       253       317       323       324
         2       253       317       318       324
         2       254       260       261       325
         2       254       255       261       325
         2       254       255       319       325
         2       254       260       324       325
         2       254       318       324       325
         2       254       318       319       325
         2       255       261       262       326
         2       255       256       262       326
         2       255       256       320       326
         2       255       261       325       326
         2       255       319       325       326
         2       255       319       320       326
         2       256       257       262       321
         2       251       256       257       321
         2       251       256       315       321
         2       256       262       321       326
         2       256       320       321       326
         2       256       315       320       321
         2       257       263       264       328
         2       257       258       264       328
         2       257       258       322       328
         2       257       263       327       328
         2       257       321       327       328
         2       257       321       322       328
         2       258       264       265       329
         2       258       259       265       329
         2       258       259       323       329
         2       258       264       328       329
         2       258       322       328       329
         2       258       322       323       329
         2       259       265       266       330
         2       259       260       266       330
         2       259       260       324       330
         2       259       265       329       330
         2       259       323       329       330
         2       259       323       324       330
         2       260       266       267       331
         2       260       261       267       331
         2       260       261       325       331
         2       260       266       330       331
         2       260       324       330       331
         2       260       324       325       331
         2       261       267       268       332
         2       261       262       268       332
         2       261       262       326       332
         2       261       267       331       332
         2       261       325       331       332
         2       261       325       326       332
         2       262       263       268       327
         2       257       262       263       327
         2       257       262       321       327
         2       262       268       327       332
         2       262       326       327       332
         2       262       321       326       327
         2       263       269       270       332
         2       263       264       270       332
         2       263       264       328       332
         2       263       269       327       332
         2       263       327       327       332
         2       263       327       328       332
         2       264       270       271       331
         2       264       265       271       331
         2       264       265       329       331
         2       264       270       331       332
         2       264       328       331       332
         2       264       328       329       331
         2       265       271       272       330
         2       265       266       272       330
         2       265       266       330       330
         2       265       271       330       331
         2       265       329       330       331
         2       265       329       330       330
         2       266       272       273       329
         2       266       267       273       329
         2       266       267       329       331
         2       266       272       329       330
         2       266       329       330       330
         2       266       329       330       331
         2       267       273       274       328
         2       267       268       274       328
         2       267       268       328       332
         2       267       273       328       329
         2       267       328       329       331
         2       267       328       331       332
         2       268       269       274       327
         2       263       268       269       327
         2       263       268       327       327
         2       268       274       327       328
         2       268       327       328       332
         2       268       327       327       332
         2       269       275       276       326
         2       269       270       276       326
         2       269       270       326       332
         2       269       275       321       326
         2       269       321       326       327
         2       269       326       327       332
         2       270       276       277       325
         2       270       271       277       325
         2       270       271       325       331
         2       270       276       325       326
         2       270       325       326       332
         2       270       325       331       332
         2       271       277       278       324
         2       271       272       278       324
         2       271       272       324       330
         2       271       277       324       325
         2       271       324       325       331
         2       271       324       330       331
         2       272       278       279       323
         2       272       273       279       323
         2       272       273       323       329
         2       272       278       323       324
         2       272       323       324       330
         2       272       323       329       330
         2       273       279       280       322
         2       273       274       280       322
         2       273       274       322       328
         2       273       279       322       323
         2       273       322       323       329
         2       273       322       328       329
         2       274       275       280       321
         2       269       274       275       321
         2       269       274       321       327
         2       274       280       321       322
         2       274       321       322       328
         2       274       321       327       328
         2       275       281       282       320
         2       275       276       282       320
         2       275       276       320       326
         2       275       281       315       320
         2       275       315       320       321
         2       275       320       321       326
         2       276       282       283       319
         2       276       277       283       319
         2       276       277       319       325
         2       276       282       319       320
         2       276       319       320       326
         2       276       319       325       326
         2       277       283       284       318
         2       277       278       284       318
         2       277       278       318       324
         2       277       283       318       319
         2       277       318       319       325
         2       277       318       324       325
         2       278       284       285       317
         2       278       279       285       317
         2       278       279       317       323
         2       278       284       317       318
         2       278       317       318       324
         2       278       317       323       324
         2       279       285       286       316
         2       279       280       286       316
         2       279       280       316       322
         2       279       285       316       317
         2       279       316       317       323
         2       279       316       322       323
         2       280       281       286       315
         2       275       280       281       315
         2       275       280       315       321
         2       280       286       315       316
         2       280       315       316       322
         2       280       315       321       322
         2       281       287       288       314
         2       281       282       288       314
         2       281       282       314       320
         2       281       287       309       314
         2       281       309       314       315
         2       281       314       315       320
         2       282       288       289       313
         2       282       283       289       313
         2       282       283       313       319
         2       282       288       313       314
         2       282       313       314       320
         2       282       313       319       320
         2       283       289       290       312
         2       283       284       290       312
         2       283       284       312       318
         2       283       289       312       313
         2       283       312       313       319
         2       283       312       318       319
         2       284       290       291       311
         2       284       285       291       311
         2       284       285       311       317
         2       284       290       311       312
         2       284       311       312       318
         2       284       311       317       318
         2       285       291       292       310
         2       285       286       292       310
         2       285       286       310       316
         2       285       291       310       311
         2       285       310       311       317
         2       285       310       316       317
         2       286       287       292       309
         2       281       286       287       309
         2       281       286       309       315
         2       286       292       309       310
         2       286       309       310       316
         2       286       309       315       316
         2       287       293       294       308
         2       287       288       294       308
         2       287       288       308       314
         2       287       293       303       308
         2       287       303       308       309
         2       287       308       309       314
         2       288       294       295       307
         2       288       289       295       307
         2       288       289       307       313
         2       288       294       307       308
         2       288       307       308       314
         2       288       307       313       314
         2       289       295       296       306
         2       289       290       296       306
         2       289       290       306       312
         2       289       295       306       307
         2       289       306       307       313
         2       289       306       312       313
         2       290       296       297       305
         2       290       291       297       305
         2       290       291       305       311
         2       290       296       305       306
         2       290       305       306       312
         2       290       305       311       312
         2       291       297       298       304
         2       291       292       298       304
         2       291       292       304       310
         2       291       297       304       305
         2       291       304       305       311
         2       291       304       310       311
         2       292       293       298       303
         2       287       292       293       303
         2       287       292       303       309
         2       292       298       303       304
         2       292       303       304       310
         2       292       303       309       310
         2       233       234       293       300
         2       234       293       294       300
         2       293       294       300       308
         2       233       293       299       300
         2       293       299       300       303
         2       293       300       303       308
         2       234       235       294       301
         2       235       294       295       301
         2       294       295       301       307
         2       234       294       300       301
         2       294       300       301       308
         2       294       301       307       308
         2       235       236       295       302
         2       236       295       296       302
         2       295       296       302       306
         2       235       295       301       302
         2       295       301       302       307
         2       295       302       306       307
         2       236       237       296       301
         2       237       296       297       301
         2       296       297       301       305
         2       236       296       301       302
         2       296       301       302       306
         2       296       301       305       306
         2       237       238       297       300
         2       238       297       298       300
         2       297       298       300       304
         2       237       297       300       301
         2       297       300       301       305
         2       297       300       304       305
         2       233       238       298       299
         2       233       293       298       299
         2       293       298       299       303
         2       238       298       299       300
         2       298       299       300       304
         2       298       299       303       304
