Automatically generated mesh
     724
Reciprocal lattice
    0.00000000000000    0.00000000000000    0.00000000000000             1
    0.10000000000000    0.00000000000000    0.00000000000000             2
    0.20000000000000    0.00000000000000    0.00000000000000             2
    0.30000000000000   -0.00000000000000    0.00000000000000             2
    0.40000000000000    0.00000000000000    0.00000000000000             2
    0.50000000000000    0.00000000000000    0.00000000000000             1
    0.00000000000000    0.08333333333333    0.00000000000000             2
    0.10000000000000    0.08333333333333    0.00000000000000             2
    0.20000000000000    0.08333333333333    0.00000000000000             2
    0.30000000000000    0.08333333333333    0.00000000000000             2
    0.40000000000000    0.08333333333333    0.00000000000000             2
    0.50000000000000    0.08333333333333    0.00000000000000             2
   -0.40000000000000    0.08333333333333    0.00000000000000             2
   -0.30000000000000    0.08333333333333   -0.00000000000000             2
   -0.20000000000000    0.08333333333333    0.00000000000000             2
   -0.10000000000000    0.08333333333333    0.00000000000000             2
    0.00000000000000    0.16666666666667    0.00000000000000             2
    0.10000000000000    0.16666666666667   -0.00000000000000             2
    0.20000000000000    0.16666666666667   -0.00000000000000             2
    0.30000000000000    0.16666666666667    0.00000000000000             2
    0.40000000000000    0.16666666666667    0.00000000000000             2
    0.50000000000000    0.16666666666667    0.00000000000000             2
   -0.40000000000000    0.16666666666667    0.00000000000000             2
   -0.30000000000000    0.16666666666667    0.00000000000000             2
   -0.20000000000000    0.16666666666667    0.00000000000000             2
   -0.10000000000000    0.16666666666667    0.00000000000000             2
    0.00000000000000    0.25000000000000    0.00000000000000             2
    0.10000000000000    0.25000000000000    0.00000000000000             2
    0.20000000000000    0.25000000000000    0.00000000000000             2
    0.30000000000000    0.25000000000000    0.00000000000000             2
    0.40000000000000    0.25000000000000    0.00000000000000             2
    0.50000000000000    0.25000000000000    0.00000000000000             2
   -0.40000000000000    0.25000000000000    0.00000000000000             2
   -0.30000000000000    0.25000000000000    0.00000000000000             2
   -0.20000000000000    0.25000000000000    0.00000000000000             2
   -0.10000000000000    0.25000000000000    0.00000000000000             2
    0.00000000000000    0.33333333333333    0.00000000000000             2
    0.10000000000000    0.33333333333333    0.00000000000000             2
    0.20000000000000    0.33333333333333    0.00000000000000             2
    0.30000000000000    0.33333333333333    0.00000000000000             2
    0.40000000000000    0.33333333333333    0.00000000000000             2
    0.50000000000000    0.33333333333333    0.00000000000000             2
   -0.40000000000000    0.33333333333333    0.00000000000000             2
   -0.30000000000000    0.33333333333333    0.00000000000000             2
   -0.20000000000000    0.33333333333333    0.00000000000000             2
   -0.10000000000000    0.33333333333333   -0.00000000000000             2
    0.00000000000000    0.41666666666667    0.00000000000000             2
    0.10000000000000    0.41666666666667    0.00000000000000             2
    0.20000000000000    0.41666666666667   -0.00000000000000             2
    0.30000000000000    0.41666666666667   -0.00000000000000             2
    0.40000000000000    0.41666666666667    0.00000000000000             2
    0.50000000000000    0.41666666666667    0.00000000000000             2
   -0.40000000000000    0.41666666666667   -0.00000000000000             2
   -0.30000000000000    0.41666666666667    0.00000000000000             2
   -0.20000000000000    0.41666666666667    0.00000000000000             2
   -0.10000000000000    0.41666666666667   -0.00000000000000             2
    0.00000000000000    0.50000000000000    0.00000000000000             1
    0.10000000000000    0.50000000000000   -0.00000000000000             2
    0.20000000000000    0.50000000000000    0.00000000000000             2
    0.30000000000000    0.50000000000000    0.00000000000000             2
    0.40000000000000    0.50000000000000    0.00000000000000             2
    0.50000000000000    0.50000000000000    0.00000000000000             1
    0.00000000000000    0.00000000000000    0.08333333333333             2
    0.10000000000000    0.00000000000000    0.08333333333333             2
    0.20000000000000    0.00000000000000    0.08333333333333             2
    0.30000000000000   -0.00000000000000    0.08333333333333             2
    0.40000000000000    0.00000000000000    0.08333333333333             2
    0.50000000000000    0.00000000000000    0.08333333333333             2
   -0.40000000000000    0.00000000000000    0.08333333333333             2
   -0.30000000000000    0.00000000000000    0.08333333333333             2
   -0.20000000000000    0.00000000000000    0.08333333333333             2
   -0.10000000000000    0.00000000000000    0.08333333333333             2
    0.00000000000000    0.08333333333333    0.08333333333333             2
    0.10000000000000    0.08333333333333    0.08333333333333             2
    0.20000000000000    0.08333333333333    0.08333333333333             2
    0.30000000000000    0.08333333333333    0.08333333333333             2
    0.40000000000000    0.08333333333333    0.08333333333333             2
    0.50000000000000    0.08333333333333    0.08333333333333             2
   -0.40000000000000    0.08333333333333    0.08333333333333             2
   -0.30000000000000    0.08333333333333    0.08333333333333             2
   -0.20000000000000    0.08333333333333    0.08333333333333             2
   -0.10000000000000    0.08333333333333    0.08333333333333             2
    0.00000000000000    0.16666666666667    0.08333333333333             2
    0.10000000000000    0.16666666666667    0.08333333333333             2
    0.20000000000000    0.16666666666667    0.08333333333333             2
    0.30000000000000    0.16666666666667    0.08333333333333             2
    0.40000000000000    0.16666666666667    0.08333333333333             2
    0.50000000000000    0.16666666666667    0.08333333333333             2
   -0.40000000000000    0.16666666666667    0.08333333333333             2
   -0.30000000000000    0.16666666666667    0.08333333333333             2
   -0.20000000000000    0.16666666666667    0.08333333333333             2
   -0.10000000000000    0.16666666666667    0.08333333333333             2
    0.00000000000000    0.25000000000000    0.08333333333333             2
    0.10000000000000    0.25000000000000    0.08333333333333             2
    0.20000000000000    0.25000000000000    0.08333333333333             2
    0.30000000000000    0.25000000000000    0.08333333333333             2
    0.40000000000000    0.25000000000000    0.08333333333333             2
    0.50000000000000    0.25000000000000    0.08333333333333             2
   -0.40000000000000    0.25000000000000    0.08333333333333             2
   -0.30000000000000    0.25000000000000    0.08333333333333             2
   -0.20000000000000    0.25000000000000    0.08333333333333             2
   -0.10000000000000    0.25000000000000    0.08333333333333             2
    0.00000000000000    0.33333333333333    0.08333333333333             2
    0.10000000000000    0.33333333333333    0.08333333333333             2
    0.20000000000000    0.33333333333333    0.08333333333333             2
    0.30000000000000    0.33333333333333    0.08333333333333             2
    0.40000000000000    0.33333333333333    0.08333333333333             2
    0.50000000000000    0.33333333333333    0.08333333333333             2
   -0.40000000000000    0.33333333333333    0.08333333333333             2
   -0.30000000000000    0.33333333333333    0.08333333333333             2
   -0.20000000000000    0.33333333333333    0.08333333333333             2
   -0.10000000000000    0.33333333333333    0.08333333333333             2
    0.00000000000000    0.41666666666667    0.08333333333333             2
    0.10000000000000    0.41666666666667    0.08333333333333             2
    0.20000000000000    0.41666666666667    0.08333333333333             2
    0.30000000000000    0.41666666666667    0.08333333333333             2
    0.40000000000000    0.41666666666667    0.08333333333333             2
    0.50000000000000    0.41666666666667    0.08333333333333             2
   -0.40000000000000    0.41666666666667    0.08333333333333             2
   -0.30000000000000    0.41666666666667    0.08333333333333             2
   -0.20000000000000    0.41666666666667    0.08333333333333             2
   -0.10000000000000    0.41666666666667    0.08333333333333             2
    0.00000000000000    0.50000000000000    0.08333333333333             2
    0.10000000000000    0.50000000000000    0.08333333333333             2
    0.20000000000000    0.50000000000000    0.08333333333333             2
    0.30000000000000    0.50000000000000    0.08333333333333             2
    0.40000000000000    0.50000000000000    0.08333333333333             2
    0.50000000000000    0.50000000000000    0.08333333333333             2
   -0.40000000000000    0.50000000000000    0.08333333333333             2
   -0.30000000000000    0.50000000000000    0.08333333333333             2
   -0.20000000000000    0.50000000000000    0.08333333333333             2
   -0.10000000000000    0.50000000000000    0.08333333333333             2
    0.00000000000000   -0.41666666666667    0.08333333333333             2
    0.10000000000000   -0.41666666666667    0.08333333333333             2
    0.20000000000000   -0.41666666666667    0.08333333333333             2
    0.30000000000000   -0.41666666666667    0.08333333333333             2
    0.40000000000000   -0.41666666666667    0.08333333333333             2
    0.50000000000000   -0.41666666666667    0.08333333333333             2
   -0.40000000000000   -0.41666666666667    0.08333333333333             2
   -0.30000000000000   -0.41666666666667    0.08333333333333             2
   -0.20000000000000   -0.41666666666667    0.08333333333333             2
   -0.10000000000000   -0.41666666666667    0.08333333333333             2
    0.00000000000000   -0.33333333333333    0.08333333333333             2
    0.10000000000000   -0.33333333333333    0.08333333333333             2
    0.20000000000000   -0.33333333333333    0.08333333333333             2
    0.30000000000000   -0.33333333333333    0.08333333333333             2
    0.40000000000000   -0.33333333333333    0.08333333333333             2
    0.50000000000000   -0.33333333333333    0.08333333333333             2
   -0.40000000000000   -0.33333333333333    0.08333333333333             2
   -0.30000000000000   -0.33333333333333    0.08333333333333             2
   -0.20000000000000   -0.33333333333333    0.08333333333333             2
   -0.10000000000000   -0.33333333333333    0.08333333333333             2
    0.00000000000000   -0.25000000000000    0.08333333333333             2
    0.10000000000000   -0.25000000000000    0.08333333333333             2
    0.20000000000000   -0.25000000000000    0.08333333333333             2
    0.30000000000000   -0.25000000000000    0.08333333333333             2
    0.40000000000000   -0.25000000000000    0.08333333333333             2
    0.50000000000000   -0.25000000000000    0.08333333333333             2
   -0.40000000000000   -0.25000000000000    0.08333333333333             2
   -0.30000000000000   -0.25000000000000    0.08333333333333             2
   -0.20000000000000   -0.25000000000000    0.08333333333333             2
   -0.10000000000000   -0.25000000000000    0.08333333333333             2
    0.00000000000000   -0.16666666666667    0.08333333333333             2
    0.10000000000000   -0.16666666666667    0.08333333333333             2
    0.20000000000000   -0.16666666666667    0.08333333333333             2
    0.30000000000000   -0.16666666666667    0.08333333333333             2
    0.40000000000000   -0.16666666666667    0.08333333333333             2
    0.50000000000000   -0.16666666666667    0.08333333333333             2
   -0.40000000000000   -0.16666666666667    0.08333333333333             2
   -0.30000000000000   -0.16666666666667    0.08333333333333             2
   -0.20000000000000   -0.16666666666667    0.08333333333333             2
   -0.10000000000000   -0.16666666666667    0.08333333333333             2
    0.00000000000000   -0.08333333333333    0.08333333333333             2
    0.10000000000000   -0.08333333333333    0.08333333333333             2
    0.20000000000000   -0.08333333333333    0.08333333333333             2
    0.30000000000000   -0.08333333333333    0.08333333333333             2
    0.40000000000000   -0.08333333333333    0.08333333333333             2
    0.50000000000000   -0.08333333333333    0.08333333333333             2
   -0.40000000000000   -0.08333333333333    0.08333333333333             2
   -0.30000000000000   -0.08333333333333    0.08333333333333             2
   -0.20000000000000   -0.08333333333333    0.08333333333333             2
   -0.10000000000000   -0.08333333333333    0.08333333333333             2
    0.00000000000000    0.00000000000000    0.16666666666667             2
    0.10000000000000    0.00000000000000    0.16666666666667             2
    0.20000000000000    0.00000000000000    0.16666666666667             2
    0.30000000000000   -0.00000000000000    0.16666666666667             2
    0.40000000000000    0.00000000000000    0.16666666666667             2
    0.50000000000000    0.00000000000000    0.16666666666667             2
   -0.40000000000000    0.00000000000000    0.16666666666667             2
   -0.30000000000000    0.00000000000000    0.16666666666667             2
   -0.20000000000000    0.00000000000000    0.16666666666667             2
   -0.10000000000000    0.00000000000000    0.16666666666667             2
    0.00000000000000    0.08333333333333    0.16666666666667             2
    0.10000000000000    0.08333333333333    0.16666666666667             2
    0.20000000000000    0.08333333333333    0.16666666666667             2
    0.30000000000000    0.08333333333333    0.16666666666667             2
    0.40000000000000    0.08333333333333    0.16666666666667             2
    0.50000000000000    0.08333333333333    0.16666666666667             2
   -0.40000000000000    0.08333333333333    0.16666666666667             2
   -0.30000000000000    0.08333333333333    0.16666666666667             2
   -0.20000000000000    0.08333333333333    0.16666666666667             2
   -0.10000000000000    0.08333333333333    0.16666666666667             2
    0.00000000000000    0.16666666666667    0.16666666666667             2
    0.10000000000000    0.16666666666667    0.16666666666667             2
    0.20000000000000    0.16666666666667    0.16666666666667             2
    0.30000000000000    0.16666666666667    0.16666666666667             2
    0.40000000000000    0.16666666666667    0.16666666666667             2
    0.50000000000000    0.16666666666667    0.16666666666667             2
   -0.40000000000000    0.16666666666667    0.16666666666667             2
   -0.30000000000000    0.16666666666667    0.16666666666667             2
   -0.20000000000000    0.16666666666667    0.16666666666667             2
   -0.10000000000000    0.16666666666667    0.16666666666667             2
    0.00000000000000    0.25000000000000    0.16666666666667             2
    0.10000000000000    0.25000000000000    0.16666666666667             2
    0.20000000000000    0.25000000000000    0.16666666666667             2
    0.30000000000000    0.25000000000000    0.16666666666667             2
    0.40000000000000    0.25000000000000    0.16666666666667             2
    0.50000000000000    0.25000000000000    0.16666666666667             2
   -0.40000000000000    0.25000000000000    0.16666666666667             2
   -0.30000000000000    0.25000000000000    0.16666666666667             2
   -0.20000000000000    0.25000000000000    0.16666666666667             2
   -0.10000000000000    0.25000000000000    0.16666666666667             2
    0.00000000000000    0.33333333333333    0.16666666666667             2
    0.10000000000000    0.33333333333333    0.16666666666667             2
    0.20000000000000    0.33333333333333    0.16666666666667             2
    0.30000000000000    0.33333333333333    0.16666666666667             2
    0.40000000000000    0.33333333333333    0.16666666666667             2
    0.50000000000000    0.33333333333333    0.16666666666667             2
   -0.40000000000000    0.33333333333333    0.16666666666667             2
   -0.30000000000000    0.33333333333333    0.16666666666667             2
   -0.20000000000000    0.33333333333333    0.16666666666667             2
   -0.10000000000000    0.33333333333333    0.16666666666667             2
    0.00000000000000    0.41666666666667    0.16666666666667             2
    0.10000000000000    0.41666666666667    0.16666666666667             2
    0.20000000000000    0.41666666666667    0.16666666666667             2
    0.30000000000000    0.41666666666667    0.16666666666667             2
    0.40000000000000    0.41666666666667    0.16666666666667             2
    0.50000000000000    0.41666666666667    0.16666666666667             2
   -0.40000000000000    0.41666666666667    0.16666666666667             2
   -0.30000000000000    0.41666666666667    0.16666666666667             2
   -0.20000000000000    0.41666666666667    0.16666666666667             2
   -0.10000000000000    0.41666666666667    0.16666666666667             2
    0.00000000000000    0.50000000000000    0.16666666666667             2
    0.10000000000000    0.50000000000000    0.16666666666667             2
    0.20000000000000    0.50000000000000    0.16666666666667             2
    0.30000000000000    0.50000000000000    0.16666666666667             2
    0.40000000000000    0.50000000000000    0.16666666666667             2
    0.50000000000000    0.50000000000000    0.16666666666667             2
   -0.40000000000000    0.50000000000000    0.16666666666667             2
   -0.30000000000000    0.50000000000000    0.16666666666667             2
   -0.20000000000000    0.50000000000000    0.16666666666667             2
   -0.10000000000000    0.50000000000000    0.16666666666667             2
    0.00000000000000   -0.41666666666667    0.16666666666667             2
    0.10000000000000   -0.41666666666667    0.16666666666667             2
    0.20000000000000   -0.41666666666667    0.16666666666667             2
    0.30000000000000   -0.41666666666667    0.16666666666667             2
    0.40000000000000   -0.41666666666667    0.16666666666667             2
    0.50000000000000   -0.41666666666667    0.16666666666667             2
   -0.40000000000000   -0.41666666666667    0.16666666666667             2
   -0.30000000000000   -0.41666666666667    0.16666666666667             2
   -0.20000000000000   -0.41666666666667    0.16666666666667             2
   -0.10000000000000   -0.41666666666667    0.16666666666667             2
    0.00000000000000   -0.33333333333333    0.16666666666667             2
    0.10000000000000   -0.33333333333333    0.16666666666667             2
    0.20000000000000   -0.33333333333333    0.16666666666667             2
    0.30000000000000   -0.33333333333333    0.16666666666667             2
    0.40000000000000   -0.33333333333333    0.16666666666667             2
    0.50000000000000   -0.33333333333333    0.16666666666667             2
   -0.40000000000000   -0.33333333333333    0.16666666666667             2
   -0.30000000000000   -0.33333333333333    0.16666666666667             2
   -0.20000000000000   -0.33333333333333    0.16666666666667             2
   -0.10000000000000   -0.33333333333333    0.16666666666667             2
    0.00000000000000   -0.25000000000000    0.16666666666667             2
    0.10000000000000   -0.25000000000000    0.16666666666667             2
    0.20000000000000   -0.25000000000000    0.16666666666667             2
    0.30000000000000   -0.25000000000000    0.16666666666667             2
    0.40000000000000   -0.25000000000000    0.16666666666667             2
    0.50000000000000   -0.25000000000000    0.16666666666667             2
   -0.40000000000000   -0.25000000000000    0.16666666666667             2
   -0.30000000000000   -0.25000000000000    0.16666666666667             2
   -0.20000000000000   -0.25000000000000    0.16666666666667             2
   -0.10000000000000   -0.25000000000000    0.16666666666667             2
    0.00000000000000   -0.16666666666667    0.16666666666667             2
    0.10000000000000   -0.16666666666667    0.16666666666667             2
    0.20000000000000   -0.16666666666667    0.16666666666667             2
    0.30000000000000   -0.16666666666667    0.16666666666667             2
    0.40000000000000   -0.16666666666667    0.16666666666667             2
    0.50000000000000   -0.16666666666667    0.16666666666667             2
   -0.40000000000000   -0.16666666666667    0.16666666666667             2
   -0.30000000000000   -0.16666666666667    0.16666666666667             2
   -0.20000000000000   -0.16666666666667    0.16666666666667             2
   -0.10000000000000   -0.16666666666667    0.16666666666667             2
    0.00000000000000   -0.08333333333333    0.16666666666667             2
    0.10000000000000   -0.08333333333333    0.16666666666667             2
    0.20000000000000   -0.08333333333333    0.16666666666667             2
    0.30000000000000   -0.08333333333333    0.16666666666667             2
    0.40000000000000   -0.08333333333333    0.16666666666667             2
    0.50000000000000   -0.08333333333333    0.16666666666667             2
   -0.40000000000000   -0.08333333333333    0.16666666666667             2
   -0.30000000000000   -0.08333333333333    0.16666666666667             2
   -0.20000000000000   -0.08333333333333    0.16666666666667             2
   -0.10000000000000   -0.08333333333333    0.16666666666667             2
    0.00000000000000    0.00000000000000    0.25000000000000             2
    0.10000000000000    0.00000000000000    0.25000000000000             2
    0.20000000000000    0.00000000000000    0.25000000000000             2
    0.30000000000000   -0.00000000000000    0.25000000000000             2
    0.40000000000000    0.00000000000000    0.25000000000000             2
    0.50000000000000    0.00000000000000    0.25000000000000             2
   -0.40000000000000    0.00000000000000    0.25000000000000             2
   -0.30000000000000    0.00000000000000    0.25000000000000             2
   -0.20000000000000    0.00000000000000    0.25000000000000             2
   -0.10000000000000    0.00000000000000    0.25000000000000             2
    0.00000000000000    0.08333333333333    0.25000000000000             2
    0.10000000000000    0.08333333333333    0.25000000000000             2
    0.20000000000000    0.08333333333333    0.25000000000000             2
    0.30000000000000    0.08333333333333    0.25000000000000             2
    0.40000000000000    0.08333333333333    0.25000000000000             2
    0.50000000000000    0.08333333333333    0.25000000000000             2
   -0.40000000000000    0.08333333333333    0.25000000000000             2
   -0.30000000000000    0.08333333333333    0.25000000000000             2
   -0.20000000000000    0.08333333333333    0.25000000000000             2
   -0.10000000000000    0.08333333333333    0.25000000000000             2
    0.00000000000000    0.16666666666667    0.25000000000000             2
    0.10000000000000    0.16666666666667    0.25000000000000             2
    0.20000000000000    0.16666666666667    0.25000000000000             2
    0.30000000000000    0.16666666666667    0.25000000000000             2
    0.40000000000000    0.16666666666667    0.25000000000000             2
    0.50000000000000    0.16666666666667    0.25000000000000             2
   -0.40000000000000    0.16666666666667    0.25000000000000             2
   -0.30000000000000    0.16666666666667    0.25000000000000             2
   -0.20000000000000    0.16666666666667    0.25000000000000             2
   -0.10000000000000    0.16666666666667    0.25000000000000             2
    0.00000000000000    0.25000000000000    0.25000000000000             2
    0.10000000000000    0.25000000000000    0.25000000000000             2
    0.20000000000000    0.25000000000000    0.25000000000000             2
    0.30000000000000    0.25000000000000    0.25000000000000             2
    0.40000000000000    0.25000000000000    0.25000000000000             2
    0.50000000000000    0.25000000000000    0.25000000000000             2
   -0.40000000000000    0.25000000000000    0.25000000000000             2
   -0.30000000000000    0.25000000000000    0.25000000000000             2
   -0.20000000000000    0.25000000000000    0.25000000000000             2
   -0.10000000000000    0.25000000000000    0.25000000000000             2
    0.00000000000000    0.33333333333333    0.25000000000000             2
    0.10000000000000    0.33333333333333    0.25000000000000             2
    0.20000000000000    0.33333333333333    0.25000000000000             2
    0.30000000000000    0.33333333333333    0.25000000000000             2
    0.40000000000000    0.33333333333333    0.25000000000000             2
    0.50000000000000    0.33333333333333    0.25000000000000             2
   -0.40000000000000    0.33333333333333    0.25000000000000             2
   -0.30000000000000    0.33333333333333    0.25000000000000             2
   -0.20000000000000    0.33333333333333    0.25000000000000             2
   -0.10000000000000    0.33333333333333    0.25000000000000             2
    0.00000000000000    0.41666666666667    0.25000000000000             2
    0.10000000000000    0.41666666666667    0.25000000000000             2
    0.20000000000000    0.41666666666667    0.25000000000000             2
    0.30000000000000    0.41666666666667    0.25000000000000             2
    0.40000000000000    0.41666666666667    0.25000000000000             2
    0.50000000000000    0.41666666666667    0.25000000000000             2
   -0.40000000000000    0.41666666666667    0.25000000000000             2
   -0.30000000000000    0.41666666666667    0.25000000000000             2
   -0.20000000000000    0.41666666666667    0.25000000000000             2
   -0.10000000000000    0.41666666666667    0.25000000000000             2
    0.00000000000000    0.50000000000000    0.25000000000000             2
    0.10000000000000    0.50000000000000    0.25000000000000             2
    0.20000000000000    0.50000000000000    0.25000000000000             2
    0.30000000000000    0.50000000000000    0.25000000000000             2
    0.40000000000000    0.50000000000000    0.25000000000000             2
    0.50000000000000    0.50000000000000    0.25000000000000             2
   -0.40000000000000    0.50000000000000    0.25000000000000             2
   -0.30000000000000    0.50000000000000    0.25000000000000             2
   -0.20000000000000    0.50000000000000    0.25000000000000             2
   -0.10000000000000    0.50000000000000    0.25000000000000             2
    0.00000000000000   -0.41666666666667    0.25000000000000             2
    0.10000000000000   -0.41666666666667    0.25000000000000             2
    0.20000000000000   -0.41666666666667    0.25000000000000             2
    0.30000000000000   -0.41666666666667    0.25000000000000             2
    0.40000000000000   -0.41666666666667    0.25000000000000             2
    0.50000000000000   -0.41666666666667    0.25000000000000             2
   -0.40000000000000   -0.41666666666667    0.25000000000000             2
   -0.30000000000000   -0.41666666666667    0.25000000000000             2
   -0.20000000000000   -0.41666666666667    0.25000000000000             2
   -0.10000000000000   -0.41666666666667    0.25000000000000             2
    0.00000000000000   -0.33333333333333    0.25000000000000             2
    0.10000000000000   -0.33333333333333    0.25000000000000             2
    0.20000000000000   -0.33333333333333    0.25000000000000             2
    0.30000000000000   -0.33333333333333    0.25000000000000             2
    0.40000000000000   -0.33333333333333    0.25000000000000             2
    0.50000000000000   -0.33333333333333    0.25000000000000             2
   -0.40000000000000   -0.33333333333333    0.25000000000000             2
   -0.30000000000000   -0.33333333333333    0.25000000000000             2
   -0.20000000000000   -0.33333333333333    0.25000000000000             2
   -0.10000000000000   -0.33333333333333    0.25000000000000             2
    0.00000000000000   -0.25000000000000    0.25000000000000             2
    0.10000000000000   -0.25000000000000    0.25000000000000             2
    0.20000000000000   -0.25000000000000    0.25000000000000             2
    0.30000000000000   -0.25000000000000    0.25000000000000             2
    0.40000000000000   -0.25000000000000    0.25000000000000             2
    0.50000000000000   -0.25000000000000    0.25000000000000             2
   -0.40000000000000   -0.25000000000000    0.25000000000000             2
   -0.30000000000000   -0.25000000000000    0.25000000000000             2
   -0.20000000000000   -0.25000000000000    0.25000000000000             2
   -0.10000000000000   -0.25000000000000    0.25000000000000             2
    0.00000000000000   -0.16666666666667    0.25000000000000             2
    0.10000000000000   -0.16666666666667    0.25000000000000             2
    0.20000000000000   -0.16666666666667    0.25000000000000             2
    0.30000000000000   -0.16666666666667    0.25000000000000             2
    0.40000000000000   -0.16666666666667    0.25000000000000             2
    0.50000000000000   -0.16666666666667    0.25000000000000             2
   -0.40000000000000   -0.16666666666667    0.25000000000000             2
   -0.30000000000000   -0.16666666666667    0.25000000000000             2
   -0.20000000000000   -0.16666666666667    0.25000000000000             2
   -0.10000000000000   -0.16666666666667    0.25000000000000             2
    0.00000000000000   -0.08333333333333    0.25000000000000             2
    0.10000000000000   -0.08333333333333    0.25000000000000             2
    0.20000000000000   -0.08333333333333    0.25000000000000             2
    0.30000000000000   -0.08333333333333    0.25000000000000             2
    0.40000000000000   -0.08333333333333    0.25000000000000             2
    0.50000000000000   -0.08333333333333    0.25000000000000             2
   -0.40000000000000   -0.08333333333333    0.25000000000000             2
   -0.30000000000000   -0.08333333333333    0.25000000000000             2
   -0.20000000000000   -0.08333333333333    0.25000000000000             2
   -0.10000000000000   -0.08333333333333    0.25000000000000             2
    0.00000000000000    0.00000000000000    0.33333333333333             2
    0.10000000000000    0.00000000000000    0.33333333333333             2
    0.20000000000000    0.00000000000000    0.33333333333333             2
    0.30000000000000   -0.00000000000000    0.33333333333333             2
    0.40000000000000    0.00000000000000    0.33333333333333             2
    0.50000000000000    0.00000000000000    0.33333333333333             2
   -0.40000000000000    0.00000000000000    0.33333333333333             2
   -0.30000000000000    0.00000000000000    0.33333333333333             2
   -0.20000000000000    0.00000000000000    0.33333333333333             2
   -0.10000000000000    0.00000000000000    0.33333333333333             2
    0.00000000000000    0.08333333333333    0.33333333333333             2
    0.10000000000000    0.08333333333333    0.33333333333333             2
    0.20000000000000    0.08333333333333    0.33333333333333             2
    0.30000000000000    0.08333333333333    0.33333333333333             2
    0.40000000000000    0.08333333333333    0.33333333333333             2
    0.50000000000000    0.08333333333333    0.33333333333333             2
   -0.40000000000000    0.08333333333333    0.33333333333333             2
   -0.30000000000000    0.08333333333333    0.33333333333333             2
   -0.20000000000000    0.08333333333333    0.33333333333333             2
   -0.10000000000000    0.08333333333333    0.33333333333333             2
    0.00000000000000    0.16666666666667    0.33333333333333             2
    0.10000000000000    0.16666666666667    0.33333333333333             2
    0.20000000000000    0.16666666666667    0.33333333333333             2
    0.30000000000000    0.16666666666667    0.33333333333333             2
    0.40000000000000    0.16666666666667    0.33333333333333             2
    0.50000000000000    0.16666666666667    0.33333333333333             2
   -0.40000000000000    0.16666666666667    0.33333333333333             2
   -0.30000000000000    0.16666666666667    0.33333333333333             2
   -0.20000000000000    0.16666666666667    0.33333333333333             2
   -0.10000000000000    0.16666666666667    0.33333333333333             2
    0.00000000000000    0.25000000000000    0.33333333333333             2
    0.10000000000000    0.25000000000000    0.33333333333333             2
    0.20000000000000    0.25000000000000    0.33333333333333             2
    0.30000000000000    0.25000000000000    0.33333333333333             2
    0.40000000000000    0.25000000000000    0.33333333333333             2
    0.50000000000000    0.25000000000000    0.33333333333333             2
   -0.40000000000000    0.25000000000000    0.33333333333333             2
   -0.30000000000000    0.25000000000000    0.33333333333333             2
   -0.20000000000000    0.25000000000000    0.33333333333333             2
   -0.10000000000000    0.25000000000000    0.33333333333333             2
    0.00000000000000    0.33333333333333    0.33333333333333             2
    0.10000000000000    0.33333333333333    0.33333333333333             2
    0.20000000000000    0.33333333333333    0.33333333333333             2
    0.30000000000000    0.33333333333333    0.33333333333333             2
    0.40000000000000    0.33333333333333    0.33333333333333             2
    0.50000000000000    0.33333333333333    0.33333333333333             2
   -0.40000000000000    0.33333333333333    0.33333333333333             2
   -0.30000000000000    0.33333333333333    0.33333333333333             2
   -0.20000000000000    0.33333333333333    0.33333333333333             2
   -0.10000000000000    0.33333333333333    0.33333333333333             2
    0.00000000000000    0.41666666666667    0.33333333333333             2
    0.10000000000000    0.41666666666667    0.33333333333333             2
    0.20000000000000    0.41666666666667    0.33333333333333             2
    0.30000000000000    0.41666666666667    0.33333333333333             2
    0.40000000000000    0.41666666666667    0.33333333333333             2
    0.50000000000000    0.41666666666667    0.33333333333333             2
   -0.40000000000000    0.41666666666667    0.33333333333333             2
   -0.30000000000000    0.41666666666667    0.33333333333333             2
   -0.20000000000000    0.41666666666667    0.33333333333333             2
   -0.10000000000000    0.41666666666667    0.33333333333333             2
    0.00000000000000    0.50000000000000    0.33333333333333             2
    0.10000000000000    0.50000000000000    0.33333333333333             2
    0.20000000000000    0.50000000000000    0.33333333333333             2
    0.30000000000000    0.50000000000000    0.33333333333333             2
    0.40000000000000    0.50000000000000    0.33333333333333             2
    0.50000000000000    0.50000000000000    0.33333333333333             2
   -0.40000000000000    0.50000000000000    0.33333333333333             2
   -0.30000000000000    0.50000000000000    0.33333333333333             2
   -0.20000000000000    0.50000000000000    0.33333333333333             2
   -0.10000000000000    0.50000000000000    0.33333333333333             2
    0.00000000000000   -0.41666666666667    0.33333333333333             2
    0.10000000000000   -0.41666666666667    0.33333333333333             2
    0.20000000000000   -0.41666666666667    0.33333333333333             2
    0.30000000000000   -0.41666666666667    0.33333333333333             2
    0.40000000000000   -0.41666666666667    0.33333333333333             2
    0.50000000000000   -0.41666666666667    0.33333333333333             2
   -0.40000000000000   -0.41666666666667    0.33333333333333             2
   -0.30000000000000   -0.41666666666667    0.33333333333333             2
   -0.20000000000000   -0.41666666666667    0.33333333333333             2
   -0.10000000000000   -0.41666666666667    0.33333333333333             2
    0.00000000000000   -0.33333333333333    0.33333333333333             2
    0.10000000000000   -0.33333333333333    0.33333333333333             2
    0.20000000000000   -0.33333333333333    0.33333333333333             2
    0.30000000000000   -0.33333333333333    0.33333333333333             2
    0.40000000000000   -0.33333333333333    0.33333333333333             2
    0.50000000000000   -0.33333333333333    0.33333333333333             2
   -0.40000000000000   -0.33333333333333    0.33333333333333             2
   -0.30000000000000   -0.33333333333333    0.33333333333333             2
   -0.20000000000000   -0.33333333333333    0.33333333333333             2
   -0.10000000000000   -0.33333333333333    0.33333333333333             2
    0.00000000000000   -0.25000000000000    0.33333333333333             2
    0.10000000000000   -0.25000000000000    0.33333333333333             2
    0.20000000000000   -0.25000000000000    0.33333333333333             2
    0.30000000000000   -0.25000000000000    0.33333333333333             2
    0.40000000000000   -0.25000000000000    0.33333333333333             2
    0.50000000000000   -0.25000000000000    0.33333333333333             2
   -0.40000000000000   -0.25000000000000    0.33333333333333             2
   -0.30000000000000   -0.25000000000000    0.33333333333333             2
   -0.20000000000000   -0.25000000000000    0.33333333333333             2
   -0.10000000000000   -0.25000000000000    0.33333333333333             2
    0.00000000000000   -0.16666666666667    0.33333333333333             2
    0.10000000000000   -0.16666666666667    0.33333333333333             2
    0.20000000000000   -0.16666666666667    0.33333333333333             2
    0.30000000000000   -0.16666666666667    0.33333333333333             2
    0.40000000000000   -0.16666666666667    0.33333333333333             2
    0.50000000000000   -0.16666666666667    0.33333333333333             2
   -0.40000000000000   -0.16666666666667    0.33333333333333             2
   -0.30000000000000   -0.16666666666667    0.33333333333333             2
   -0.20000000000000   -0.16666666666667    0.33333333333333             2
   -0.10000000000000   -0.16666666666667    0.33333333333333             2
    0.00000000000000   -0.08333333333333    0.33333333333333             2
    0.10000000000000   -0.08333333333333    0.33333333333333             2
    0.20000000000000   -0.08333333333333    0.33333333333333             2
    0.30000000000000   -0.08333333333333    0.33333333333333             2
    0.40000000000000   -0.08333333333333    0.33333333333333             2
    0.50000000000000   -0.08333333333333    0.33333333333333             2
   -0.40000000000000   -0.08333333333333    0.33333333333333             2
   -0.30000000000000   -0.08333333333333    0.33333333333333             2
   -0.20000000000000   -0.08333333333333    0.33333333333333             2
   -0.10000000000000   -0.08333333333333    0.33333333333333             2
    0.00000000000000    0.00000000000000    0.41666666666667             2
    0.10000000000000    0.00000000000000    0.41666666666667             2
    0.20000000000000    0.00000000000000    0.41666666666667             2
    0.30000000000000   -0.00000000000000    0.41666666666667             2
    0.40000000000000    0.00000000000000    0.41666666666667             2
    0.50000000000000    0.00000000000000    0.41666666666667             2
   -0.40000000000000    0.00000000000000    0.41666666666667             2
   -0.30000000000000    0.00000000000000    0.41666666666667             2
   -0.20000000000000    0.00000000000000    0.41666666666667             2
   -0.10000000000000    0.00000000000000    0.41666666666667             2
    0.00000000000000    0.08333333333333    0.41666666666667             2
    0.10000000000000    0.08333333333333    0.41666666666667             2
    0.20000000000000    0.08333333333333    0.41666666666667             2
    0.30000000000000    0.08333333333333    0.41666666666667             2
    0.40000000000000    0.08333333333333    0.41666666666667             2
    0.50000000000000    0.08333333333333    0.41666666666667             2
   -0.40000000000000    0.08333333333333    0.41666666666667             2
   -0.30000000000000    0.08333333333333    0.41666666666667             2
   -0.20000000000000    0.08333333333333    0.41666666666667             2
   -0.10000000000000    0.08333333333333    0.41666666666667             2
    0.00000000000000    0.16666666666667    0.41666666666667             2
    0.10000000000000    0.16666666666667    0.41666666666667             2
    0.20000000000000    0.16666666666667    0.41666666666667             2
    0.30000000000000    0.16666666666667    0.41666666666667             2
    0.40000000000000    0.16666666666667    0.41666666666667             2
    0.50000000000000    0.16666666666667    0.41666666666667             2
   -0.40000000000000    0.16666666666667    0.41666666666667             2
   -0.30000000000000    0.16666666666667    0.41666666666667             2
   -0.20000000000000    0.16666666666667    0.41666666666667             2
   -0.10000000000000    0.16666666666667    0.41666666666667             2
    0.00000000000000    0.25000000000000    0.41666666666667             2
    0.10000000000000    0.25000000000000    0.41666666666667             2
    0.20000000000000    0.25000000000000    0.41666666666667             2
    0.30000000000000    0.25000000000000    0.41666666666667             2
    0.40000000000000    0.25000000000000    0.41666666666667             2
    0.50000000000000    0.25000000000000    0.41666666666667             2
   -0.40000000000000    0.25000000000000    0.41666666666667             2
   -0.30000000000000    0.25000000000000    0.41666666666667             2
   -0.20000000000000    0.25000000000000    0.41666666666667             2
   -0.10000000000000    0.25000000000000    0.41666666666667             2
    0.00000000000000    0.33333333333333    0.41666666666667             2
    0.10000000000000    0.33333333333333    0.41666666666667             2
    0.20000000000000    0.33333333333333    0.41666666666667             2
    0.30000000000000    0.33333333333333    0.41666666666667             2
    0.40000000000000    0.33333333333333    0.41666666666667             2
    0.50000000000000    0.33333333333333    0.41666666666667             2
   -0.40000000000000    0.33333333333333    0.41666666666667             2
   -0.30000000000000    0.33333333333333    0.41666666666667             2
   -0.20000000000000    0.33333333333333    0.41666666666667             2
   -0.10000000000000    0.33333333333333    0.41666666666667             2
    0.00000000000000    0.41666666666667    0.41666666666667             2
    0.10000000000000    0.41666666666667    0.41666666666667             2
    0.20000000000000    0.41666666666667    0.41666666666667             2
    0.30000000000000    0.41666666666667    0.41666666666667             2
    0.40000000000000    0.41666666666667    0.41666666666667             2
    0.50000000000000    0.41666666666667    0.41666666666667             2
   -0.40000000000000    0.41666666666667    0.41666666666667             2
   -0.30000000000000    0.41666666666667    0.41666666666667             2
   -0.20000000000000    0.41666666666667    0.41666666666667             2
   -0.10000000000000    0.41666666666667    0.41666666666667             2
    0.00000000000000    0.50000000000000    0.41666666666667             2
    0.10000000000000    0.50000000000000    0.41666666666667             2
    0.20000000000000    0.50000000000000    0.41666666666667             2
    0.30000000000000    0.50000000000000    0.41666666666667             2
    0.40000000000000    0.50000000000000    0.41666666666667             2
    0.50000000000000    0.50000000000000    0.41666666666667             2
   -0.40000000000000    0.50000000000000    0.41666666666667             2
   -0.30000000000000    0.50000000000000    0.41666666666667             2
   -0.20000000000000    0.50000000000000    0.41666666666667             2
   -0.10000000000000    0.50000000000000    0.41666666666667             2
    0.00000000000000   -0.41666666666667    0.41666666666667             2
    0.10000000000000   -0.41666666666667    0.41666666666667             2
    0.20000000000000   -0.41666666666667    0.41666666666667             2
    0.30000000000000   -0.41666666666667    0.41666666666667             2
    0.40000000000000   -0.41666666666667    0.41666666666667             2
    0.50000000000000   -0.41666666666667    0.41666666666667             2
   -0.40000000000000   -0.41666666666667    0.41666666666667             2
   -0.30000000000000   -0.41666666666667    0.41666666666667             2
   -0.20000000000000   -0.41666666666667    0.41666666666667             2
   -0.10000000000000   -0.41666666666667    0.41666666666667             2
    0.00000000000000   -0.33333333333333    0.41666666666667             2
    0.10000000000000   -0.33333333333333    0.41666666666667             2
    0.20000000000000   -0.33333333333333    0.41666666666667             2
    0.30000000000000   -0.33333333333333    0.41666666666667             2
    0.40000000000000   -0.33333333333333    0.41666666666667             2
    0.50000000000000   -0.33333333333333    0.41666666666667             2
   -0.40000000000000   -0.33333333333333    0.41666666666667             2
   -0.30000000000000   -0.33333333333333    0.41666666666667             2
   -0.20000000000000   -0.33333333333333    0.41666666666667             2
   -0.10000000000000   -0.33333333333333    0.41666666666667             2
    0.00000000000000   -0.25000000000000    0.41666666666667             2
    0.10000000000000   -0.25000000000000    0.41666666666667             2
    0.20000000000000   -0.25000000000000    0.41666666666667             2
    0.30000000000000   -0.25000000000000    0.41666666666667             2
    0.40000000000000   -0.25000000000000    0.41666666666667             2
    0.50000000000000   -0.25000000000000    0.41666666666667             2
   -0.40000000000000   -0.25000000000000    0.41666666666667             2
   -0.30000000000000   -0.25000000000000    0.41666666666667             2
   -0.20000000000000   -0.25000000000000    0.41666666666667             2
   -0.10000000000000   -0.25000000000000    0.41666666666667             2
    0.00000000000000   -0.16666666666667    0.41666666666667             2
    0.10000000000000   -0.16666666666667    0.41666666666667             2
    0.20000000000000   -0.16666666666667    0.41666666666667             2
    0.30000000000000   -0.16666666666667    0.41666666666667             2
    0.40000000000000   -0.16666666666667    0.41666666666667             2
    0.50000000000000   -0.16666666666667    0.41666666666667             2
   -0.40000000000000   -0.16666666666667    0.41666666666667             2
   -0.30000000000000   -0.16666666666667    0.41666666666667             2
   -0.20000000000000   -0.16666666666667    0.41666666666667             2
   -0.10000000000000   -0.16666666666667    0.41666666666667             2
    0.00000000000000   -0.08333333333333    0.41666666666667             2
    0.10000000000000   -0.08333333333333    0.41666666666667             2
    0.20000000000000   -0.08333333333333    0.41666666666667             2
    0.30000000000000   -0.08333333333333    0.41666666666667             2
    0.40000000000000   -0.08333333333333    0.41666666666667             2
    0.50000000000000   -0.08333333333333    0.41666666666667             2
   -0.40000000000000   -0.08333333333333    0.41666666666667             2
   -0.30000000000000   -0.08333333333333    0.41666666666667             2
   -0.20000000000000   -0.08333333333333    0.41666666666667             2
   -0.10000000000000   -0.08333333333333    0.41666666666667             2
    0.00000000000000    0.00000000000000    0.50000000000000             1
    0.10000000000000    0.00000000000000    0.50000000000000             2
    0.20000000000000    0.00000000000000    0.50000000000000             2
    0.30000000000000   -0.00000000000000    0.50000000000000             2
    0.40000000000000    0.00000000000000    0.50000000000000             2
    0.50000000000000    0.00000000000000    0.50000000000000             1
    0.00000000000000    0.08333333333333    0.50000000000000             2
    0.10000000000000    0.08333333333333    0.50000000000000             2
    0.20000000000000    0.08333333333333    0.50000000000000             2
    0.30000000000000    0.08333333333333    0.50000000000000             2
    0.40000000000000    0.08333333333333    0.50000000000000             2
    0.50000000000000    0.08333333333333    0.50000000000000             2
   -0.40000000000000    0.08333333333333    0.50000000000000             2
   -0.30000000000000    0.08333333333333    0.50000000000000             2
   -0.20000000000000    0.08333333333333    0.50000000000000             2
   -0.10000000000000    0.08333333333333    0.50000000000000             2
    0.00000000000000    0.16666666666667    0.50000000000000             2
    0.10000000000000    0.16666666666667    0.50000000000000             2
    0.20000000000000    0.16666666666667    0.50000000000000             2
    0.30000000000000    0.16666666666667    0.50000000000000             2
    0.40000000000000    0.16666666666667    0.50000000000000             2
    0.50000000000000    0.16666666666667    0.50000000000000             2
   -0.40000000000000    0.16666666666667    0.50000000000000             2
   -0.30000000000000    0.16666666666667    0.50000000000000             2
   -0.20000000000000    0.16666666666667    0.50000000000000             2
   -0.10000000000000    0.16666666666667    0.50000000000000             2
    0.00000000000000    0.25000000000000    0.50000000000000             2
    0.10000000000000    0.25000000000000    0.50000000000000             2
    0.20000000000000    0.25000000000000    0.50000000000000             2
    0.30000000000000    0.25000000000000    0.50000000000000             2
    0.40000000000000    0.25000000000000    0.50000000000000             2
    0.50000000000000    0.25000000000000    0.50000000000000             2
   -0.40000000000000    0.25000000000000    0.50000000000000             2
   -0.30000000000000    0.25000000000000    0.50000000000000             2
   -0.20000000000000    0.25000000000000    0.50000000000000             2
   -0.10000000000000    0.25000000000000    0.50000000000000             2
    0.00000000000000    0.33333333333333    0.50000000000000             2
    0.10000000000000    0.33333333333333    0.50000000000000             2
    0.20000000000000    0.33333333333333    0.50000000000000             2
    0.30000000000000    0.33333333333333    0.50000000000000             2
    0.40000000000000    0.33333333333333    0.50000000000000             2
    0.50000000000000    0.33333333333333    0.50000000000000             2
   -0.40000000000000    0.33333333333333    0.50000000000000             2
   -0.30000000000000    0.33333333333333    0.50000000000000             2
   -0.20000000000000    0.33333333333333    0.50000000000000             2
   -0.10000000000000    0.33333333333333    0.50000000000000             2
    0.00000000000000    0.41666666666667    0.50000000000000             2
    0.10000000000000    0.41666666666667    0.50000000000000             2
    0.20000000000000    0.41666666666667    0.50000000000000             2
    0.30000000000000    0.41666666666667    0.50000000000000             2
    0.40000000000000    0.41666666666667    0.50000000000000             2
    0.50000000000000    0.41666666666667    0.50000000000000             2
   -0.40000000000000    0.41666666666667    0.50000000000000             2
   -0.30000000000000    0.41666666666667    0.50000000000000             2
   -0.20000000000000    0.41666666666667    0.50000000000000             2
   -0.10000000000000    0.41666666666667    0.50000000000000             2
    0.00000000000000    0.50000000000000    0.50000000000000             1
    0.10000000000000    0.50000000000000    0.50000000000000             2
    0.20000000000000    0.50000000000000    0.50000000000000             2
    0.30000000000000    0.50000000000000    0.50000000000000             2
    0.40000000000000    0.50000000000000    0.50000000000000             2
    0.50000000000000    0.50000000000000    0.50000000000000             1
Tetrahedra
      4320    0.00011574074074
         2         1         7         8        74
         2         1         2         8        74
         2         1         2        64        74
         2         1         7        73        74
         2         1        63        73        74
         2         1        63        64        74
         2         2         8         9        75
         2         2         3         9        75
         2         2         3        65        75
         2         2         8        74        75
         2         2        64        74        75
         2         2        64        65        75
         2         3         9        10        76
         2         3         4        10        76
         2         3         4        66        76
         2         3         9        75        76
         2         3        65        75        76
         2         3        65        66        76
         2         4        10        11        77
         2         4         5        11        77
         2         4         5        67        77
         2         4        10        76        77
         2         4        66        76        77
         2         4        66        67        77
         2         5        11        12        78
         2         5         6        12        78
         2         5         6        68        78
         2         5        11        77        78
         2         5        67        77        78
         2         5        67        68        78
         2         6        12        13        79
         2         5         6        13        79
         2         5         6        69        79
         2         6        12        78        79
         2         6        68        78        79
         2         6        68        69        79
         2         5        13        14        80
         2         4         5        14        80
         2         4         5        70        80
         2         5        13        79        80
         2         5        69        79        80
         2         5        69        70        80
         2         4        14        15        81
         2         3         4        15        81
         2         3         4        71        81
         2         4        14        80        81
         2         4        70        80        81
         2         4        70        71        81
         2         3        15        16        82
         2         2         3        16        82
         2         2         3        72        82
         2         3        15        81        82
         2         3        71        81        82
         2         3        71        72        82
         2         2         7        16        73
         2         1         2         7        73
         2         1         2        63        73
         2         2        16        73        82
         2         2        72        73        82
         2         2        63        72        73
         2         7        17        18        84
         2         7         8        18        84
         2         7         8        74        84
         2         7        17        83        84
         2         7        73        83        84
         2         7        73        74        84
         2         8        18        19        85
         2         8         9        19        85
         2         8         9        75        85
         2         8        18        84        85
         2         8        74        84        85
         2         8        74        75        85
         2         9        19        20        86
         2         9        10        20        86
         2         9        10        76        86
         2         9        19        85        86
         2         9        75        85        86
         2         9        75        76        86
         2        10        20        21        87
         2        10        11        21        87
         2        10        11        77        87
         2        10        20        86        87
         2        10        76        86        87
         2        10        76        77        87
         2        11        21        22        88
         2        11        12        22        88
         2        11        12        78        88
         2        11        21        87        88
         2        11        77        87        88
         2        11        77        78        88
         2        12        22        23        89
         2        12        13        23        89
         2        12        13        79        89
         2        12        22        88        89
         2        12        78        88        89
         2        12        78        79        89
         2        13        23        24        90
         2        13        14        24        90
         2        13        14        80        90
         2        13        23        89        90
         2        13        79        89        90
         2        13        79        80        90
         2        14        24        25        91
         2        14        15        25        91
         2        14        15        81        91
         2        14        24        90        91
         2        14        80        90        91
         2        14        80        81        91
         2        15        25        26        92
         2        15        16        26        92
         2        15        16        82        92
         2        15        25        91        92
         2        15        81        91        92
         2        15        81        82        92
         2        16        17        26        83
         2         7        16        17        83
         2         7        16        73        83
         2        16        26        83        92
         2        16        82        83        92
         2        16        73        82        83
         2        17        27        28        94
         2        17        18        28        94
         2        17        18        84        94
         2        17        27        93        94
         2        17        83        93        94
         2        17        83        84        94
         2        18        28        29        95
         2        18        19        29        95
         2        18        19        85        95
         2        18        28        94        95
         2        18        84        94        95
         2        18        84        85        95
         2        19        29        30        96
         2        19        20        30        96
         2        19        20        86        96
         2        19        29        95        96
         2        19        85        95        96
         2        19        85        86        96
         2        20        30        31        97
         2        20        21        31        97
         2        20        21        87        97
         2        20        30        96        97
         2        20        86        96        97
         2        20        86        87        97
         2        21        31        32        98
         2        21        22        32        98
         2        21        22        88        98
         2        21        31        97        98
         2        21        87        97        98
         2        21        87        88        98
         2        22        32        33        99
         2        22        23        33        99
         2        22        23        89        99
         2        22        32        98        99
         2        22        88        98        99
         2        22        88        89        99
         2        23        33        34       100
         2        23        24        34       100
         2        23        24        90       100
         2        23        33        99       100
         2        23        89        99       100
         2        23        89        90       100
         2        24        34        35       101
         2        24        25        35       101
         2        24        25        91       101
         2        24        34       100       101
         2        24        90       100       101
         2        24        90        91       101
         2        25        35        36       102
         2        25        26        36       102
         2        25        26        92       102
         2        25        35       101       102
         2        25        91       101       102
         2        25        91        92       102
         2        26        27        36        93
         2        17        26        27        93
         2        17        26        83        93
         2        26        36        93       102
         2        26        92        93       102
         2        26        83        92        93
         2        27        37        38       104
         2        27        28        38       104
         2        27        28        94       104
         2        27        37       103       104
         2        27        93       103       104
         2        27        93        94       104
         2        28        38        39       105
         2        28        29        39       105
         2        28        29        95       105
         2        28        38       104       105
         2        28        94       104       105
         2        28        94        95       105
         2        29        39        40       106
         2        29        30        40       106
         2        29        30        96       106
         2        29        39       105       106
         2        29        95       105       106
         2        29        95        96       106
         2        30        40        41       107
         2        30        31        41       107
         2        30        31        97       107
         2        30        40       106       107
         2        30        96       106       107
         2        30        96        97       107
         2        31        41        42       108
         2        31        32        42       108
         2        31        32        98       108
         2        31        41       107       108
         2        31        97       107       108
         2        31        97        98       108
         2        32        42        43       109
         2        32        33        43       109
         2        32        33        99       109
         2        32        42       108       109
         2        32        98       108       109
         2        32        98        99       109
         2        33        43        44       110
         2        33        34        44       110
         2        33        34       100       110
         2        33        43       109       110
         2        33        99       109       110
         2        33        99       100       110
         2        34        44        45       111
         2        34        35        45       111
         2        34        35       101       111
         2        34        44       110       111
         2        34       100       110       111
         2        34       100       101       111
         2        35        45        46       112
         2        35        36        46       112
         2        35        36       102       112
         2        35        45       111       112
         2        35       101       111       112
         2        35       101       102       112
         2        36        37        46       103
         2        27        36        37       103
         2        27        36        93       103
         2        36        46       103       112
         2        36       102       103       112
         2        36        93       102       103
         2        37        47        48       114
         2        37        38        48       114
         2        37        38       104       114
         2        37        47       113       114
         2        37       103       113       114
         2        37       103       104       114
         2        38        48        49       115
         2        38        39        49       115
         2        38        39       105       115
         2        38        48       114       115
         2        38       104       114       115
         2        38       104       105       115
         2        39        49        50       116
         2        39        40        50       116
         2        39        40       106       116
         2        39        49       115       116
         2        39       105       115       116
         2        39       105       106       116
         2        40        50        51       117
         2        40        41        51       117
         2        40        41       107       117
         2        40        50       116       117
         2        40       106       116       117
         2        40       106       107       117
         2        41        51        52       118
         2        41        42        52       118
         2        41        42       108       118
         2        41        51       117       118
         2        41       107       117       118
         2        41       107       108       118
         2        42        52        53       119
         2        42        43        53       119
         2        42        43       109       119
         2        42        52       118       119
         2        42       108       118       119
         2        42       108       109       119
         2        43        53        54       120
         2        43        44        54       120
         2        43        44       110       120
         2        43        53       119       120
         2        43       109       119       120
         2        43       109       110       120
         2        44        54        55       121
         2        44        45        55       121
         2        44        45       111       121
         2        44        54       120       121
         2        44       110       120       121
         2        44       110       111       121
         2        45        55        56       122
         2        45        46        56       122
         2        45        46       112       122
         2        45        55       121       122
         2        45       111       121       122
         2        45       111       112       122
         2        46        47        56       113
         2        37        46        47       113
         2        37        46       103       113
         2        46        56       113       122
         2        46       112       113       122
         2        46       103       112       113
         2        47        57        58       124
         2        47        48        58       124
         2        47        48       114       124
         2        47        57       123       124
         2        47       113       123       124
         2        47       113       114       124
         2        48        58        59       125
         2        48        49        59       125
         2        48        49       115       125
         2        48        58       124       125
         2        48       114       124       125
         2        48       114       115       125
         2        49        59        60       126
         2        49        50        60       126
         2        49        50       116       126
         2        49        59       125       126
         2        49       115       125       126
         2        49       115       116       126
         2        50        60        61       127
         2        50        51        61       127
         2        50        51       117       127
         2        50        60       126       127
         2        50       116       126       127
         2        50       116       117       127
         2        51        61        62       128
         2        51        52        62       128
         2        51        52       118       128
         2        51        61       127       128
         2        51       117       127       128
         2        51       117       118       128
         2        52        61        62       129
         2        52        53        61       129
         2        52        53       119       129
         2        52        62       128       129
         2        52       118       128       129
         2        52       118       119       129
         2        53        60        61       130
         2        53        54        60       130
         2        53        54       120       130
         2        53        61       129       130
         2        53       119       129       130
         2        53       119       120       130
         2        54        59        60       131
         2        54        55        59       131
         2        54        55       121       131
         2        54        60       130       131
         2        54       120       130       131
         2        54       120       121       131
         2        55        58        59       132
         2        55        56        58       132
         2        55        56       122       132
         2        55        59       131       132
         2        55       121       131       132
         2        55       121       122       132
         2        56        57        58       123
         2        47        56        57       123
         2        47        56       113       123
         2        56        58       123       132
         2        56       122       123       132
         2        56       113       122       123
         2        47        56        57       134
         2        56        57        58       134
         2        57        58       124       134
         2        47        57       133       134
         2        57       123       133       134
         2        57       123       124       134
         2        55        56        58       135
         2        55        58        59       135
         2        58        59       125       135
         2        56        58       134       135
         2        58       124       134       135
         2        58       124       125       135
         2        54        55        59       136
         2        54        59        60       136
         2        59        60       126       136
         2        55        59       135       136
         2        59       125       135       136
         2        59       125       126       136
         2        53        54        60       137
         2        53        60        61       137
         2        60        61       127       137
         2        54        60       136       137
         2        60       126       136       137
         2        60       126       127       137
         2        52        53        61       138
         2        52        61        62       138
         2        61        62       128       138
         2        53        61       137       138
         2        61       127       137       138
         2        61       127       128       138
         2        51        52        62       139
         2        51        61        62       139
         2        61        62       129       139
         2        52        62       138       139
         2        62       128       138       139
         2        62       128       129       139
         2        50        51        61       140
         2        50        60        61       140
         2        60        61       130       140
         2        51        61       139       140
         2        61       129       139       140
         2        61       129       130       140
         2        49        50        60       141
         2        49        59        60       141
         2        59        60       131       141
         2        50        60       140       141
         2        60       130       140       141
         2        60       130       131       141
         2        48        49        59       142
         2        48        58        59       142
         2        58        59       132       142
         2        49        59       141       142
         2        59       131       141       142
         2        59       131       132       142
         2        47        48        58       133
         2        47        57        58       133
         2        57        58       123       133
         2        48        58       133       142
         2        58       132       133       142
         2        58       123       132       133
         2        37        46        47       144
         2        46        47        56       144
         2        47        56       134       144
         2        37        47       143       144
         2        47       133       143       144
         2        47       133       134       144
         2        45        46        56       145
         2        45        55        56       145
         2        55        56       135       145
         2        46        56       144       145
         2        56       134       144       145
         2        56       134       135       145
         2        44        45        55       146
         2        44        54        55       146
         2        54        55       136       146
         2        45        55       145       146
         2        55       135       145       146
         2        55       135       136       146
         2        43        44        54       147
         2        43        53        54       147
         2        53        54       137       147
         2        44        54       146       147
         2        54       136       146       147
         2        54       136       137       147
         2        42        43        53       148
         2        42        52        53       148
         2        52        53       138       148
         2        43        53       147       148
         2        53       137       147       148
         2        53       137       138       148
         2        41        42        52       149
         2        41        51        52       149
         2        51        52       139       149
         2        42        52       148       149
         2        52       138       148       149
         2        52       138       139       149
         2        40        41        51       150
         2        40        50        51       150
         2        50        51       140       150
         2        41        51       149       150
         2        51       139       149       150
         2        51       139       140       150
         2        39        40        50       151
         2        39        49        50       151
         2        49        50       141       151
         2        40        50       150       151
         2        50       140       150       151
         2        50       140       141       151
         2        38        39        49       152
         2        38        48        49       152
         2        48        49       142       152
         2        39        49       151       152
         2        49       141       151       152
         2        49       141       142       152
         2        37        38        48       143
         2        37        47        48       143
         2        47        48       133       143
         2        38        48       143       152
         2        48       142       143       152
         2        48       133       142       143
         2        27        36        37       154
         2        36        37        46       154
         2        37        46       144       154
         2        27        37       153       154
         2        37       143       153       154
         2        37       143       144       154
         2        35        36        46       155
         2        35        45        46       155
         2        45        46       145       155
         2        36        46       154       155
         2        46       144       154       155
         2        46       144       145       155
         2        34        35        45       156
         2        34        44        45       156
         2        44        45       146       156
         2        35        45       155       156
         2        45       145       155       156
         2        45       145       146       156
         2        33        34        44       157
         2        33        43        44       157
         2        43        44       147       157
         2        34        44       156       157
         2        44       146       156       157
         2        44       146       147       157
         2        32        33        43       158
         2        32        42        43       158
         2        42        43       148       158
         2        33        43       157       158
         2        43       147       157       158
         2        43       147       148       158
         2        31        32        42       159
         2        31        41        42       159
         2        41        42       149       159
         2        32        42       158       159
         2        42       148       158       159
         2        42       148       149       159
         2        30        31        41       160
         2        30        40        41       160
         2        40        41       150       160
         2        31        41       159       160
         2        41       149       159       160
         2        41       149       150       160
         2        29        30        40       161
         2        29        39        40       161
         2        39        40       151       161
         2        30        40       160       161
         2        40       150       160       161
         2        40       150       151       161
         2        28        29        39       162
         2        28        38        39       162
         2        38        39       152       162
         2        29        39       161       162
         2        39       151       161       162
         2        39       151       152       162
         2        27        28        38       153
         2        27        37        38       153
         2        37        38       143       153
         2        28        38       153       162
         2        38       152       153       162
         2        38       143       152       153
         2        17        26        27       164
         2        26        27        36       164
         2        27        36       154       164
         2        17        27       163       164
         2        27       153       163       164
         2        27       153       154       164
         2        25        26        36       165
         2        25        35        36       165
         2        35        36       155       165
         2        26        36       164       165
         2        36       154       164       165
         2        36       154       155       165
         2        24        25        35       166
         2        24        34        35       166
         2        34        35       156       166
         2        25        35       165       166
         2        35       155       165       166
         2        35       155       156       166
         2        23        24        34       167
         2        23        33        34       167
         2        33        34       157       167
         2        24        34       166       167
         2        34       156       166       167
         2        34       156       157       167
         2        22        23        33       168
         2        22        32        33       168
         2        32        33       158       168
         2        23        33       167       168
         2        33       157       167       168
         2        33       157       158       168
         2        21        22        32       169
         2        21        31        32       169
         2        31        32       159       169
         2        22        32       168       169
         2        32       158       168       169
         2        32       158       159       169
         2        20        21        31       170
         2        20        30        31       170
         2        30        31       160       170
         2        21        31       169       170
         2        31       159       169       170
         2        31       159       160       170
         2        19        20        30       171
         2        19        29        30       171
         2        29        30       161       171
         2        20        30       170       171
         2        30       160       170       171
         2        30       160       161       171
         2        18        19        29       172
         2        18        28        29       172
         2        28        29       162       172
         2        19        29       171       172
         2        29       161       171       172
         2        29       161       162       172
         2        17        18        28       163
         2        17        27        28       163
         2        27        28       153       163
         2        18        28       163       172
         2        28       162       163       172
         2        28       153       162       163
         2         7        16        17       174
         2        16        17        26       174
         2        17        26       164       174
         2         7        17       173       174
         2        17       163       173       174
         2        17       163       164       174
         2        15        16        26       175
         2        15        25        26       175
         2        25        26       165       175
         2        16        26       174       175
         2        26       164       174       175
         2        26       164       165       175
         2        14        15        25       176
         2        14        24        25       176
         2        24        25       166       176
         2        15        25       175       176
         2        25       165       175       176
         2        25       165       166       176
         2        13        14        24       177
         2        13        23        24       177
         2        23        24       167       177
         2        14        24       176       177
         2        24       166       176       177
         2        24       166       167       177
         2        12        13        23       178
         2        12        22        23       178
         2        22        23       168       178
         2        13        23       177       178
         2        23       167       177       178
         2        23       167       168       178
         2        11        12        22       179
         2        11        21        22       179
         2        21        22       169       179
         2        12        22       178       179
         2        22       168       178       179
         2        22       168       169       179
         2        10        11        21       180
         2        10        20        21       180
         2        20        21       170       180
         2        11        21       179       180
         2        21       169       179       180
         2        21       169       170       180
         2         9        10        20       181
         2         9        19        20       181
         2        19        20       171       181
         2        10        20       180       181
         2        20       170       180       181
         2        20       170       171       181
         2         8         9        19       182
         2         8        18        19       182
         2        18        19       172       182
         2         9        19       181       182
         2        19       171       181       182
         2        19       171       172       182
         2         7         8        18       173
         2         7        17        18       173
         2        17        18       163       173
         2         8        18       173       182
         2        18       172       173       182
         2        18       163       172       173
         2         1         2         7        64
         2         2         7        16        64
         2         7        16        64       174
         2         1         7        63        64
         2         7        63        64       173
         2         7        64       173       174
         2         2         3        16        65
         2         3        15        16        65
         2        15        16        65       175
         2         2        16        64        65
         2        16        64        65       174
         2        16        65       174       175
         2         3         4        15        66
         2         4        14        15        66
         2        14        15        66       176
         2         3        15        65        66
         2        15        65        66       175
         2        15        66       175       176
         2         4         5        14        67
         2         5        13        14        67
         2        13        14        67       177
         2         4        14        66        67
         2        14        66        67       176
         2        14        67       176       177
         2         5         6        13        68
         2         6        12        13        68
         2        12        13        68       178
         2         5        13        67        68
         2        13        67        68       177
         2        13        68       177       178
         2         5         6        12        69
         2         5        11        12        69
         2        11        12        69       179
         2         6        12        68        69
         2        12        68        69       178
         2        12        69       178       179
         2         4         5        11        70
         2         4        10        11        70
         2        10        11        70       180
         2         5        11        69        70
         2        11        69        70       179
         2        11        70       179       180
         2         3         4        10        71
         2         3         9        10        71
         2         9        10        71       181
         2         4        10        70        71
         2        10        70        71       180
         2        10        71       180       181
         2         2         3         9        72
         2         2         8         9        72
         2         8         9        72       182
         2         3         9        71        72
         2         9        71        72       181
         2         9        72       181       182
         2         1         2         8        63
         2         1         7         8        63
         2         7         8        63       173
         2         2         8        63        72
         2         8        63        72       182
         2         8        63       173       182
         2        63        73        74       194
         2        63        64        74       194
         2        63        64       184       194
         2        63        73       193       194
         2        63       183       193       194
         2        63       183       184       194
         2        64        74        75       195
         2        64        65        75       195
         2        64        65       185       195
         2        64        74       194       195
         2        64       184       194       195
         2        64       184       185       195
         2        65        75        76       196
         2        65        66        76       196
         2        65        66       186       196
         2        65        75       195       196
         2        65       185       195       196
         2        65       185       186       196
         2        66        76        77       197
         2        66        67        77       197
         2        66        67       187       197
         2        66        76       196       197
         2        66       186       196       197
         2        66       186       187       197
         2        67        77        78       198
         2        67        68        78       198
         2        67        68       188       198
         2        67        77       197       198
         2        67       187       197       198
         2        67       187       188       198
         2        68        78        79       199
         2        68        69        79       199
         2        68        69       189       199
         2        68        78       198       199
         2        68       188       198       199
         2        68       188       189       199
         2        69        79        80       200
         2        69        70        80       200
         2        69        70       190       200
         2        69        79       199       200
         2        69       189       199       200
         2        69       189       190       200
         2        70        80        81       201
         2        70        71        81       201
         2        70        71       191       201
         2        70        80       200       201
         2        70       190       200       201
         2        70       190       191       201
         2        71        81        82       202
         2        71        72        82       202
         2        71        72       192       202
         2        71        81       201       202
         2        71       191       201       202
         2        71       191       192       202
         2        72        73        82       193
         2        63        72        73       193
         2        63        72       183       193
         2        72        82       193       202
         2        72       192       193       202
         2        72       183       192       193
         2        73        83        84       204
         2        73        74        84       204
         2        73        74       194       204
         2        73        83       203       204
         2        73       193       203       204
         2        73       193       194       204
         2        74        84        85       205
         2        74        75        85       205
         2        74        75       195       205
         2        74        84       204       205
         2        74       194       204       205
         2        74       194       195       205
         2        75        85        86       206
         2        75        76        86       206
         2        75        76       196       206
         2        75        85       205       206
         2        75       195       205       206
         2        75       195       196       206
         2        76        86        87       207
         2        76        77        87       207
         2        76        77       197       207
         2        76        86       206       207
         2        76       196       206       207
         2        76       196       197       207
         2        77        87        88       208
         2        77        78        88       208
         2        77        78       198       208
         2        77        87       207       208
         2        77       197       207       208
         2        77       197       198       208
         2        78        88        89       209
         2        78        79        89       209
         2        78        79       199       209
         2        78        88       208       209
         2        78       198       208       209
         2        78       198       199       209
         2        79        89        90       210
         2        79        80        90       210
         2        79        80       200       210
         2        79        89       209       210
         2        79       199       209       210
         2        79       199       200       210
         2        80        90        91       211
         2        80        81        91       211
         2        80        81       201       211
         2        80        90       210       211
         2        80       200       210       211
         2        80       200       201       211
         2        81        91        92       212
         2        81        82        92       212
         2        81        82       202       212
         2        81        91       211       212
         2        81       201       211       212
         2        81       201       202       212
         2        82        83        92       203
         2        73        82        83       203
         2        73        82       193       203
         2        82        92       203       212
         2        82       202       203       212
         2        82       193       202       203
         2        83        93        94       214
         2        83        84        94       214
         2        83        84       204       214
         2        83        93       213       214
         2        83       203       213       214
         2        83       203       204       214
         2        84        94        95       215
         2        84        85        95       215
         2        84        85       205       215
         2        84        94       214       215
         2        84       204       214       215
         2        84       204       205       215
         2        85        95        96       216
         2        85        86        96       216
         2        85        86       206       216
         2        85        95       215       216
         2        85       205       215       216
         2        85       205       206       216
         2        86        96        97       217
         2        86        87        97       217
         2        86        87       207       217
         2        86        96       216       217
         2        86       206       216       217
         2        86       206       207       217
         2        87        97        98       218
         2        87        88        98       218
         2        87        88       208       218
         2        87        97       217       218
         2        87       207       217       218
         2        87       207       208       218
         2        88        98        99       219
         2        88        89        99       219
         2        88        89       209       219
         2        88        98       218       219
         2        88       208       218       219
         2        88       208       209       219
         2        89        99       100       220
         2        89        90       100       220
         2        89        90       210       220
         2        89        99       219       220
         2        89       209       219       220
         2        89       209       210       220
         2        90       100       101       221
         2        90        91       101       221
         2        90        91       211       221
         2        90       100       220       221
         2        90       210       220       221
         2        90       210       211       221
         2        91       101       102       222
         2        91        92       102       222
         2        91        92       212       222
         2        91       101       221       222
         2        91       211       221       222
         2        91       211       212       222
         2        92        93       102       213
         2        83        92        93       213
         2        83        92       203       213
         2        92       102       213       222
         2        92       212       213       222
         2        92       203       212       213
         2        93       103       104       224
         2        93        94       104       224
         2        93        94       214       224
         2        93       103       223       224
         2        93       213       223       224
         2        93       213       214       224
         2        94       104       105       225
         2        94        95       105       225
         2        94        95       215       225
         2        94       104       224       225
         2        94       214       224       225
         2        94       214       215       225
         2        95       105       106       226
         2        95        96       106       226
         2        95        96       216       226
         2        95       105       225       226
         2        95       215       225       226
         2        95       215       216       226
         2        96       106       107       227
         2        96        97       107       227
         2        96        97       217       227
         2        96       106       226       227
         2        96       216       226       227
         2        96       216       217       227
         2        97       107       108       228
         2        97        98       108       228
         2        97        98       218       228
         2        97       107       227       228
         2        97       217       227       228
         2        97       217       218       228
         2        98       108       109       229
         2        98        99       109       229
         2        98        99       219       229
         2        98       108       228       229
         2        98       218       228       229
         2        98       218       219       229
         2        99       109       110       230
         2        99       100       110       230
         2        99       100       220       230
         2        99       109       229       230
         2        99       219       229       230
         2        99       219       220       230
         2       100       110       111       231
         2       100       101       111       231
         2       100       101       221       231
         2       100       110       230       231
         2       100       220       230       231
         2       100       220       221       231
         2       101       111       112       232
         2       101       102       112       232
         2       101       102       222       232
         2       101       111       231       232
         2       101       221       231       232
         2       101       221       222       232
         2       102       103       112       223
         2        93       102       103       223
         2        93       102       213       223
         2       102       112       223       232
         2       102       222       223       232
         2       102       213       222       223
         2       103       113       114       234
         2       103       104       114       234
         2       103       104       224       234
         2       103       113       233       234
         2       103       223       233       234
         2       103       223       224       234
         2       104       114       115       235
         2       104       105       115       235
         2       104       105       225       235
         2       104       114       234       235
         2       104       224       234       235
         2       104       224       225       235
         2       105       115       116       236
         2       105       106       116       236
         2       105       106       226       236
         2       105       115       235       236
         2       105       225       235       236
         2       105       225       226       236
         2       106       116       117       237
         2       106       107       117       237
         2       106       107       227       237
         2       106       116       236       237
         2       106       226       236       237
         2       106       226       227       237
         2       107       117       118       238
         2       107       108       118       238
         2       107       108       228       238
         2       107       117       237       238
         2       107       227       237       238
         2       107       227       228       238
         2       108       118       119       239
         2       108       109       119       239
         2       108       109       229       239
         2       108       118       238       239
         2       108       228       238       239
         2       108       228       229       239
         2       109       119       120       240
         2       109       110       120       240
         2       109       110       230       240
         2       109       119       239       240
         2       109       229       239       240
         2       109       229       230       240
         2       110       120       121       241
         2       110       111       121       241
         2       110       111       231       241
         2       110       120       240       241
         2       110       230       240       241
         2       110       230       231       241
         2       111       121       122       242
         2       111       112       122       242
         2       111       112       232       242
         2       111       121       241       242
         2       111       231       241       242
         2       111       231       232       242
         2       112       113       122       233
         2       103       112       113       233
         2       103       112       223       233
         2       112       122       233       242
         2       112       232       233       242
         2       112       223       232       233
         2       113       123       124       244
         2       113       114       124       244
         2       113       114       234       244
         2       113       123       243       244
         2       113       233       243       244
         2       113       233       234       244
         2       114       124       125       245
         2       114       115       125       245
         2       114       115       235       245
         2       114       124       244       245
         2       114       234       244       245
         2       114       234       235       245
         2       115       125       126       246
         2       115       116       126       246
         2       115       116       236       246
         2       115       125       245       246
         2       115       235       245       246
         2       115       235       236       246
         2       116       126       127       247
         2       116       117       127       247
         2       116       117       237       247
         2       116       126       246       247
         2       116       236       246       247
         2       116       236       237       247
         2       117       127       128       248
         2       117       118       128       248
         2       117       118       238       248
         2       117       127       247       248
         2       117       237       247       248
         2       117       237       238       248
         2       118       128       129       249
         2       118       119       129       249
         2       118       119       239       249
         2       118       128       248       249
         2       118       238       248       249
         2       118       238       239       249
         2       119       129       130       250
         2       119       120       130       250
         2       119       120       240       250
         2       119       129       249       250
         2       119       239       249       250
         2       119       239       240       250
         2       120       130       131       251
         2       120       121       131       251
         2       120       121       241       251
         2       120       130       250       251
         2       120       240       250       251
         2       120       240       241       251
         2       121       131       132       252
         2       121       122       132       252
         2       121       122       242       252
         2       121       131       251       252
         2       121       241       251       252
         2       121       241       242       252
         2       122       123       132       243
         2       113       122       123       243
         2       113       122       233       243
         2       122       132       243       252
         2       122       242       243       252
         2       122       233       242       243
         2       123       133       134       254
         2       123       124       134       254
         2       123       124       244       254
         2       123       133       253       254
         2       123       243       253       254
         2       123       243       244       254
         2       124       134       135       255
         2       124       125       135       255
         2       124       125       245       255
         2       124       134       254       255
         2       124       244       254       255
         2       124       244       245       255
         2       125       135       136       256
         2       125       126       136       256
         2       125       126       246       256
         2       125       135       255       256
         2       125       245       255       256
         2       125       245       246       256
         2       126       136       137       257
         2       126       127       137       257
         2       126       127       247       257
         2       126       136       256       257
         2       126       246       256       257
         2       126       246       247       257
         2       127       137       138       258
         2       127       128       138       258
         2       127       128       248       258
         2       127       137       257       258
         2       127       247       257       258
         2       127       247       248       258
         2       128       138       139       259
         2       128       129       139       259
         2       128       129       249       259
         2       128       138       258       259
         2       128       248       258       259
         2       128       248       249       259
         2       129       139       140       260
         2       129       130       140       260
         2       129       130       250       260
         2       129       139       259       260
         2       129       249       259       260
         2       129       249       250       260
         2       130       140       141       261
         2       130       131       141       261
         2       130       131       251       261
         2       130       140       260       261
         2       130       250       260       261
         2       130       250       251       261
         2       131       141       142       262
         2       131       132       142       262
         2       131       132       252       262
         2       131       141       261       262
         2       131       251       261       262
         2       131       251       252       262
         2       132       133       142       253
         2       123       132       133       253
         2       123       132       243       253
         2       132       142       253       262
         2       132       252       253       262
         2       132       243       252       253
         2       133       143       144       264
         2       133       134       144       264
         2       133       134       254       264
         2       133       143       263       264
         2       133       253       263       264
         2       133       253       254       264
         2       134       144       145       265
         2       134       135       145       265
         2       134       135       255       265
         2       134       144       264       265
         2       134       254       264       265
         2       134       254       255       265
         2       135       145       146       266
         2       135       136       146       266
         2       135       136       256       266
         2       135       145       265       266
         2       135       255       265       266
         2       135       255       256       266
         2       136       146       147       267
         2       136       137       147       267
         2       136       137       257       267
         2       136       146       266       267
         2       136       256       266       267
         2       136       256       257       267
         2       137       147       148       268
         2       137       138       148       268
         2       137       138       258       268
         2       137       147       267       268
         2       137       257       267       268
         2       137       257       258       268
         2       138       148       149       269
         2       138       139       149       269
         2       138       139       259       269
         2       138       148       268       269
         2       138       258       268       269
         2       138       258       259       269
         2       139       149       150       270
         2       139       140       150       270
         2       139       140       260       270
         2       139       149       269       270
         2       139       259       269       270
         2       139       259       260       270
         2       140       150       151       271
         2       140       141       151       271
         2       140       141       261       271
         2       140       150       270       271
         2       140       260       270       271
         2       140       260       261       271
         2       141       151       152       272
         2       141       142       152       272
         2       141       142       262       272
         2       141       151       271       272
         2       141       261       271       272
         2       141       261       262       272
         2       142       143       152       263
         2       133       142       143       263
         2       133       142       253       263
         2       142       152       263       272
         2       142       262       263       272
         2       142       253       262       263
         2       143       153       154       274
         2       143       144       154       274
         2       143       144       264       274
         2       143       153       273       274
         2       143       263       273       274
         2       143       263       264       274
         2       144       154       155       275
         2       144       145       155       275
         2       144       145       265       275
         2       144       154       274       275
         2       144       264       274       275
         2       144       264       265       275
         2       145       155       156       276
         2       145       146       156       276
         2       145       146       266       276
         2       145       155       275       276
         2       145       265       275       276
         2       145       265       266       276
         2       146       156       157       277
         2       146       147       157       277
         2       146       147       267       277
         2       146       156       276       277
         2       146       266       276       277
         2       146       266       267       277
         2       147       157       158       278
         2       147       148       158       278
         2       147       148       268       278
         2       147       157       277       278
         2       147       267       277       278
         2       147       267       268       278
         2       148       158       159       279
         2       148       149       159       279
         2       148       149       269       279
         2       148       158       278       279
         2       148       268       278       279
         2       148       268       269       279
         2       149       159       160       280
         2       149       150       160       280
         2       149       150       270       280
         2       149       159       279       280
         2       149       269       279       280
         2       149       269       270       280
         2       150       160       161       281
         2       150       151       161       281
         2       150       151       271       281
         2       150       160       280       281
         2       150       270       280       281
         2       150       270       271       281
         2       151       161       162       282
         2       151       152       162       282
         2       151       152       272       282
         2       151       161       281       282
         2       151       271       281       282
         2       151       271       272       282
         2       152       153       162       273
         2       143       152       153       273
         2       143       152       263       273
         2       152       162       273       282
         2       152       272       273       282
         2       152       263       272       273
         2       153       163       164       284
         2       153       154       164       284
         2       153       154       274       284
         2       153       163       283       284
         2       153       273       283       284
         2       153       273       274       284
         2       154       164       165       285
         2       154       155       165       285
         2       154       155       275       285
         2       154       164       284       285
         2       154       274       284       285
         2       154       274       275       285
         2       155       165       166       286
         2       155       156       166       286
         2       155       156       276       286
         2       155       165       285       286
         2       155       275       285       286
         2       155       275       276       286
         2       156       166       167       287
         2       156       157       167       287
         2       156       157       277       287
         2       156       166       286       287
         2       156       276       286       287
         2       156       276       277       287
         2       157       167       168       288
         2       157       158       168       288
         2       157       158       278       288
         2       157       167       287       288
         2       157       277       287       288
         2       157       277       278       288
         2       158       168       169       289
         2       158       159       169       289
         2       158       159       279       289
         2       158       168       288       289
         2       158       278       288       289
         2       158       278       279       289
         2       159       169       170       290
         2       159       160       170       290
         2       159       160       280       290
         2       159       169       289       290
         2       159       279       289       290
         2       159       279       280       290
         2       160       170       171       291
         2       160       161       171       291
         2       160       161       281       291
         2       160       170       290       291
         2       160       280       290       291
         2       160       280       281       291
         2       161       171       172       292
         2       161       162       172       292
         2       161       162       282       292
         2       161       171       291       292
         2       161       281       291       292
         2       161       281       282       292
         2       162       163       172       283
         2       153       162       163       283
         2       153       162       273       283
         2       162       172       283       292
         2       162       282       283       292
         2       162       273       282       283
         2       163       173       174       294
         2       163       164       174       294
         2       163       164       284       294
         2       163       173       293       294
         2       163       283       293       294
         2       163       283       284       294
         2       164       174       175       295
         2       164       165       175       295
         2       164       165       285       295
         2       164       174       294       295
         2       164       284       294       295
         2       164       284       285       295
         2       165       175       176       296
         2       165       166       176       296
         2       165       166       286       296
         2       165       175       295       296
         2       165       285       295       296
         2       165       285       286       296
         2       166       176       177       297
         2       166       167       177       297
         2       166       167       287       297
         2       166       176       296       297
         2       166       286       296       297
         2       166       286       287       297
         2       167       177       178       298
         2       167       168       178       298
         2       167       168       288       298
         2       167       177       297       298
         2       167       287       297       298
         2       167       287       288       298
         2       168       178       179       299
         2       168       169       179       299
         2       168       169       289       299
         2       168       178       298       299
         2       168       288       298       299
         2       168       288       289       299
         2       169       179       180       300
         2       169       170       180       300
         2       169       170       290       300
         2       169       179       299       300
         2       169       289       299       300
         2       169       289       290       300
         2       170       180       181       301
         2       170       171       181       301
         2       170       171       291       301
         2       170       180       300       301
         2       170       290       300       301
         2       170       290       291       301
         2       171       181       182       302
         2       171       172       182       302
         2       171       172       292       302
         2       171       181       301       302
         2       171       291       301       302
         2       171       291       292       302
         2       172       173       182       293
         2       163       172       173       293
         2       163       172       283       293
         2       172       182       293       302
         2       172       292       293       302
         2       172       283       292       293
         2        63        64       173       184
         2        64       173       174       184
         2       173       174       184       294
         2        63       173       183       184
         2       173       183       184       293
         2       173       184       293       294
         2        64        65       174       185
         2        65       174       175       185
         2       174       175       185       295
         2        64       174       184       185
         2       174       184       185       294
         2       174       185       294       295
         2        65        66       175       186
         2        66       175       176       186
         2       175       176       186       296
         2        65       175       185       186
         2       175       185       186       295
         2       175       186       295       296
         2        66        67       176       187
         2        67       176       177       187
         2       176       177       187       297
         2        66       176       186       187
         2       176       186       187       296
         2       176       187       296       297
         2        67        68       177       188
         2        68       177       178       188
         2       177       178       188       298
         2        67       177       187       188
         2       177       187       188       297
         2       177       188       297       298
         2        68        69       178       189
         2        69       178       179       189
         2       178       179       189       299
         2        68       178       188       189
         2       178       188       189       298
         2       178       189       298       299
         2        69        70       179       190
         2        70       179       180       190
         2       179       180       190       300
         2        69       179       189       190
         2       179       189       190       299
         2       179       190       299       300
         2        70        71       180       191
         2        71       180       181       191
         2       180       181       191       301
         2        70       180       190       191
         2       180       190       191       300
         2       180       191       300       301
         2        71        72       181       192
         2        72       181       182       192
         2       181       182       192       302
         2        71       181       191       192
         2       181       191       192       301
         2       181       192       301       302
         2        63        72       182       183
         2        63       173       182       183
         2       173       182       183       293
         2        72       182       183       192
         2       182       183       192       302
         2       182       183       293       302
         2       183       193       194       314
         2       183       184       194       314
         2       183       184       304       314
         2       183       193       313       314
         2       183       303       313       314
         2       183       303       304       314
         2       184       194       195       315
         2       184       185       195       315
         2       184       185       305       315
         2       184       194       314       315
         2       184       304       314       315
         2       184       304       305       315
         2       185       195       196       316
         2       185       186       196       316
         2       185       186       306       316
         2       185       195       315       316
         2       185       305       315       316
         2       185       305       306       316
         2       186       196       197       317
         2       186       187       197       317
         2       186       187       307       317
         2       186       196       316       317
         2       186       306       316       317
         2       186       306       307       317
         2       187       197       198       318
         2       187       188       198       318
         2       187       188       308       318
         2       187       197       317       318
         2       187       307       317       318
         2       187       307       308       318
         2       188       198       199       319
         2       188       189       199       319
         2       188       189       309       319
         2       188       198       318       319
         2       188       308       318       319
         2       188       308       309       319
         2       189       199       200       320
         2       189       190       200       320
         2       189       190       310       320
         2       189       199       319       320
         2       189       309       319       320
         2       189       309       310       320
         2       190       200       201       321
         2       190       191       201       321
         2       190       191       311       321
         2       190       200       320       321
         2       190       310       320       321
         2       190       310       311       321
         2       191       201       202       322
         2       191       192       202       322
         2       191       192       312       322
         2       191       201       321       322
         2       191       311       321       322
         2       191       311       312       322
         2       192       193       202       313
         2       183       192       193       313
         2       183       192       303       313
         2       192       202       313       322
         2       192       312       313       322
         2       192       303       312       313
         2       193       203       204       324
         2       193       194       204       324
         2       193       194       314       324
         2       193       203       323       324
         2       193       313       323       324
         2       193       313       314       324
         2       194       204       205       325
         2       194       195       205       325
         2       194       195       315       325
         2       194       204       324       325
         2       194       314       324       325
         2       194       314       315       325
         2       195       205       206       326
         2       195       196       206       326
         2       195       196       316       326
         2       195       205       325       326
         2       195       315       325       326
         2       195       315       316       326
         2       196       206       207       327
         2       196       197       207       327
         2       196       197       317       327
         2       196       206       326       327
         2       196       316       326       327
         2       196       316       317       327
         2       197       207       208       328
         2       197       198       208       328
         2       197       198       318       328
         2       197       207       327       328
         2       197       317       327       328
         2       197       317       318       328
         2       198       208       209       329
         2       198       199       209       329
         2       198       199       319       329
         2       198       208       328       329
         2       198       318       328       329
         2       198       318       319       329
         2       199       209       210       330
         2       199       200       210       330
         2       199       200       320       330
         2       199       209       329       330
         2       199       319       329       330
         2       199       319       320       330
         2       200       210       211       331
         2       200       201       211       331
         2       200       201       321       331
         2       200       210       330       331
         2       200       320       330       331
         2       200       320       321       331
         2       201       211       212       332
         2       201       202       212       332
         2       201       202       322       332
         2       201       211       331       332
         2       201       321       331       332
         2       201       321       322       332
         2       202       203       212       323
         2       193       202       203       323
         2       193       202       313       323
         2       202       212       323       332
         2       202       322       323       332
         2       202       313       322       323
         2       203       213       214       334
         2       203       204       214       334
         2       203       204       324       334
         2       203       213       333       334
         2       203       323       333       334
         2       203       323       324       334
         2       204       214       215       335
         2       204       205       215       335
         2       204       205       325       335
         2       204       214       334       335
         2       204       324       334       335
         2       204       324       325       335
         2       205       215       216       336
         2       205       206       216       336
         2       205       206       326       336
         2       205       215       335       336
         2       205       325       335       336
         2       205       325       326       336
         2       206       216       217       337
         2       206       207       217       337
         2       206       207       327       337
         2       206       216       336       337
         2       206       326       336       337
         2       206       326       327       337
         2       207       217       218       338
         2       207       208       218       338
         2       207       208       328       338
         2       207       217       337       338
         2       207       327       337       338
         2       207       327       328       338
         2       208       218       219       339
         2       208       209       219       339
         2       208       209       329       339
         2       208       218       338       339
         2       208       328       338       339
         2       208       328       329       339
         2       209       219       220       340
         2       209       210       220       340
         2       209       210       330       340
         2       209       219       339       340
         2       209       329       339       340
         2       209       329       330       340
         2       210       220       221       341
         2       210       211       221       341
         2       210       211       331       341
         2       210       220       340       341
         2       210       330       340       341
         2       210       330       331       341
         2       211       221       222       342
         2       211       212       222       342
         2       211       212       332       342
         2       211       221       341       342
         2       211       331       341       342
         2       211       331       332       342
         2       212       213       222       333
         2       203       212       213       333
         2       203       212       323       333
         2       212       222       333       342
         2       212       332       333       342
         2       212       323       332       333
         2       213       223       224       344
         2       213       214       224       344
         2       213       214       334       344
         2       213       223       343       344
         2       213       333       343       344
         2       213       333       334       344
         2       214       224       225       345
         2       214       215       225       345
         2       214       215       335       345
         2       214       224       344       345
         2       214       334       344       345
         2       214       334       335       345
         2       215       225       226       346
         2       215       216       226       346
         2       215       216       336       346
         2       215       225       345       346
         2       215       335       345       346
         2       215       335       336       346
         2       216       226       227       347
         2       216       217       227       347
         2       216       217       337       347
         2       216       226       346       347
         2       216       336       346       347
         2       216       336       337       347
         2       217       227       228       348
         2       217       218       228       348
         2       217       218       338       348
         2       217       227       347       348
         2       217       337       347       348
         2       217       337       338       348
         2       218       228       229       349
         2       218       219       229       349
         2       218       219       339       349
         2       218       228       348       349
         2       218       338       348       349
         2       218       338       339       349
         2       219       229       230       350
         2       219       220       230       350
         2       219       220       340       350
         2       219       229       349       350
         2       219       339       349       350
         2       219       339       340       350
         2       220       230       231       351
         2       220       221       231       351
         2       220       221       341       351
         2       220       230       350       351
         2       220       340       350       351
         2       220       340       341       351
         2       221       231       232       352
         2       221       222       232       352
         2       221       222       342       352
         2       221       231       351       352
         2       221       341       351       352
         2       221       341       342       352
         2       222       223       232       343
         2       213       222       223       343
         2       213       222       333       343
         2       222       232       343       352
         2       222       342       343       352
         2       222       333       342       343
         2       223       233       234       354
         2       223       224       234       354
         2       223       224       344       354
         2       223       233       353       354
         2       223       343       353       354
         2       223       343       344       354
         2       224       234       235       355
         2       224       225       235       355
         2       224       225       345       355
         2       224       234       354       355
         2       224       344       354       355
         2       224       344       345       355
         2       225       235       236       356
         2       225       226       236       356
         2       225       226       346       356
         2       225       235       355       356
         2       225       345       355       356
         2       225       345       346       356
         2       226       236       237       357
         2       226       227       237       357
         2       226       227       347       357
         2       226       236       356       357
         2       226       346       356       357
         2       226       346       347       357
         2       227       237       238       358
         2       227       228       238       358
         2       227       228       348       358
         2       227       237       357       358
         2       227       347       357       358
         2       227       347       348       358
         2       228       238       239       359
         2       228       229       239       359
         2       228       229       349       359
         2       228       238       358       359
         2       228       348       358       359
         2       228       348       349       359
         2       229       239       240       360
         2       229       230       240       360
         2       229       230       350       360
         2       229       239       359       360
         2       229       349       359       360
         2       229       349       350       360
         2       230       240       241       361
         2       230       231       241       361
         2       230       231       351       361
         2       230       240       360       361
         2       230       350       360       361
         2       230       350       351       361
         2       231       241       242       362
         2       231       232       242       362
         2       231       232       352       362
         2       231       241       361       362
         2       231       351       361       362
         2       231       351       352       362
         2       232       233       242       353
         2       223       232       233       353
         2       223       232       343       353
         2       232       242       353       362
         2       232       352       353       362
         2       232       343       352       353
         2       233       243       244       364
         2       233       234       244       364
         2       233       234       354       364
         2       233       243       363       364
         2       233       353       363       364
         2       233       353       354       364
         2       234       244       245       365
         2       234       235       245       365
         2       234       235       355       365
         2       234       244       364       365
         2       234       354       364       365
         2       234       354       355       365
         2       235       245       246       366
         2       235       236       246       366
         2       235       236       356       366
         2       235       245       365       366
         2       235       355       365       366
         2       235       355       356       366
         2       236       246       247       367
         2       236       237       247       367
         2       236       237       357       367
         2       236       246       366       367
         2       236       356       366       367
         2       236       356       357       367
         2       237       247       248       368
         2       237       238       248       368
         2       237       238       358       368
         2       237       247       367       368
         2       237       357       367       368
         2       237       357       358       368
         2       238       248       249       369
         2       238       239       249       369
         2       238       239       359       369
         2       238       248       368       369
         2       238       358       368       369
         2       238       358       359       369
         2       239       249       250       370
         2       239       240       250       370
         2       239       240       360       370
         2       239       249       369       370
         2       239       359       369       370
         2       239       359       360       370
         2       240       250       251       371
         2       240       241       251       371
         2       240       241       361       371
         2       240       250       370       371
         2       240       360       370       371
         2       240       360       361       371
         2       241       251       252       372
         2       241       242       252       372
         2       241       242       362       372
         2       241       251       371       372
         2       241       361       371       372
         2       241       361       362       372
         2       242       243       252       363
         2       233       242       243       363
         2       233       242       353       363
         2       242       252       363       372
         2       242       362       363       372
         2       242       353       362       363
         2       243       253       254       374
         2       243       244       254       374
         2       243       244       364       374
         2       243       253       373       374
         2       243       363       373       374
         2       243       363       364       374
         2       244       254       255       375
         2       244       245       255       375
         2       244       245       365       375
         2       244       254       374       375
         2       244       364       374       375
         2       244       364       365       375
         2       245       255       256       376
         2       245       246       256       376
         2       245       246       366       376
         2       245       255       375       376
         2       245       365       375       376
         2       245       365       366       376
         2       246       256       257       377
         2       246       247       257       377
         2       246       247       367       377
         2       246       256       376       377
         2       246       366       376       377
         2       246       366       367       377
         2       247       257       258       378
         2       247       248       258       378
         2       247       248       368       378
         2       247       257       377       378
         2       247       367       377       378
         2       247       367       368       378
         2       248       258       259       379
         2       248       249       259       379
         2       248       249       369       379
         2       248       258       378       379
         2       248       368       378       379
         2       248       368       369       379
         2       249       259       260       380
         2       249       250       260       380
         2       249       250       370       380
         2       249       259       379       380
         2       249       369       379       380
         2       249       369       370       380
         2       250       260       261       381
         2       250       251       261       381
         2       250       251       371       381
         2       250       260       380       381
         2       250       370       380       381
         2       250       370       371       381
         2       251       261       262       382
         2       251       252       262       382
         2       251       252       372       382
         2       251       261       381       382
         2       251       371       381       382
         2       251       371       372       382
         2       252       253       262       373
         2       243       252       253       373
         2       243       252       363       373
         2       252       262       373       382
         2       252       372       373       382
         2       252       363       372       373
         2       253       263       264       384
         2       253       254       264       384
         2       253       254       374       384
         2       253       263       383       384
         2       253       373       383       384
         2       253       373       374       384
         2       254       264       265       385
         2       254       255       265       385
         2       254       255       375       385
         2       254       264       384       385
         2       254       374       384       385
         2       254       374       375       385
         2       255       265       266       386
         2       255       256       266       386
         2       255       256       376       386
         2       255       265       385       386
         2       255       375       385       386
         2       255       375       376       386
         2       256       266       267       387
         2       256       257       267       387
         2       256       257       377       387
         2       256       266       386       387
         2       256       376       386       387
         2       256       376       377       387
         2       257       267       268       388
         2       257       258       268       388
         2       257       258       378       388
         2       257       267       387       388
         2       257       377       387       388
         2       257       377       378       388
         2       258       268       269       389
         2       258       259       269       389
         2       258       259       379       389
         2       258       268       388       389
         2       258       378       388       389
         2       258       378       379       389
         2       259       269       270       390
         2       259       260       270       390
         2       259       260       380       390
         2       259       269       389       390
         2       259       379       389       390
         2       259       379       380       390
         2       260       270       271       391
         2       260       261       271       391
         2       260       261       381       391
         2       260       270       390       391
         2       260       380       390       391
         2       260       380       381       391
         2       261       271       272       392
         2       261       262       272       392
         2       261       262       382       392
         2       261       271       391       392
         2       261       381       391       392
         2       261       381       382       392
         2       262       263       272       383
         2       253       262       263       383
         2       253       262       373       383
         2       262       272       383       392
         2       262       382       383       392
         2       262       373       382       383
         2       263       273       274       394
         2       263       264       274       394
         2       263       264       384       394
         2       263       273       393       394
         2       263       383       393       394
         2       263       383       384       394
         2       264       274       275       395
         2       264       265       275       395
         2       264       265       385       395
         2       264       274       394       395
         2       264       384       394       395
         2       264       384       385       395
         2       265       275       276       396
         2       265       266       276       396
         2       265       266       386       396
         2       265       275       395       396
         2       265       385       395       396
         2       265       385       386       396
         2       266       276       277       397
         2       266       267       277       397
         2       266       267       387       397
         2       266       276       396       397
         2       266       386       396       397
         2       266       386       387       397
         2       267       277       278       398
         2       267       268       278       398
         2       267       268       388       398
         2       267       277       397       398
         2       267       387       397       398
         2       267       387       388       398
         2       268       278       279       399
         2       268       269       279       399
         2       268       269       389       399
         2       268       278       398       399
         2       268       388       398       399
         2       268       388       389       399
         2       269       279       280       400
         2       269       270       280       400
         2       269       270       390       400
         2       269       279       399       400
         2       269       389       399       400
         2       269       389       390       400
         2       270       280       281       401
         2       270       271       281       401
         2       270       271       391       401
         2       270       280       400       401
         2       270       390       400       401
         2       270       390       391       401
         2       271       281       282       402
         2       271       272       282       402
         2       271       272       392       402
         2       271       281       401       402
         2       271       391       401       402
         2       271       391       392       402
         2       272       273       282       393
         2       263       272       273       393
         2       263       272       383       393
         2       272       282       393       402
         2       272       392       393       402
         2       272       383       392       393
         2       273       283       284       404
         2       273       274       284       404
         2       273       274       394       404
         2       273       283       403       404
         2       273       393       403       404
         2       273       393       394       404
         2       274       284       285       405
         2       274       275       285       405
         2       274       275       395       405
         2       274       284       404       405
         2       274       394       404       405
         2       274       394       395       405
         2       275       285       286       406
         2       275       276       286       406
         2       275       276       396       406
         2       275       285       405       406
         2       275       395       405       406
         2       275       395       396       406
         2       276       286       287       407
         2       276       277       287       407
         2       276       277       397       407
         2       276       286       406       407
         2       276       396       406       407
         2       276       396       397       407
         2       277       287       288       408
         2       277       278       288       408
         2       277       278       398       408
         2       277       287       407       408
         2       277       397       407       408
         2       277       397       398       408
         2       278       288       289       409
         2       278       279       289       409
         2       278       279       399       409
         2       278       288       408       409
         2       278       398       408       409
         2       278       398       399       409
         2       279       289       290       410
         2       279       280       290       410
         2       279       280       400       410
         2       279       289       409       410
         2       279       399       409       410
         2       279       399       400       410
         2       280       290       291       411
         2       280       281       291       411
         2       280       281       401       411
         2       280       290       410       411
         2       280       400       410       411
         2       280       400       401       411
         2       281       291       292       412
         2       281       282       292       412
         2       281       282       402       412
         2       281       291       411       412
         2       281       401       411       412
         2       281       401       402       412
         2       282       283       292       403
         2       273       282       283       403
         2       273       282       393       403
         2       282       292       403       412
         2       282       402       403       412
         2       282       393       402       403
         2       283       293       294       414
         2       283       284       294       414
         2       283       284       404       414
         2       283       293       413       414
         2       283       403       413       414
         2       283       403       404       414
         2       284       294       295       415
         2       284       285       295       415
         2       284       285       405       415
         2       284       294       414       415
         2       284       404       414       415
         2       284       404       405       415
         2       285       295       296       416
         2       285       286       296       416
         2       285       286       406       416
         2       285       295       415       416
         2       285       405       415       416
         2       285       405       406       416
         2       286       296       297       417
         2       286       287       297       417
         2       286       287       407       417
         2       286       296       416       417
         2       286       406       416       417
         2       286       406       407       417
         2       287       297       298       418
         2       287       288       298       418
         2       287       288       408       418
         2       287       297       417       418
         2       287       407       417       418
         2       287       407       408       418
         2       288       298       299       419
         2       288       289       299       419
         2       288       289       409       419
         2       288       298       418       419
         2       288       408       418       419
         2       288       408       409       419
         2       289       299       300       420
         2       289       290       300       420
         2       289       290       410       420
         2       289       299       419       420
         2       289       409       419       420
         2       289       409       410       420
         2       290       300       301       421
         2       290       291       301       421
         2       290       291       411       421
         2       290       300       420       421
         2       290       410       420       421
         2       290       410       411       421
         2       291       301       302       422
         2       291       292       302       422
         2       291       292       412       422
         2       291       301       421       422
         2       291       411       421       422
         2       291       411       412       422
         2       292       293       302       413
         2       283       292       293       413
         2       283       292       403       413
         2       292       302       413       422
         2       292       412       413       422
         2       292       403       412       413
         2       183       184       293       304
         2       184       293       294       304
         2       293       294       304       414
         2       183       293       303       304
         2       293       303       304       413
         2       293       304       413       414
         2       184       185       294       305
         2       185       294       295       305
         2       294       295       305       415
         2       184       294       304       305
         2       294       304       305       414
         2       294       305       414       415
         2       185       186       295       306
         2       186       295       296       306
         2       295       296       306       416
         2       185       295       305       306
         2       295       305       306       415
         2       295       306       415       416
         2       186       187       296       307
         2       187       296       297       307
         2       296       297       307       417
         2       186       296       306       307
         2       296       306       307       416
         2       296       307       416       417
         2       187       188       297       308
         2       188       297       298       308
         2       297       298       308       418
         2       187       297       307       308
         2       297       307       308       417
         2       297       308       417       418
         2       188       189       298       309
         2       189       298       299       309
         2       298       299       309       419
         2       188       298       308       309
         2       298       308       309       418
         2       298       309       418       419
         2       189       190       299       310
         2       190       299       300       310
         2       299       300       310       420
         2       189       299       309       310
         2       299       309       310       419
         2       299       310       419       420
         2       190       191       300       311
         2       191       300       301       311
         2       300       301       311       421
         2       190       300       310       311
         2       300       310       311       420
         2       300       311       420       421
         2       191       192       301       312
         2       192       301       302       312
         2       301       302       312       422
         2       191       301       311       312
         2       301       311       312       421
         2       301       312       421       422
         2       183       192       302       303
         2       183       293       302       303
         2       293       302       303       413
         2       192       302       303       312
         2       302       303       312       422
         2       302       303       413       422
         2       303       313       314       434
         2       303       304       314       434
         2       303       304       424       434
         2       303       313       433       434
         2       303       423       433       434
         2       303       423       424       434
         2       304       314       315       435
         2       304       305       315       435
         2       304       305       425       435
         2       304       314       434       435
         2       304       424       434       435
         2       304       424       425       435
         2       305       315       316       436
         2       305       306       316       436
         2       305       306       426       436
         2       305       315       435       436
         2       305       425       435       436
         2       305       425       426       436
         2       306       316       317       437
         2       306       307       317       437
         2       306       307       427       437
         2       306       316       436       437
         2       306       426       436       437
         2       306       426       427       437
         2       307       317       318       438
         2       307       308       318       438
         2       307       308       428       438
         2       307       317       437       438
         2       307       427       437       438
         2       307       427       428       438
         2       308       318       319       439
         2       308       309       319       439
         2       308       309       429       439
         2       308       318       438       439
         2       308       428       438       439
         2       308       428       429       439
         2       309       319       320       440
         2       309       310       320       440
         2       309       310       430       440
         2       309       319       439       440
         2       309       429       439       440
         2       309       429       430       440
         2       310       320       321       441
         2       310       311       321       441
         2       310       311       431       441
         2       310       320       440       441
         2       310       430       440       441
         2       310       430       431       441
         2       311       321       322       442
         2       311       312       322       442
         2       311       312       432       442
         2       311       321       441       442
         2       311       431       441       442
         2       311       431       432       442
         2       312       313       322       433
         2       303       312       313       433
         2       303       312       423       433
         2       312       322       433       442
         2       312       432       433       442
         2       312       423       432       433
         2       313       323       324       444
         2       313       314       324       444
         2       313       314       434       444
         2       313       323       443       444
         2       313       433       443       444
         2       313       433       434       444
         2       314       324       325       445
         2       314       315       325       445
         2       314       315       435       445
         2       314       324       444       445
         2       314       434       444       445
         2       314       434       435       445
         2       315       325       326       446
         2       315       316       326       446
         2       315       316       436       446
         2       315       325       445       446
         2       315       435       445       446
         2       315       435       436       446
         2       316       326       327       447
         2       316       317       327       447
         2       316       317       437       447
         2       316       326       446       447
         2       316       436       446       447
         2       316       436       437       447
         2       317       327       328       448
         2       317       318       328       448
         2       317       318       438       448
         2       317       327       447       448
         2       317       437       447       448
         2       317       437       438       448
         2       318       328       329       449
         2       318       319       329       449
         2       318       319       439       449
         2       318       328       448       449
         2       318       438       448       449
         2       318       438       439       449
         2       319       329       330       450
         2       319       320       330       450
         2       319       320       440       450
         2       319       329       449       450
         2       319       439       449       450
         2       319       439       440       450
         2       320       330       331       451
         2       320       321       331       451
         2       320       321       441       451
         2       320       330       450       451
         2       320       440       450       451
         2       320       440       441       451
         2       321       331       332       452
         2       321       322       332       452
         2       321       322       442       452
         2       321       331       451       452
         2       321       441       451       452
         2       321       441       442       452
         2       322       323       332       443
         2       313       322       323       443
         2       313       322       433       443
         2       322       332       443       452
         2       322       442       443       452
         2       322       433       442       443
         2       323       333       334       454
         2       323       324       334       454
         2       323       324       444       454
         2       323       333       453       454
         2       323       443       453       454
         2       323       443       444       454
         2       324       334       335       455
         2       324       325       335       455
         2       324       325       445       455
         2       324       334       454       455
         2       324       444       454       455
         2       324       444       445       455
         2       325       335       336       456
         2       325       326       336       456
         2       325       326       446       456
         2       325       335       455       456
         2       325       445       455       456
         2       325       445       446       456
         2       326       336       337       457
         2       326       327       337       457
         2       326       327       447       457
         2       326       336       456       457
         2       326       446       456       457
         2       326       446       447       457
         2       327       337       338       458
         2       327       328       338       458
         2       327       328       448       458
         2       327       337       457       458
         2       327       447       457       458
         2       327       447       448       458
         2       328       338       339       459
         2       328       329       339       459
         2       328       329       449       459
         2       328       338       458       459
         2       328       448       458       459
         2       328       448       449       459
         2       329       339       340       460
         2       329       330       340       460
         2       329       330       450       460
         2       329       339       459       460
         2       329       449       459       460
         2       329       449       450       460
         2       330       340       341       461
         2       330       331       341       461
         2       330       331       451       461
         2       330       340       460       461
         2       330       450       460       461
         2       330       450       451       461
         2       331       341       342       462
         2       331       332       342       462
         2       331       332       452       462
         2       331       341       461       462
         2       331       451       461       462
         2       331       451       452       462
         2       332       333       342       453
         2       323       332       333       453
         2       323       332       443       453
         2       332       342       453       462
         2       332       452       453       462
         2       332       443       452       453
         2       333       343       344       464
         2       333       334       344       464
         2       333       334       454       464
         2       333       343       463       464
         2       333       453       463       464
         2       333       453       454       464
         2       334       344       345       465
         2       334       335       345       465
         2       334       335       455       465
         2       334       344       464       465
         2       334       454       464       465
         2       334       454       455       465
         2       335       345       346       466
         2       335       336       346       466
         2       335       336       456       466
         2       335       345       465       466
         2       335       455       465       466
         2       335       455       456       466
         2       336       346       347       467
         2       336       337       347       467
         2       336       337       457       467
         2       336       346       466       467
         2       336       456       466       467
         2       336       456       457       467
         2       337       347       348       468
         2       337       338       348       468
         2       337       338       458       468
         2       337       347       467       468
         2       337       457       467       468
         2       337       457       458       468
         2       338       348       349       469
         2       338       339       349       469
         2       338       339       459       469
         2       338       348       468       469
         2       338       458       468       469
         2       338       458       459       469
         2       339       349       350       470
         2       339       340       350       470
         2       339       340       460       470
         2       339       349       469       470
         2       339       459       469       470
         2       339       459       460       470
         2       340       350       351       471
         2       340       341       351       471
         2       340       341       461       471
         2       340       350       470       471
         2       340       460       470       471
         2       340       460       461       471
         2       341       351       352       472
         2       341       342       352       472
         2       341       342       462       472
         2       341       351       471       472
         2       341       461       471       472
         2       341       461       462       472
         2       342       343       352       463
         2       333       342       343       463
         2       333       342       453       463
         2       342       352       463       472
         2       342       462       463       472
         2       342       453       462       463
         2       343       353       354       474
         2       343       344       354       474
         2       343       344       464       474
         2       343       353       473       474
         2       343       463       473       474
         2       343       463       464       474
         2       344       354       355       475
         2       344       345       355       475
         2       344       345       465       475
         2       344       354       474       475
         2       344       464       474       475
         2       344       464       465       475
         2       345       355       356       476
         2       345       346       356       476
         2       345       346       466       476
         2       345       355       475       476
         2       345       465       475       476
         2       345       465       466       476
         2       346       356       357       477
         2       346       347       357       477
         2       346       347       467       477
         2       346       356       476       477
         2       346       466       476       477
         2       346       466       467       477
         2       347       357       358       478
         2       347       348       358       478
         2       347       348       468       478
         2       347       357       477       478
         2       347       467       477       478
         2       347       467       468       478
         2       348       358       359       479
         2       348       349       359       479
         2       348       349       469       479
         2       348       358       478       479
         2       348       468       478       479
         2       348       468       469       479
         2       349       359       360       480
         2       349       350       360       480
         2       349       350       470       480
         2       349       359       479       480
         2       349       469       479       480
         2       349       469       470       480
         2       350       360       361       481
         2       350       351       361       481
         2       350       351       471       481
         2       350       360       480       481
         2       350       470       480       481
         2       350       470       471       481
         2       351       361       362       482
         2       351       352       362       482
         2       351       352       472       482
         2       351       361       481       482
         2       351       471       481       482
         2       351       471       472       482
         2       352       353       362       473
         2       343       352       353       473
         2       343       352       463       473
         2       352       362       473       482
         2       352       472       473       482
         2       352       463       472       473
         2       353       363       364       484
         2       353       354       364       484
         2       353       354       474       484
         2       353       363       483       484
         2       353       473       483       484
         2       353       473       474       484
         2       354       364       365       485
         2       354       355       365       485
         2       354       355       475       485
         2       354       364       484       485
         2       354       474       484       485
         2       354       474       475       485
         2       355       365       366       486
         2       355       356       366       486
         2       355       356       476       486
         2       355       365       485       486
         2       355       475       485       486
         2       355       475       476       486
         2       356       366       367       487
         2       356       357       367       487
         2       356       357       477       487
         2       356       366       486       487
         2       356       476       486       487
         2       356       476       477       487
         2       357       367       368       488
         2       357       358       368       488
         2       357       358       478       488
         2       357       367       487       488
         2       357       477       487       488
         2       357       477       478       488
         2       358       368       369       489
         2       358       359       369       489
         2       358       359       479       489
         2       358       368       488       489
         2       358       478       488       489
         2       358       478       479       489
         2       359       369       370       490
         2       359       360       370       490
         2       359       360       480       490
         2       359       369       489       490
         2       359       479       489       490
         2       359       479       480       490
         2       360       370       371       491
         2       360       361       371       491
         2       360       361       481       491
         2       360       370       490       491
         2       360       480       490       491
         2       360       480       481       491
         2       361       371       372       492
         2       361       362       372       492
         2       361       362       482       492
         2       361       371       491       492
         2       361       481       491       492
         2       361       481       482       492
         2       362       363       372       483
         2       353       362       363       483
         2       353       362       473       483
         2       362       372       483       492
         2       362       482       483       492
         2       362       473       482       483
         2       363       373       374       494
         2       363       364       374       494
         2       363       364       484       494
         2       363       373       493       494
         2       363       483       493       494
         2       363       483       484       494
         2       364       374       375       495
         2       364       365       375       495
         2       364       365       485       495
         2       364       374       494       495
         2       364       484       494       495
         2       364       484       485       495
         2       365       375       376       496
         2       365       366       376       496
         2       365       366       486       496
         2       365       375       495       496
         2       365       485       495       496
         2       365       485       486       496
         2       366       376       377       497
         2       366       367       377       497
         2       366       367       487       497
         2       366       376       496       497
         2       366       486       496       497
         2       366       486       487       497
         2       367       377       378       498
         2       367       368       378       498
         2       367       368       488       498
         2       367       377       497       498
         2       367       487       497       498
         2       367       487       488       498
         2       368       378       379       499
         2       368       369       379       499
         2       368       369       489       499
         2       368       378       498       499
         2       368       488       498       499
         2       368       488       489       499
         2       369       379       380       500
         2       369       370       380       500
         2       369       370       490       500
         2       369       379       499       500
         2       369       489       499       500
         2       369       489       490       500
         2       370       380       381       501
         2       370       371       381       501
         2       370       371       491       501
         2       370       380       500       501
         2       370       490       500       501
         2       370       490       491       501
         2       371       381       382       502
         2       371       372       382       502
         2       371       372       492       502
         2       371       381       501       502
         2       371       491       501       502
         2       371       491       492       502
         2       372       373       382       493
         2       363       372       373       493
         2       363       372       483       493
         2       372       382       493       502
         2       372       492       493       502
         2       372       483       492       493
         2       373       383       384       504
         2       373       374       384       504
         2       373       374       494       504
         2       373       383       503       504
         2       373       493       503       504
         2       373       493       494       504
         2       374       384       385       505
         2       374       375       385       505
         2       374       375       495       505
         2       374       384       504       505
         2       374       494       504       505
         2       374       494       495       505
         2       375       385       386       506
         2       375       376       386       506
         2       375       376       496       506
         2       375       385       505       506
         2       375       495       505       506
         2       375       495       496       506
         2       376       386       387       507
         2       376       377       387       507
         2       376       377       497       507
         2       376       386       506       507
         2       376       496       506       507
         2       376       496       497       507
         2       377       387       388       508
         2       377       378       388       508
         2       377       378       498       508
         2       377       387       507       508
         2       377       497       507       508
         2       377       497       498       508
         2       378       388       389       509
         2       378       379       389       509
         2       378       379       499       509
         2       378       388       508       509
         2       378       498       508       509
         2       378       498       499       509
         2       379       389       390       510
         2       379       380       390       510
         2       379       380       500       510
         2       379       389       509       510
         2       379       499       509       510
         2       379       499       500       510
         2       380       390       391       511
         2       380       381       391       511
         2       380       381       501       511
         2       380       390       510       511
         2       380       500       510       511
         2       380       500       501       511
         2       381       391       392       512
         2       381       382       392       512
         2       381       382       502       512
         2       381       391       511       512
         2       381       501       511       512
         2       381       501       502       512
         2       382       383       392       503
         2       373       382       383       503
         2       373       382       493       503
         2       382       392       503       512
         2       382       502       503       512
         2       382       493       502       503
         2       383       393       394       514
         2       383       384       394       514
         2       383       384       504       514
         2       383       393       513       514
         2       383       503       513       514
         2       383       503       504       514
         2       384       394       395       515
         2       384       385       395       515
         2       384       385       505       515
         2       384       394       514       515
         2       384       504       514       515
         2       384       504       505       515
         2       385       395       396       516
         2       385       386       396       516
         2       385       386       506       516
         2       385       395       515       516
         2       385       505       515       516
         2       385       505       506       516
         2       386       396       397       517
         2       386       387       397       517
         2       386       387       507       517
         2       386       396       516       517
         2       386       506       516       517
         2       386       506       507       517
         2       387       397       398       518
         2       387       388       398       518
         2       387       388       508       518
         2       387       397       517       518
         2       387       507       517       518
         2       387       507       508       518
         2       388       398       399       519
         2       388       389       399       519
         2       388       389       509       519
         2       388       398       518       519
         2       388       508       518       519
         2       388       508       509       519
         2       389       399       400       520
         2       389       390       400       520
         2       389       390       510       520
         2       389       399       519       520
         2       389       509       519       520
         2       389       509       510       520
         2       390       400       401       521
         2       390       391       401       521
         2       390       391       511       521
         2       390       400       520       521
         2       390       510       520       521
         2       390       510       511       521
         2       391       401       402       522
         2       391       392       402       522
         2       391       392       512       522
         2       391       401       521       522
         2       391       511       521       522
         2       391       511       512       522
         2       392       393       402       513
         2       383       392       393       513
         2       383       392       503       513
         2       392       402       513       522
         2       392       512       513       522
         2       392       503       512       513
         2       393       403       404       524
         2       393       394       404       524
         2       393       394       514       524
         2       393       403       523       524
         2       393       513       523       524
         2       393       513       514       524
         2       394       404       405       525
         2       394       395       405       525
         2       394       395       515       525
         2       394       404       524       525
         2       394       514       524       525
         2       394       514       515       525
         2       395       405       406       526
         2       395       396       406       526
         2       395       396       516       526
         2       395       405       525       526
         2       395       515       525       526
         2       395       515       516       526
         2       396       406       407       527
         2       396       397       407       527
         2       396       397       517       527
         2       396       406       526       527
         2       396       516       526       527
         2       396       516       517       527
         2       397       407       408       528
         2       397       398       408       528
         2       397       398       518       528
         2       397       407       527       528
         2       397       517       527       528
         2       397       517       518       528
         2       398       408       409       529
         2       398       399       409       529
         2       398       399       519       529
         2       398       408       528       529
         2       398       518       528       529
         2       398       518       519       529
         2       399       409       410       530
         2       399       400       410       530
         2       399       400       520       530
         2       399       409       529       530
         2       399       519       529       530
         2       399       519       520       530
         2       400       410       411       531
         2       400       401       411       531
         2       400       401       521       531
         2       400       410       530       531
         2       400       520       530       531
         2       400       520       521       531
         2       401       411       412       532
         2       401       402       412       532
         2       401       402       522       532
         2       401       411       531       532
         2       401       521       531       532
         2       401       521       522       532
         2       402       403       412       523
         2       393       402       403       523
         2       393       402       513       523
         2       402       412       523       532
         2       402       522       523       532
         2       402       513       522       523
         2       403       413       414       534
         2       403       404       414       534
         2       403       404       524       534
         2       403       413       533       534
         2       403       523       533       534
         2       403       523       524       534
         2       404       414       415       535
         2       404       405       415       535
         2       404       405       525       535
         2       404       414       534       535
         2       404       524       534       535
         2       404       524       525       535
         2       405       415       416       536
         2       405       406       416       536
         2       405       406       526       536
         2       405       415       535       536
         2       405       525       535       536
         2       405       525       526       536
         2       406       416       417       537
         2       406       407       417       537
         2       406       407       527       537
         2       406       416       536       537
         2       406       526       536       537
         2       406       526       527       537
         2       407       417       418       538
         2       407       408       418       538
         2       407       408       528       538
         2       407       417       537       538
         2       407       527       537       538
         2       407       527       528       538
         2       408       418       419       539
         2       408       409       419       539
         2       408       409       529       539
         2       408       418       538       539
         2       408       528       538       539
         2       408       528       529       539
         2       409       419       420       540
         2       409       410       420       540
         2       409       410       530       540
         2       409       419       539       540
         2       409       529       539       540
         2       409       529       530       540
         2       410       420       421       541
         2       410       411       421       541
         2       410       411       531       541
         2       410       420       540       541
         2       410       530       540       541
         2       410       530       531       541
         2       411       421       422       542
         2       411       412       422       542
         2       411       412       532       542
         2       411       421       541       542
         2       411       531       541       542
         2       411       531       532       542
         2       412       413       422       533
         2       403       412       413       533
         2       403       412       523       533
         2       412       422       533       542
         2       412       532       533       542
         2       412       523       532       533
         2       303       304       413       424
         2       304       413       414       424
         2       413       414       424       534
         2       303       413       423       424
         2       413       423       424       533
         2       413       424       533       534
         2       304       305       414       425
         2       305       414       415       425
         2       414       415       425       535
         2       304       414       424       425
         2       414       424       425       534
         2       414       425       534       535
         2       305       306       415       426
         2       306       415       416       426
         2       415       416       426       536
         2       305       415       425       426
         2       415       425       426       535
         2       415       426       535       536
         2       306       307       416       427
         2       307       416       417       427
         2       416       417       427       537
         2       306       416       426       427
         2       416       426       427       536
         2       416       427       536       537
         2       307       308       417       428
         2       308       417       418       428
         2       417       418       428       538
         2       307       417       427       428
         2       417       427       428       537
         2       417       428       537       538
         2       308       309       418       429
         2       309       418       419       429
         2       418       419       429       539
         2       308       418       428       429
         2       418       428       429       538
         2       418       429       538       539
         2       309       310       419       430
         2       310       419       420       430
         2       419       420       430       540
         2       309       419       429       430
         2       419       429       430       539
         2       419       430       539       540
         2       310       311       420       431
         2       311       420       421       431
         2       420       421       431       541
         2       310       420       430       431
         2       420       430       431       540
         2       420       431       540       541
         2       311       312       421       432
         2       312       421       422       432
         2       421       422       432       542
         2       311       421       431       432
         2       421       431       432       541
         2       421       432       541       542
         2       303       312       422       423
         2       303       413       422       423
         2       413       422       423       533
         2       312       422       423       432
         2       422       423       432       542
         2       422       423       533       542
         2       423       433       434       554
         2       423       424       434       554
         2       423       424       544       554
         2       423       433       553       554
         2       423       543       553       554
         2       423       543       544       554
         2       424       434       435       555
         2       424       425       435       555
         2       424       425       545       555
         2       424       434       554       555
         2       424       544       554       555
         2       424       544       545       555
         2       425       435       436       556
         2       425       426       436       556
         2       425       426       546       556
         2       425       435       555       556
         2       425       545       555       556
         2       425       545       546       556
         2       426       436       437       557
         2       426       427       437       557
         2       426       427       547       557
         2       426       436       556       557
         2       426       546       556       557
         2       426       546       547       557
         2       427       437       438       558
         2       427       428       438       558
         2       427       428       548       558
         2       427       437       557       558
         2       427       547       557       558
         2       427       547       548       558
         2       428       438       439       559
         2       428       429       439       559
         2       428       429       549       559
         2       428       438       558       559
         2       428       548       558       559
         2       428       548       549       559
         2       429       439       440       560
         2       429       430       440       560
         2       429       430       550       560
         2       429       439       559       560
         2       429       549       559       560
         2       429       549       550       560
         2       430       440       441       561
         2       430       431       441       561
         2       430       431       551       561
         2       430       440       560       561
         2       430       550       560       561
         2       430       550       551       561
         2       431       441       442       562
         2       431       432       442       562
         2       431       432       552       562
         2       431       441       561       562
         2       431       551       561       562
         2       431       551       552       562
         2       432       433       442       553
         2       423       432       433       553
         2       423       432       543       553
         2       432       442       553       562
         2       432       552       553       562
         2       432       543       552       553
         2       433       443       444       564
         2       433       434       444       564
         2       433       434       554       564
         2       433       443       563       564
         2       433       553       563       564
         2       433       553       554       564
         2       434       444       445       565
         2       434       435       445       565
         2       434       435       555       565
         2       434       444       564       565
         2       434       554       564       565
         2       434       554       555       565
         2       435       445       446       566
         2       435       436       446       566
         2       435       436       556       566
         2       435       445       565       566
         2       435       555       565       566
         2       435       555       556       566
         2       436       446       447       567
         2       436       437       447       567
         2       436       437       557       567
         2       436       446       566       567
         2       436       556       566       567
         2       436       556       557       567
         2       437       447       448       568
         2       437       438       448       568
         2       437       438       558       568
         2       437       447       567       568
         2       437       557       567       568
         2       437       557       558       568
         2       438       448       449       569
         2       438       439       449       569
         2       438       439       559       569
         2       438       448       568       569
         2       438       558       568       569
         2       438       558       559       569
         2       439       449       450       570
         2       439       440       450       570
         2       439       440       560       570
         2       439       449       569       570
         2       439       559       569       570
         2       439       559       560       570
         2       440       450       451       571
         2       440       441       451       571
         2       440       441       561       571
         2       440       450       570       571
         2       440       560       570       571
         2       440       560       561       571
         2       441       451       452       572
         2       441       442       452       572
         2       441       442       562       572
         2       441       451       571       572
         2       441       561       571       572
         2       441       561       562       572
         2       442       443       452       563
         2       433       442       443       563
         2       433       442       553       563
         2       442       452       563       572
         2       442       562       563       572
         2       442       553       562       563
         2       443       453       454       574
         2       443       444       454       574
         2       443       444       564       574
         2       443       453       573       574
         2       443       563       573       574
         2       443       563       564       574
         2       444       454       455       575
         2       444       445       455       575
         2       444       445       565       575
         2       444       454       574       575
         2       444       564       574       575
         2       444       564       565       575
         2       445       455       456       576
         2       445       446       456       576
         2       445       446       566       576
         2       445       455       575       576
         2       445       565       575       576
         2       445       565       566       576
         2       446       456       457       577
         2       446       447       457       577
         2       446       447       567       577
         2       446       456       576       577
         2       446       566       576       577
         2       446       566       567       577
         2       447       457       458       578
         2       447       448       458       578
         2       447       448       568       578
         2       447       457       577       578
         2       447       567       577       578
         2       447       567       568       578
         2       448       458       459       579
         2       448       449       459       579
         2       448       449       569       579
         2       448       458       578       579
         2       448       568       578       579
         2       448       568       569       579
         2       449       459       460       580
         2       449       450       460       580
         2       449       450       570       580
         2       449       459       579       580
         2       449       569       579       580
         2       449       569       570       580
         2       450       460       461       581
         2       450       451       461       581
         2       450       451       571       581
         2       450       460       580       581
         2       450       570       580       581
         2       450       570       571       581
         2       451       461       462       582
         2       451       452       462       582
         2       451       452       572       582
         2       451       461       581       582
         2       451       571       581       582
         2       451       571       572       582
         2       452       453       462       573
         2       443       452       453       573
         2       443       452       563       573
         2       452       462       573       582
         2       452       572       573       582
         2       452       563       572       573
         2       453       463       464       584
         2       453       454       464       584
         2       453       454       574       584
         2       453       463       583       584
         2       453       573       583       584
         2       453       573       574       584
         2       454       464       465       585
         2       454       455       465       585
         2       454       455       575       585
         2       454       464       584       585
         2       454       574       584       585
         2       454       574       575       585
         2       455       465       466       586
         2       455       456       466       586
         2       455       456       576       586
         2       455       465       585       586
         2       455       575       585       586
         2       455       575       576       586
         2       456       466       467       587
         2       456       457       467       587
         2       456       457       577       587
         2       456       466       586       587
         2       456       576       586       587
         2       456       576       577       587
         2       457       467       468       588
         2       457       458       468       588
         2       457       458       578       588
         2       457       467       587       588
         2       457       577       587       588
         2       457       577       578       588
         2       458       468       469       589
         2       458       459       469       589
         2       458       459       579       589
         2       458       468       588       589
         2       458       578       588       589
         2       458       578       579       589
         2       459       469       470       590
         2       459       460       470       590
         2       459       460       580       590
         2       459       469       589       590
         2       459       579       589       590
         2       459       579       580       590
         2       460       470       471       591
         2       460       461       471       591
         2       460       461       581       591
         2       460       470       590       591
         2       460       580       590       591
         2       460       580       581       591
         2       461       471       472       592
         2       461       462       472       592
         2       461       462       582       592
         2       461       471       591       592
         2       461       581       591       592
         2       461       581       582       592
         2       462       463       472       583
         2       453       462       463       583
         2       453       462       573       583
         2       462       472       583       592
         2       462       582       583       592
         2       462       573       582       583
         2       463       473       474       594
         2       463       464       474       594
         2       463       464       584       594
         2       463       473       593       594
         2       463       583       593       594
         2       463       583       584       594
         2       464       474       475       595
         2       464       465       475       595
         2       464       465       585       595
         2       464       474       594       595
         2       464       584       594       595
         2       464       584       585       595
         2       465       475       476       596
         2       465       466       476       596
         2       465       466       586       596
         2       465       475       595       596
         2       465       585       595       596
         2       465       585       586       596
         2       466       476       477       597
         2       466       467       477       597
         2       466       467       587       597
         2       466       476       596       597
         2       466       586       596       597
         2       466       586       587       597
         2       467       477       478       598
         2       467       468       478       598
         2       467       468       588       598
         2       467       477       597       598
         2       467       587       597       598
         2       467       587       588       598
         2       468       478       479       599
         2       468       469       479       599
         2       468       469       589       599
         2       468       478       598       599
         2       468       588       598       599
         2       468       588       589       599
         2       469       479       480       600
         2       469       470       480       600
         2       469       470       590       600
         2       469       479       599       600
         2       469       589       599       600
         2       469       589       590       600
         2       470       480       481       601
         2       470       471       481       601
         2       470       471       591       601
         2       470       480       600       601
         2       470       590       600       601
         2       470       590       591       601
         2       471       481       482       602
         2       471       472       482       602
         2       471       472       592       602
         2       471       481       601       602
         2       471       591       601       602
         2       471       591       592       602
         2       472       473       482       593
         2       463       472       473       593
         2       463       472       583       593
         2       472       482       593       602
         2       472       592       593       602
         2       472       583       592       593
         2       473       483       484       604
         2       473       474       484       604
         2       473       474       594       604
         2       473       483       603       604
         2       473       593       603       604
         2       473       593       594       604
         2       474       484       485       605
         2       474       475       485       605
         2       474       475       595       605
         2       474       484       604       605
         2       474       594       604       605
         2       474       594       595       605
         2       475       485       486       606
         2       475       476       486       606
         2       475       476       596       606
         2       475       485       605       606
         2       475       595       605       606
         2       475       595       596       606
         2       476       486       487       607
         2       476       477       487       607
         2       476       477       597       607
         2       476       486       606       607
         2       476       596       606       607
         2       476       596       597       607
         2       477       487       488       608
         2       477       478       488       608
         2       477       478       598       608
         2       477       487       607       608
         2       477       597       607       608
         2       477       597       598       608
         2       478       488       489       609
         2       478       479       489       609
         2       478       479       599       609
         2       478       488       608       609
         2       478       598       608       609
         2       478       598       599       609
         2       479       489       490       610
         2       479       480       490       610
         2       479       480       600       610
         2       479       489       609       610
         2       479       599       609       610
         2       479       599       600       610
         2       480       490       491       611
         2       480       481       491       611
         2       480       481       601       611
         2       480       490       610       611
         2       480       600       610       611
         2       480       600       601       611
         2       481       491       492       612
         2       481       482       492       612
         2       481       482       602       612
         2       481       491       611       612
         2       481       601       611       612
         2       481       601       602       612
         2       482       483       492       603
         2       473       482       483       603
         2       473       482       593       603
         2       482       492       603       612
         2       482       602       603       612
         2       482       593       602       603
         2       483       493       494       614
         2       483       484       494       614
         2       483       484       604       614
         2       483       493       613       614
         2       483       603       613       614
         2       483       603       604       614
         2       484       494       495       615
         2       484       485       495       615
         2       484       485       605       615
         2       484       494       614       615
         2       484       604       614       615
         2       484       604       605       615
         2       485       495       496       616
         2       485       486       496       616
         2       485       486       606       616
         2       485       495       615       616
         2       485       605       615       616
         2       485       605       606       616
         2       486       496       497       617
         2       486       487       497       617
         2       486       487       607       617
         2       486       496       616       617
         2       486       606       616       617
         2       486       606       607       617
         2       487       497       498       618
         2       487       488       498       618
         2       487       488       608       618
         2       487       497       617       618
         2       487       607       617       618
         2       487       607       608       618
         2       488       498       499       619
         2       488       489       499       619
         2       488       489       609       619
         2       488       498       618       619
         2       488       608       618       619
         2       488       608       609       619
         2       489       499       500       620
         2       489       490       500       620
         2       489       490       610       620
         2       489       499       619       620
         2       489       609       619       620
         2       489       609       610       620
         2       490       500       501       621
         2       490       491       501       621
         2       490       491       611       621
         2       490       500       620       621
         2       490       610       620       621
         2       490       610       611       621
         2       491       501       502       622
         2       491       492       502       622
         2       491       492       612       622
         2       491       501       621       622
         2       491       611       621       622
         2       491       611       612       622
         2       492       493       502       613
         2       483       492       493       613
         2       483       492       603       613
         2       492       502       613       622
         2       492       612       613       622
         2       492       603       612       613
         2       493       503       504       624
         2       493       494       504       624
         2       493       494       614       624
         2       493       503       623       624
         2       493       613       623       624
         2       493       613       614       624
         2       494       504       505       625
         2       494       495       505       625
         2       494       495       615       625
         2       494       504       624       625
         2       494       614       624       625
         2       494       614       615       625
         2       495       505       506       626
         2       495       496       506       626
         2       495       496       616       626
         2       495       505       625       626
         2       495       615       625       626
         2       495       615       616       626
         2       496       506       507       627
         2       496       497       507       627
         2       496       497       617       627
         2       496       506       626       627
         2       496       616       626       627
         2       496       616       617       627
         2       497       507       508       628
         2       497       498       508       628
         2       497       498       618       628
         2       497       507       627       628
         2       497       617       627       628
         2       497       617       618       628
         2       498       508       509       629
         2       498       499       509       629
         2       498       499       619       629
         2       498       508       628       629
         2       498       618       628       629
         2       498       618       619       629
         2       499       509       510       630
         2       499       500       510       630
         2       499       500       620       630
         2       499       509       629       630
         2       499       619       629       630
         2       499       619       620       630
         2       500       510       511       631
         2       500       501       511       631
         2       500       501       621       631
         2       500       510       630       631
         2       500       620       630       631
         2       500       620       621       631
         2       501       511       512       632
         2       501       502       512       632
         2       501       502       622       632
         2       501       511       631       632
         2       501       621       631       632
         2       501       621       622       632
         2       502       503       512       623
         2       493       502       503       623
         2       493       502       613       623
         2       502       512       623       632
         2       502       622       623       632
         2       502       613       622       623
         2       503       513       514       634
         2       503       504       514       634
         2       503       504       624       634
         2       503       513       633       634
         2       503       623       633       634
         2       503       623       624       634
         2       504       514       515       635
         2       504       505       515       635
         2       504       505       625       635
         2       504       514       634       635
         2       504       624       634       635
         2       504       624       625       635
         2       505       515       516       636
         2       505       506       516       636
         2       505       506       626       636
         2       505       515       635       636
         2       505       625       635       636
         2       505       625       626       636
         2       506       516       517       637
         2       506       507       517       637
         2       506       507       627       637
         2       506       516       636       637
         2       506       626       636       637
         2       506       626       627       637
         2       507       517       518       638
         2       507       508       518       638
         2       507       508       628       638
         2       507       517       637       638
         2       507       627       637       638
         2       507       627       628       638
         2       508       518       519       639
         2       508       509       519       639
         2       508       509       629       639
         2       508       518       638       639
         2       508       628       638       639
         2       508       628       629       639
         2       509       519       520       640
         2       509       510       520       640
         2       509       510       630       640
         2       509       519       639       640
         2       509       629       639       640
         2       509       629       630       640
         2       510       520       521       641
         2       510       511       521       641
         2       510       511       631       641
         2       510       520       640       641
         2       510       630       640       641
         2       510       630       631       641
         2       511       521       522       642
         2       511       512       522       642
         2       511       512       632       642
         2       511       521       641       642
         2       511       631       641       642
         2       511       631       632       642
         2       512       513       522       633
         2       503       512       513       633
         2       503       512       623       633
         2       512       522       633       642
         2       512       632       633       642
         2       512       623       632       633
         2       513       523       524       644
         2       513       514       524       644
         2       513       514       634       644
         2       513       523       643       644
         2       513       633       643       644
         2       513       633       634       644
         2       514       524       525       645
         2       514       515       525       645
         2       514       515       635       645
         2       514       524       644       645
         2       514       634       644       645
         2       514       634       635       645
         2       515       525       526       646
         2       515       516       526       646
         2       515       516       636       646
         2       515       525       645       646
         2       515       635       645       646
         2       515       635       636       646
         2       516       526       527       647
         2       516       517       527       647
         2       516       517       637       647
         2       516       526       646       647
         2       516       636       646       647
         2       516       636       637       647
         2       517       527       528       648
         2       517       518       528       648
         2       517       518       638       648
         2       517       527       647       648
         2       517       637       647       648
         2       517       637       638       648
         2       518       528       529       649
         2       518       519       529       649
         2       518       519       639       649
         2       518       528       648       649
         2       518       638       648       649
         2       518       638       639       649
         2       519       529       530       650
         2       519       520       530       650
         2       519       520       640       650
         2       519       529       649       650
         2       519       639       649       650
         2       519       639       640       650
         2       520       530       531       651
         2       520       521       531       651
         2       520       521       641       651
         2       520       530       650       651
         2       520       640       650       651
         2       520       640       641       651
         2       521       531       532       652
         2       521       522       532       652
         2       521       522       642       652
         2       521       531       651       652
         2       521       641       651       652
         2       521       641       642       652
         2       522       523       532       643
         2       513       522       523       643
         2       513       522       633       643
         2       522       532       643       652
         2       522       642       643       652
         2       522       633       642       643
         2       523       533       534       654
         2       523       524       534       654
         2       523       524       644       654
         2       523       533       653       654
         2       523       643       653       654
         2       523       643       644       654
         2       524       534       535       655
         2       524       525       535       655
         2       524       525       645       655
         2       524       534       654       655
         2       524       644       654       655
         2       524       644       645       655
         2       525       535       536       656
         2       525       526       536       656
         2       525       526       646       656
         2       525       535       655       656
         2       525       645       655       656
         2       525       645       646       656
         2       526       536       537       657
         2       526       527       537       657
         2       526       527       647       657
         2       526       536       656       657
         2       526       646       656       657
         2       526       646       647       657
         2       527       537       538       658
         2       527       528       538       658
         2       527       528       648       658
         2       527       537       657       658
         2       527       647       657       658
         2       527       647       648       658
         2       528       538       539       659
         2       528       529       539       659
         2       528       529       649       659
         2       528       538       658       659
         2       528       648       658       659
         2       528       648       649       659
         2       529       539       540       660
         2       529       530       540       660
         2       529       530       650       660
         2       529       539       659       660
         2       529       649       659       660
         2       529       649       650       660
         2       530       540       541       661
         2       530       531       541       661
         2       530       531       651       661
         2       530       540       660       661
         2       530       650       660       661
         2       530       650       651       661
         2       531       541       542       662
         2       531       532       542       662
         2       531       532       652       662
         2       531       541       661       662
         2       531       651       661       662
         2       531       651       652       662
         2       532       533       542       653
         2       523       532       533       653
         2       523       532       643       653
         2       532       542       653       662
         2       532       652       653       662
         2       532       643       652       653
         2       423       424       533       544
         2       424       533       534       544
         2       533       534       544       654
         2       423       533       543       544
         2       533       543       544       653
         2       533       544       653       654
         2       424       425       534       545
         2       425       534       535       545
         2       534       535       545       655
         2       424       534       544       545
         2       534       544       545       654
         2       534       545       654       655
         2       425       426       535       546
         2       426       535       536       546
         2       535       536       546       656
         2       425       535       545       546
         2       535       545       546       655
         2       535       546       655       656
         2       426       427       536       547
         2       427       536       537       547
         2       536       537       547       657
         2       426       536       546       547
         2       536       546       547       656
         2       536       547       656       657
         2       427       428       537       548
         2       428       537       538       548
         2       537       538       548       658
         2       427       537       547       548
         2       537       547       548       657
         2       537       548       657       658
         2       428       429       538       549
         2       429       538       539       549
         2       538       539       549       659
         2       428       538       548       549
         2       538       548       549       658
         2       538       549       658       659
         2       429       430       539       550
         2       430       539       540       550
         2       539       540       550       660
         2       429       539       549       550
         2       539       549       550       659
         2       539       550       659       660
         2       430       431       540       551
         2       431       540       541       551
         2       540       541       551       661
         2       430       540       550       551
         2       540       550       551       660
         2       540       551       660       661
         2       431       432       541       552
         2       432       541       542       552
         2       541       542       552       662
         2       431       541       551       552
         2       541       551       552       661
         2       541       552       661       662
         2       423       432       542       543
         2       423       533       542       543
         2       533       542       543       653
         2       432       542       543       552
         2       542       543       552       662
         2       542       543       653       662
         2       543       553       554       670
         2       543       544       554       670
         2       543       544       664       670
         2       543       553       669       670
         2       543       663       669       670
         2       543       663       664       670
         2       544       554       555       671
         2       544       545       555       671
         2       544       545       665       671
         2       544       554       670       671
         2       544       664       670       671
         2       544       664       665       671
         2       545       555       556       672
         2       545       546       556       672
         2       545       546       666       672
         2       545       555       671       672
         2       545       665       671       672
         2       545       665       666       672
         2       546       556       557       673
         2       546       547       557       673
         2       546       547       667       673
         2       546       556       672       673
         2       546       666       672       673
         2       546       666       667       673
         2       547       557       558       674
         2       547       548       558       674
         2       547       548       668       674
         2       547       557       673       674
         2       547       667       673       674
         2       547       667       668       674
         2       548       558       559       675
         2       548       549       559       675
         2       548       549       667       675
         2       548       558       674       675
         2       548       668       674       675
         2       548       667       668       675
         2       549       559       560       676
         2       549       550       560       676
         2       549       550       666       676
         2       549       559       675       676
         2       549       667       675       676
         2       549       666       667       676
         2       550       560       561       677
         2       550       551       561       677
         2       550       551       665       677
         2       550       560       676       677
         2       550       666       676       677
         2       550       665       666       677
         2       551       561       562       678
         2       551       552       562       678
         2       551       552       664       678
         2       551       561       677       678
         2       551       665       677       678
         2       551       664       665       678
         2       552       553       562       669
         2       543       552       553       669
         2       543       552       663       669
         2       552       562       669       678
         2       552       664       669       678
         2       552       663       664       669
         2       553       563       564       680
         2       553       554       564       680
         2       553       554       670       680
         2       553       563       679       680
         2       553       669       679       680
         2       553       669       670       680
         2       554       564       565       681
         2       554       555       565       681
         2       554       555       671       681
         2       554       564       680       681
         2       554       670       680       681
         2       554       670       671       681
         2       555       565       566       682
         2       555       556       566       682
         2       555       556       672       682
         2       555       565       681       682
         2       555       671       681       682
         2       555       671       672       682
         2       556       566       567       683
         2       556       557       567       683
         2       556       557       673       683
         2       556       566       682       683
         2       556       672       682       683
         2       556       672       673       683
         2       557       567       568       684
         2       557       558       568       684
         2       557       558       674       684
         2       557       567       683       684
         2       557       673       683       684
         2       557       673       674       684
         2       558       568       569       685
         2       558       559       569       685
         2       558       559       675       685
         2       558       568       684       685
         2       558       674       684       685
         2       558       674       675       685
         2       559       569       570       686
         2       559       560       570       686
         2       559       560       676       686
         2       559       569       685       686
         2       559       675       685       686
         2       559       675       676       686
         2       560       570       571       687
         2       560       561       571       687
         2       560       561       677       687
         2       560       570       686       687
         2       560       676       686       687
         2       560       676       677       687
         2       561       571       572       688
         2       561       562       572       688
         2       561       562       678       688
         2       561       571       687       688
         2       561       677       687       688
         2       561       677       678       688
         2       562       563       572       679
         2       553       562       563       679
         2       553       562       669       679
         2       562       572       679       688
         2       562       678       679       688
         2       562       669       678       679
         2       563       573       574       690
         2       563       564       574       690
         2       563       564       680       690
         2       563       573       689       690
         2       563       679       689       690
         2       563       679       680       690
         2       564       574       575       691
         2       564       565       575       691
         2       564       565       681       691
         2       564       574       690       691
         2       564       680       690       691
         2       564       680       681       691
         2       565       575       576       692
         2       565       566       576       692
         2       565       566       682       692
         2       565       575       691       692
         2       565       681       691       692
         2       565       681       682       692
         2       566       576       577       693
         2       566       567       577       693
         2       566       567       683       693
         2       566       576       692       693
         2       566       682       692       693
         2       566       682       683       693
         2       567       577       578       694
         2       567       568       578       694
         2       567       568       684       694
         2       567       577       693       694
         2       567       683       693       694
         2       567       683       684       694
         2       568       578       579       695
         2       568       569       579       695
         2       568       569       685       695
         2       568       578       694       695
         2       568       684       694       695
         2       568       684       685       695
         2       569       579       580       696
         2       569       570       580       696
         2       569       570       686       696
         2       569       579       695       696
         2       569       685       695       696
         2       569       685       686       696
         2       570       580       581       697
         2       570       571       581       697
         2       570       571       687       697
         2       570       580       696       697
         2       570       686       696       697
         2       570       686       687       697
         2       571       581       582       698
         2       571       572       582       698
         2       571       572       688       698
         2       571       581       697       698
         2       571       687       697       698
         2       571       687       688       698
         2       572       573       582       689
         2       563       572       573       689
         2       563       572       679       689
         2       572       582       689       698
         2       572       688       689       698
         2       572       679       688       689
         2       573       583       584       700
         2       573       574       584       700
         2       573       574       690       700
         2       573       583       699       700
         2       573       689       699       700
         2       573       689       690       700
         2       574       584       585       701
         2       574       575       585       701
         2       574       575       691       701
         2       574       584       700       701
         2       574       690       700       701
         2       574       690       691       701
         2       575       585       586       702
         2       575       576       586       702
         2       575       576       692       702
         2       575       585       701       702
         2       575       691       701       702
         2       575       691       692       702
         2       576       586       587       703
         2       576       577       587       703
         2       576       577       693       703
         2       576       586       702       703
         2       576       692       702       703
         2       576       692       693       703
         2       577       587       588       704
         2       577       578       588       704
         2       577       578       694       704
         2       577       587       703       704
         2       577       693       703       704
         2       577       693       694       704
         2       578       588       589       705
         2       578       579       589       705
         2       578       579       695       705
         2       578       588       704       705
         2       578       694       704       705
         2       578       694       695       705
         2       579       589       590       706
         2       579       580       590       706
         2       579       580       696       706
         2       579       589       705       706
         2       579       695       705       706
         2       579       695       696       706
         2       580       590       591       707
         2       580       581       591       707
         2       580       581       697       707
         2       580       590       706       707
         2       580       696       706       707
         2       580       696       697       707
         2       581       591       592       708
         2       581       582       592       708
         2       581       582       698       708
         2       581       591       707       708
         2       581       697       707       708
         2       581       697       698       708
         2       582       583       592       699
         2       573       582       583       699
         2       573       582       689       699
         2       582       592       699       708
         2       582       698       699       708
         2       582       689       698       699
         2       583       593       594       710
         2       583       584       594       710
         2       583       584       700       710
         2       583       593       709       710
         2       583       699       709       710
         2       583       699       700       710
         2       584       594       595       711
         2       584       585       595       711
         2       584       585       701       711
         2       584       594       710       711
         2       584       700       710       711
         2       584       700       701       711
         2       585       595       596       712
         2       585       586       596       712
         2       585       586       702       712
         2       585       595       711       712
         2       585       701       711       712
         2       585       701       702       712
         2       586       596       597       713
         2       586       587       597       713
         2       586       587       703       713
         2       586       596       712       713
         2       586       702       712       713
         2       586       702       703       713
         2       587       597       598       714
         2       587       588       598       714
         2       587       588       704       714
         2       587       597       713       714
         2       587       703       713       714
         2       587       703       704       714
         2       588       598       599       715
         2       588       589       599       715
         2       588       589       705       715
         2       588       598       714       715
         2       588       704       714       715
         2       588       704       705       715
         2       589       599       600       716
         2       589       590       600       716
         2       589       590       706       716
         2       589       599       715       716
         2       589       705       715       716
         2       589       705       706       716
         2       590       600       601       717
         2       590       591       601       717
         2       590       591       707       717
         2       590       600       716       717
         2       590       706       716       717
         2       590       706       707       717
         2       591       601       602       718
         2       591       592       602       718
         2       591       592       708       718
         2       591       601       717       718
         2       591       707       717       718
         2       591       707       708       718
         2       592       593       602       709
         2       583       592       593       709
         2       583       592       699       709
         2       592       602       709       718
         2       592       708       709       718
         2       592       699       708       709
         2       593       603       604       720
         2       593       594       604       720
         2       593       594       710       720
         2       593       603       719       720
         2       593       709       719       720
         2       593       709       710       720
         2       594       604       605       721
         2       594       595       605       721
         2       594       595       711       721
         2       594       604       720       721
         2       594       710       720       721
         2       594       710       711       721
         2       595       605       606       722
         2       595       596       606       722
         2       595       596       712       722
         2       595       605       721       722
         2       595       711       721       722
         2       595       711       712       722
         2       596       606       607       723
         2       596       597       607       723
         2       596       597       713       723
         2       596       606       722       723
         2       596       712       722       723
         2       596       712       713       723
         2       597       607       608       724
         2       597       598       608       724
         2       597       598       714       724
         2       597       607       723       724
         2       597       713       723       724
         2       597       713       714       724
         2       598       608       609       723
         2       598       599       609       723
         2       598       599       715       723
         2       598       608       723       724
         2       598       714       723       724
         2       598       714       715       723
         2       599       609       610       722
         2       599       600       610       722
         2       599       600       716       722
         2       599       609       722       723
         2       599       715       722       723
         2       599       715       716       722
         2       600       610       611       721
         2       600       601       611       721
         2       600       601       717       721
         2       600       610       721       722
         2       600       716       721       722
         2       600       716       717       721
         2       601       611       612       720
         2       601       602       612       720
         2       601       602       718       720
         2       601       611       720       721
         2       601       717       720       721
         2       601       717       718       720
         2       602       603       612       719
         2       593       602       603       719
         2       593       602       709       719
         2       602       612       719       720
         2       602       718       719       720
         2       602       709       718       719
         2       603       613       614       718
         2       603       604       614       718
         2       603       604       718       720
         2       603       613       709       718
         2       603       709       718       719
         2       603       718       719       720
         2       604       614       615       717
         2       604       605       615       717
         2       604       605       717       721
         2       604       614       717       718
         2       604       717       718       720
         2       604       717       720       721
         2       605       615       616       716
         2       605       606       616       716
         2       605       606       716       722
         2       605       615       716       717
         2       605       716       717       721
         2       605       716       721       722
         2       606       616       617       715
         2       606       607       617       715
         2       606       607       715       723
         2       606       616       715       716
         2       606       715       716       722
         2       606       715       722       723
         2       607       617       618       714
         2       607       608       618       714
         2       607       608       714       724
         2       607       617       714       715
         2       607       714       715       723
         2       607       714       723       724
         2       608       618       619       713
         2       608       609       619       713
         2       608       609       713       723
         2       608       618       713       714
         2       608       713       714       724
         2       608       713       723       724
         2       609       619       620       712
         2       609       610       620       712
         2       609       610       712       722
         2       609       619       712       713
         2       609       712       713       723
         2       609       712       722       723
         2       610       620       621       711
         2       610       611       621       711
         2       610       611       711       721
         2       610       620       711       712
         2       610       711       712       722
         2       610       711       721       722
         2       611       621       622       710
         2       611       612       622       710
         2       611       612       710       720
         2       611       621       710       711
         2       611       710       711       721
         2       611       710       720       721
         2       612       613       622       709
         2       603       612       613       709
         2       603       612       709       719
         2       612       622       709       710
         2       612       709       710       720
         2       612       709       719       720
         2       613       623       624       708
         2       613       614       624       708
         2       613       614       708       718
         2       613       623       699       708
         2       613       699       708       709
         2       613       708       709       718
         2       614       624       625       707
         2       614       615       625       707
         2       614       615       707       717
         2       614       624       707       708
         2       614       707       708       718
         2       614       707       717       718
         2       615       625       626       706
         2       615       616       626       706
         2       615       616       706       716
         2       615       625       706       707
         2       615       706       707       717
         2       615       706       716       717
         2       616       626       627       705
         2       616       617       627       705
         2       616       617       705       715
         2       616       626       705       706
         2       616       705       706       716
         2       616       705       715       716
         2       617       627       628       704
         2       617       618       628       704
         2       617       618       704       714
         2       617       627       704       705
         2       617       704       705       715
         2       617       704       714       715
         2       618       628       629       703
         2       618       619       629       703
         2       618       619       703       713
         2       618       628       703       704
         2       618       703       704       714
         2       618       703       713       714
         2       619       629       630       702
         2       619       620       630       702
         2       619       620       702       712
         2       619       629       702       703
         2       619       702       703       713
         2       619       702       712       713
         2       620       630       631       701
         2       620       621       631       701
         2       620       621       701       711
         2       620       630       701       702
         2       620       701       702       712
         2       620       701       711       712
         2       621       631       632       700
         2       621       622       632       700
         2       621       622       700       710
         2       621       631       700       701
         2       621       700       701       711
         2       621       700       710       711
         2       622       623       632       699
         2       613       622       623       699
         2       613       622       699       709
         2       622       632       699       700
         2       622       699       700       710
         2       622       699       709       710
         2       623       633       634       698
         2       623       624       634       698
         2       623       624       698       708
         2       623       633       689       698
         2       623       689       698       699
         2       623       698       699       708
         2       624       634       635       697
         2       624       625       635       697
         2       624       625       697       707
         2       624       634       697       698
         2       624       697       698       708
         2       624       697       707       708
         2       625       635       636       696
         2       625       626       636       696
         2       625       626       696       706
         2       625       635       696       697
         2       625       696       697       707
         2       625       696       706       707
         2       626       636       637       695
         2       626       627       637       695
         2       626       627       695       705
         2       626       636       695       696
         2       626       695       696       706
         2       626       695       705       706
         2       627       637       638       694
         2       627       628       638       694
         2       627       628       694       704
         2       627       637       694       695
         2       627       694       695       705
         2       627       694       704       705
         2       628       638       639       693
         2       628       629       639       693
         2       628       629       693       703
         2       628       638       693       694
         2       628       693       694       704
         2       628       693       703       704
         2       629       639       640       692
         2       629       630       640       692
         2       629       630       692       702
         2       629       639       692       693
         2       629       692       693       703
         2       629       692       702       703
         2       630       640       641       691
         2       630       631       641       691
         2       630       631       691       701
         2       630       640       691       692
         2       630       691       692       702
         2       630       691       701       702
         2       631       641       642       690
         2       631       632       642       690
         2       631       632       690       700
         2       631       641       690       691
         2       631       690       691       701
         2       631       690       700       701
         2       632       633       642       689
         2       623       632       633       689
         2       623       632       689       699
         2       632       642       689       690
         2       632       689       690       700
         2       632       689       699       700
         2       633       643       644       688
         2       633       634       644       688
         2       633       634       688       698
         2       633       643       679       688
         2       633       679       688       689
         2       633       688       689       698
         2       634       644       645       687
         2       634       635       645       687
         2       634       635       687       697
         2       634       644       687       688
         2       634       687       688       698
         2       634       687       697       698
         2       635       645       646       686
         2       635       636       646       686
         2       635       636       686       696
         2       635       645       686       687
         2       635       686       687       697
         2       635       686       696       697
         2       636       646       647       685
         2       636       637       647       685
         2       636       637       685       695
         2       636       646       685       686
         2       636       685       686       696
         2       636       685       695       696
         2       637       647       648       684
         2       637       638       648       684
         2       637       638       684       694
         2       637       647       684       685
         2       637       684       685       695
         2       637       684       694       695
         2       638       648       649       683
         2       638       639       649       683
         2       638       639       683       693
         2       638       648       683       684
         2       638       683       684       694
         2       638       683       693       694
         2       639       649       650       682
         2       639       640       650       682
         2       639       640       682       692
         2       639       649       682       683
         2       639       682       683       693
         2       639       682       692       693
         2       640       650       651       681
         2       640       641       651       681
         2       640       641       681       691
         2       640       650       681       682
         2       640       681       682       692
         2       640       681       691       692
         2       641       651       652       680
         2       641       642       652       680
         2       641       642       680       690
         2       641       651       680       681
         2       641       680       681       691
         2       641       680       690       691
         2       642       643       652       679
         2       633       642       643       679
         2       633       642       679       689
         2       642       652       679       680
         2       642       679       680       690
         2       642       679       689       690
         2       643       653       654       678
         2       643       644       654       678
         2       643       644       678       688
         2       643       653       669       678
         2       643       669       678       679
         2       643       678       679       688
         2       644       654       655       677
         2       644       645       655       677
         2       644       645       677       687
         2       644       654       677       678
         2       644       677       678       688
         2       644       677       687       688
         2       645       655       656       676
         2       645       646       656       676
         2       645       646       676       686
         2       645       655       676       677
         2       645       676       677       687
         2       645       676       686       687
         2       646       656       657       675
         2       646       647       657       675
         2       646       647       675       685
         2       646       656       675       676
         2       646       675       676       686
         2       646       675       685       686
         2       647       657       658       674
         2       647       648       658       674
         2       647       648       674       684
         2       647       657       674       675
         2       647       674       675       685
         2       647       674       684       685
         2       648       658       659       673
         2       648       649       659       673
         2       648       649       673       683
         2       648       658       673       674
         2       648       673       674       684
         2       648       673       683       684
         2       649       659       660       672
         2       649       650       660       672
         2       649       650       672       682
         2       649       659       672       673
         2       649       672       673       683
         2       649       672       682       683
         2       650       660       661       671
         2       650       651       661       671
         2       650       651       671       681
         2       650       660       671       672
         2       650       671       672       682
         2       650       671       681       682
         2       651       661       662       670
         2       651       652       662       670
         2       651       652       670       680
         2       651       661       670       671
         2       651       670       671       681
         2       651       670       680       681
         2       652       653       662       669
         2       643       652       653       669
         2       643       652       669       679
         2       652       662       669       670
         2       652       669       670       680
         2       652       669       679       680
         2       543       544       653       664
         2       544       653       654       664
         2       653       654       664       678
         2       543       653       663       664
         2       653       663       664       669
         2       653       664       669       678
         2       544       545       654       665
         2       545       654       655       665
         2       654       655       665       677
         2       544       654       664       665
         2       654       664       665       678
         2       654       665       677       678
         2       545       546       655       666
         2       546       655       656       666
         2       655       656       666       676
         2       545       655       665       666
         2       655       665       666       677
         2       655       666       676       677
         2       546       547       656       667
         2       547       656       657       667
         2       656       657       667       675
         2       546       656       666       667
         2       656       666       667       676
         2       656       667       675       676
         2       547       548       657       668
         2       548       657       658       668
         2       657       658       668       674
         2       547       657       667       668
         2       657       667       668       675
         2       657       668       674       675
         2       548       549       658       667
         2       549       658       659       667
         2       658       659       667       673
         2       548       658       667       668
         2       658       667       668       674
         2       658       667       673       674
         2       549       550       659       666
         2       550       659       660       666
         2       659       660       666       672
         2       549       659       666       667
         2       659       666       667       673
         2       659       666       672       673
         2       550       551       660       665
         2       551       660       661       665
         2       660       661       665       671
         2       550       660       665       666
         2       660       665       666       672
         2       660       665       671       672
         2       551       552       661       664
         2       552       661       662       664
         2       661       662       664       670
         2       551       661       664       665
         2       661       664       665       671
         2       661       664       670       671
         2       543       552       662       663
         2       543       653       662       663
         2       653       662       663       669
         2       552       662       663       664
         2       662       663       664       670
         2       662       663       669       670
