Automatically generated mesh
     430
Reciprocal lattice
    0.00000000000000    0.00000000000000    0.00000000000000             1
    0.16666666666667    0.00000000000000    0.00000000000000             2
    0.33333333333333    0.00000000000000    0.00000000000000             2
    0.50000000000000   -0.00000000000000    0.00000000000000             1
    0.00000000000000    0.07692307692308   -0.00000000000000             2
    0.16666666666667    0.07692307692308   -0.00000000000000             2
    0.33333333333333    0.07692307692308    0.00000000000000             2
    0.50000000000000    0.07692307692308   -0.00000000000000             2
   -0.33333333333333    0.07692307692308   -0.00000000000000             2
   -0.16666666666667    0.07692307692308   -0.00000000000000             2
    0.00000000000000    0.15384615384615   -0.00000000000000             2
    0.16666666666667    0.15384615384615    0.00000000000000             2
    0.33333333333333    0.15384615384615   -0.00000000000000             2
    0.50000000000000    0.15384615384615    0.00000000000000             2
   -0.33333333333333    0.15384615384615   -0.00000000000000             2
   -0.16666666666667    0.15384615384615   -0.00000000000000             2
    0.00000000000000    0.23076923076923   -0.00000000000000             2
    0.16666666666667    0.23076923076923   -0.00000000000000             2
    0.33333333333333    0.23076923076923   -0.00000000000000             2
    0.50000000000000    0.23076923076923   -0.00000000000000             2
   -0.33333333333333    0.23076923076923   -0.00000000000000             2
   -0.16666666666667    0.23076923076923   -0.00000000000000             2
    0.00000000000000    0.30769230769231   -0.00000000000000             2
    0.16666666666667    0.30769230769231    0.00000000000000             2
    0.33333333333333    0.30769230769231   -0.00000000000000             2
    0.50000000000000    0.30769230769231   -0.00000000000000             2
   -0.33333333333333    0.30769230769231   -0.00000000000000             2
   -0.16666666666667    0.30769230769231   -0.00000000000000             2
    0.00000000000000    0.38461538461538   -0.00000000000000             2
    0.16666666666667    0.38461538461538   -0.00000000000000             2
    0.33333333333333    0.38461538461538    0.00000000000000             2
    0.50000000000000    0.38461538461538   -0.00000000000000             2
   -0.33333333333333    0.38461538461538   -0.00000000000000             2
   -0.16666666666667    0.38461538461538   -0.00000000000000             2
    0.00000000000000    0.46153846153846   -0.00000000000000             2
    0.16666666666667    0.46153846153846   -0.00000000000000             2
    0.33333333333333    0.46153846153846   -0.00000000000000             2
    0.50000000000000    0.46153846153846   -0.00000000000000             2
   -0.33333333333333    0.46153846153846   -0.00000000000000             2
   -0.16666666666667    0.46153846153846   -0.00000000000000             2
    0.00000000000000    0.00000000000000    0.09090909090909             2
    0.16666666666667    0.00000000000000    0.09090909090909             2
    0.33333333333333    0.00000000000000    0.09090909090909             2
    0.50000000000000   -0.00000000000000    0.09090909090909             2
   -0.33333333333333    0.00000000000000    0.09090909090909             2
   -0.16666666666667    0.00000000000000    0.09090909090909             2
    0.00000000000000    0.07692307692308    0.09090909090909             2
    0.16666666666667    0.07692307692308    0.09090909090909             2
    0.33333333333333    0.07692307692308    0.09090909090909             2
    0.50000000000000    0.07692307692308    0.09090909090909             2
   -0.33333333333333    0.07692307692308    0.09090909090909             2
   -0.16666666666667    0.07692307692308    0.09090909090909             2
    0.00000000000000    0.15384615384615    0.09090909090909             2
    0.16666666666667    0.15384615384615    0.09090909090909             2
    0.33333333333333    0.15384615384615    0.09090909090909             2
    0.50000000000000    0.15384615384615    0.09090909090909             2
   -0.33333333333333    0.15384615384615    0.09090909090909             2
   -0.16666666666667    0.15384615384615    0.09090909090909             2
    0.00000000000000    0.23076923076923    0.09090909090909             2
    0.16666666666667    0.23076923076923    0.09090909090909             2
    0.33333333333333    0.23076923076923    0.09090909090909             2
    0.50000000000000    0.23076923076923    0.09090909090909             2
   -0.33333333333333    0.23076923076923    0.09090909090909             2
   -0.16666666666667    0.23076923076923    0.09090909090909             2
    0.00000000000000    0.30769230769231    0.09090909090909             2
    0.16666666666667    0.30769230769231    0.09090909090909             2
    0.33333333333333    0.30769230769231    0.09090909090909             2
    0.50000000000000    0.30769230769231    0.09090909090909             2
   -0.33333333333333    0.30769230769231    0.09090909090909             2
   -0.16666666666667    0.30769230769231    0.09090909090909             2
    0.00000000000000    0.38461538461538    0.09090909090909             2
    0.16666666666667    0.38461538461538    0.09090909090909             2
    0.33333333333333    0.38461538461538    0.09090909090909             2
    0.50000000000000    0.38461538461538    0.09090909090909             2
   -0.33333333333333    0.38461538461538    0.09090909090909             2
   -0.16666666666667    0.38461538461538    0.09090909090909             2
    0.00000000000000    0.46153846153846    0.09090909090909             2
    0.16666666666667    0.46153846153846    0.09090909090909             2
    0.33333333333333    0.46153846153846    0.09090909090909             2
    0.50000000000000    0.46153846153846    0.09090909090909             2
   -0.33333333333333    0.46153846153846    0.09090909090909             2
   -0.16666666666667    0.46153846153846    0.09090909090909             2
    0.00000000000000   -0.46153846153846    0.09090909090909             2
    0.16666666666667   -0.46153846153846    0.09090909090909             2
    0.33333333333333   -0.46153846153846    0.09090909090909             2
    0.50000000000000   -0.46153846153846    0.09090909090909             2
   -0.33333333333333   -0.46153846153846    0.09090909090909             2
   -0.16666666666667   -0.46153846153846    0.09090909090909             2
    0.00000000000000   -0.38461538461538    0.09090909090909             2
    0.16666666666667   -0.38461538461538    0.09090909090909             2
    0.33333333333333   -0.38461538461538    0.09090909090909             2
    0.50000000000000   -0.38461538461538    0.09090909090909             2
   -0.33333333333333   -0.38461538461538    0.09090909090909             2
   -0.16666666666667   -0.38461538461538    0.09090909090909             2
    0.00000000000000   -0.30769230769231    0.09090909090909             2
    0.16666666666667   -0.30769230769231    0.09090909090909             2
    0.33333333333333   -0.30769230769231    0.09090909090909             2
    0.50000000000000   -0.30769230769231    0.09090909090909             2
   -0.33333333333333   -0.30769230769231    0.09090909090909             2
   -0.16666666666667   -0.30769230769231    0.09090909090909             2
    0.00000000000000   -0.23076923076923    0.09090909090909             2
    0.16666666666667   -0.23076923076923    0.09090909090909             2
    0.33333333333333   -0.23076923076923    0.09090909090909             2
    0.50000000000000   -0.23076923076923    0.09090909090909             2
   -0.33333333333333   -0.23076923076923    0.09090909090909             2
   -0.16666666666667   -0.23076923076923    0.09090909090909             2
    0.00000000000000   -0.15384615384615    0.09090909090909             2
    0.16666666666667   -0.15384615384615    0.09090909090909             2
    0.33333333333333   -0.15384615384615    0.09090909090909             2
    0.50000000000000   -0.15384615384615    0.09090909090909             2
   -0.33333333333333   -0.15384615384615    0.09090909090909             2
   -0.16666666666667   -0.15384615384615    0.09090909090909             2
    0.00000000000000   -0.07692307692308    0.09090909090909             2
    0.16666666666667   -0.07692307692308    0.09090909090909             2
    0.33333333333333   -0.07692307692308    0.09090909090909             2
    0.50000000000000   -0.07692307692308    0.09090909090909             2
   -0.33333333333333   -0.07692307692308    0.09090909090909             2
   -0.16666666666667   -0.07692307692308    0.09090909090909             2
    0.00000000000000    0.00000000000000    0.18181818181818             2
    0.16666666666667    0.00000000000000    0.18181818181818             2
    0.33333333333333    0.00000000000000    0.18181818181818             2
    0.50000000000000   -0.00000000000000    0.18181818181818             2
   -0.33333333333333    0.00000000000000    0.18181818181818             2
   -0.16666666666667    0.00000000000000    0.18181818181818             2
    0.00000000000000    0.07692307692308    0.18181818181818             2
    0.16666666666667    0.07692307692308    0.18181818181818             2
    0.33333333333333    0.07692307692308    0.18181818181818             2
    0.50000000000000    0.07692307692308    0.18181818181818             2
   -0.33333333333333    0.07692307692308    0.18181818181818             2
   -0.16666666666667    0.07692307692308    0.18181818181818             2
    0.00000000000000    0.15384615384615    0.18181818181818             2
    0.16666666666667    0.15384615384615    0.18181818181818             2
    0.33333333333333    0.15384615384615    0.18181818181818             2
    0.50000000000000    0.15384615384615    0.18181818181818             2
   -0.33333333333333    0.15384615384615    0.18181818181818             2
   -0.16666666666667    0.15384615384615    0.18181818181818             2
    0.00000000000000    0.23076923076923    0.18181818181818             2
    0.16666666666667    0.23076923076923    0.18181818181818             2
    0.33333333333333    0.23076923076923    0.18181818181818             2
    0.50000000000000    0.23076923076923    0.18181818181818             2
   -0.33333333333333    0.23076923076923    0.18181818181818             2
   -0.16666666666667    0.23076923076923    0.18181818181818             2
    0.00000000000000    0.30769230769231    0.18181818181818             2
    0.16666666666667    0.30769230769231    0.18181818181818             2
    0.33333333333333    0.30769230769231    0.18181818181818             2
    0.50000000000000    0.30769230769231    0.18181818181818             2
   -0.33333333333333    0.30769230769231    0.18181818181818             2
   -0.16666666666667    0.30769230769231    0.18181818181818             2
    0.00000000000000    0.38461538461538    0.18181818181818             2
    0.16666666666667    0.38461538461538    0.18181818181818             2
    0.33333333333333    0.38461538461538    0.18181818181818             2
    0.50000000000000    0.38461538461538    0.18181818181818             2
   -0.33333333333333    0.38461538461538    0.18181818181818             2
   -0.16666666666667    0.38461538461538    0.18181818181818             2
    0.00000000000000    0.46153846153846    0.18181818181818             2
    0.16666666666667    0.46153846153846    0.18181818181818             2
    0.33333333333333    0.46153846153846    0.18181818181818             2
    0.50000000000000    0.46153846153846    0.18181818181818             2
   -0.33333333333333    0.46153846153846    0.18181818181818             2
   -0.16666666666667    0.46153846153846    0.18181818181818             2
    0.00000000000000   -0.46153846153846    0.18181818181818             2
    0.16666666666667   -0.46153846153846    0.18181818181818             2
    0.33333333333333   -0.46153846153846    0.18181818181818             2
    0.50000000000000   -0.46153846153846    0.18181818181818             2
   -0.33333333333333   -0.46153846153846    0.18181818181818             2
   -0.16666666666667   -0.46153846153846    0.18181818181818             2
    0.00000000000000   -0.38461538461538    0.18181818181818             2
    0.16666666666667   -0.38461538461538    0.18181818181818             2
    0.33333333333333   -0.38461538461538    0.18181818181818             2
    0.50000000000000   -0.38461538461538    0.18181818181818             2
   -0.33333333333333   -0.38461538461538    0.18181818181818             2
   -0.16666666666667   -0.38461538461538    0.18181818181818             2
    0.00000000000000   -0.30769230769231    0.18181818181818             2
    0.16666666666667   -0.30769230769231    0.18181818181818             2
    0.33333333333333   -0.30769230769231    0.18181818181818             2
    0.50000000000000   -0.30769230769231    0.18181818181818             2
   -0.33333333333333   -0.30769230769231    0.18181818181818             2
   -0.16666666666667   -0.30769230769231    0.18181818181818             2
    0.00000000000000   -0.23076923076923    0.18181818181818             2
    0.16666666666667   -0.23076923076923    0.18181818181818             2
    0.33333333333333   -0.23076923076923    0.18181818181818             2
    0.50000000000000   -0.23076923076923    0.18181818181818             2
   -0.33333333333333   -0.23076923076923    0.18181818181818             2
   -0.16666666666667   -0.23076923076923    0.18181818181818             2
    0.00000000000000   -0.15384615384615    0.18181818181818             2
    0.16666666666667   -0.15384615384615    0.18181818181818             2
    0.33333333333333   -0.15384615384615    0.18181818181818             2
    0.50000000000000   -0.15384615384615    0.18181818181818             2
   -0.33333333333333   -0.15384615384615    0.18181818181818             2
   -0.16666666666667   -0.15384615384615    0.18181818181818             2
    0.00000000000000   -0.07692307692308    0.18181818181818             2
    0.16666666666667   -0.07692307692308    0.18181818181818             2
    0.33333333333333   -0.07692307692308    0.18181818181818             2
    0.50000000000000   -0.07692307692308    0.18181818181818             2
   -0.33333333333333   -0.07692307692308    0.18181818181818             2
   -0.16666666666667   -0.07692307692308    0.18181818181818             2
    0.00000000000000    0.00000000000000    0.27272727272727             2
    0.16666666666667    0.00000000000000    0.27272727272727             2
    0.33333333333333    0.00000000000000    0.27272727272727             2
    0.50000000000000   -0.00000000000000    0.27272727272727             2
   -0.33333333333333    0.00000000000000    0.27272727272727             2
   -0.16666666666667    0.00000000000000    0.27272727272727             2
    0.00000000000000    0.07692307692308    0.27272727272727             2
    0.16666666666667    0.07692307692308    0.27272727272727             2
    0.33333333333333    0.07692307692308    0.27272727272727             2
    0.50000000000000    0.07692307692308    0.27272727272727             2
   -0.33333333333333    0.07692307692308    0.27272727272727             2
   -0.16666666666667    0.07692307692308    0.27272727272727             2
    0.00000000000000    0.15384615384615    0.27272727272727             2
    0.16666666666667    0.15384615384615    0.27272727272727             2
    0.33333333333333    0.15384615384615    0.27272727272727             2
    0.50000000000000    0.15384615384615    0.27272727272727             2
   -0.33333333333333    0.15384615384615    0.27272727272727             2
   -0.16666666666667    0.15384615384615    0.27272727272727             2
    0.00000000000000    0.23076923076923    0.27272727272727             2
    0.16666666666667    0.23076923076923    0.27272727272727             2
    0.33333333333333    0.23076923076923    0.27272727272727             2
    0.50000000000000    0.23076923076923    0.27272727272727             2
   -0.33333333333333    0.23076923076923    0.27272727272727             2
   -0.16666666666667    0.23076923076923    0.27272727272727             2
    0.00000000000000    0.30769230769231    0.27272727272727             2
    0.16666666666667    0.30769230769231    0.27272727272727             2
    0.33333333333333    0.30769230769231    0.27272727272727             2
    0.50000000000000    0.30769230769231    0.27272727272727             2
   -0.33333333333333    0.30769230769231    0.27272727272727             2
   -0.16666666666667    0.30769230769231    0.27272727272727             2
    0.00000000000000    0.38461538461538    0.27272727272727             2
    0.16666666666667    0.38461538461538    0.27272727272727             2
    0.33333333333333    0.38461538461538    0.27272727272727             2
    0.50000000000000    0.38461538461538    0.27272727272727             2
   -0.33333333333333    0.38461538461538    0.27272727272727             2
   -0.16666666666667    0.38461538461538    0.27272727272727             2
    0.00000000000000    0.46153846153846    0.27272727272727             2
    0.16666666666667    0.46153846153846    0.27272727272727             2
    0.33333333333333    0.46153846153846    0.27272727272727             2
    0.50000000000000    0.46153846153846    0.27272727272727             2
   -0.33333333333333    0.46153846153846    0.27272727272727             2
   -0.16666666666667    0.46153846153846    0.27272727272727             2
    0.00000000000000   -0.46153846153846    0.27272727272727             2
    0.16666666666667   -0.46153846153846    0.27272727272727             2
    0.33333333333333   -0.46153846153846    0.27272727272727             2
    0.50000000000000   -0.46153846153846    0.27272727272727             2
   -0.33333333333333   -0.46153846153846    0.27272727272727             2
   -0.16666666666667   -0.46153846153846    0.27272727272727             2
    0.00000000000000   -0.38461538461538    0.27272727272727             2
    0.16666666666667   -0.38461538461538    0.27272727272727             2
    0.33333333333333   -0.38461538461538    0.27272727272727             2
    0.50000000000000   -0.38461538461538    0.27272727272727             2
   -0.33333333333333   -0.38461538461538    0.27272727272727             2
   -0.16666666666667   -0.38461538461538    0.27272727272727             2
    0.00000000000000   -0.30769230769231    0.27272727272727             2
    0.16666666666667   -0.30769230769231    0.27272727272727             2
    0.33333333333333   -0.30769230769231    0.27272727272727             2
    0.50000000000000   -0.30769230769231    0.27272727272727             2
   -0.33333333333333   -0.30769230769231    0.27272727272727             2
   -0.16666666666667   -0.30769230769231    0.27272727272727             2
    0.00000000000000   -0.23076923076923    0.27272727272727             2
    0.16666666666667   -0.23076923076923    0.27272727272727             2
    0.33333333333333   -0.23076923076923    0.27272727272727             2
    0.50000000000000   -0.23076923076923    0.27272727272727             2
   -0.33333333333333   -0.23076923076923    0.27272727272727             2
   -0.16666666666667   -0.23076923076923    0.27272727272727             2
    0.00000000000000   -0.15384615384615    0.27272727272727             2
    0.16666666666667   -0.15384615384615    0.27272727272727             2
    0.33333333333333   -0.15384615384615    0.27272727272727             2
    0.50000000000000   -0.15384615384615    0.27272727272727             2
   -0.33333333333333   -0.15384615384615    0.27272727272727             2
   -0.16666666666667   -0.15384615384615    0.27272727272727             2
    0.00000000000000   -0.07692307692308    0.27272727272727             2
    0.16666666666667   -0.07692307692308    0.27272727272727             2
    0.33333333333333   -0.07692307692308    0.27272727272727             2
    0.50000000000000   -0.07692307692308    0.27272727272727             2
   -0.33333333333333   -0.07692307692308    0.27272727272727             2
   -0.16666666666667   -0.07692307692308    0.27272727272727             2
    0.00000000000000    0.00000000000000    0.36363636363636             2
    0.16666666666667    0.00000000000000    0.36363636363636             2
    0.33333333333333    0.00000000000000    0.36363636363636             2
    0.50000000000000   -0.00000000000000    0.36363636363636             2
   -0.33333333333333    0.00000000000000    0.36363636363636             2
   -0.16666666666667    0.00000000000000    0.36363636363636             2
    0.00000000000000    0.07692307692308    0.36363636363636             2
    0.16666666666667    0.07692307692308    0.36363636363636             2
    0.33333333333333    0.07692307692308    0.36363636363636             2
    0.50000000000000    0.07692307692308    0.36363636363636             2
   -0.33333333333333    0.07692307692308    0.36363636363636             2
   -0.16666666666667    0.07692307692308    0.36363636363636             2
    0.00000000000000    0.15384615384615    0.36363636363636             2
    0.16666666666667    0.15384615384615    0.36363636363636             2
    0.33333333333333    0.15384615384615    0.36363636363636             2
    0.50000000000000    0.15384615384615    0.36363636363636             2
   -0.33333333333333    0.15384615384615    0.36363636363636             2
   -0.16666666666667    0.15384615384615    0.36363636363636             2
    0.00000000000000    0.23076923076923    0.36363636363636             2
    0.16666666666667    0.23076923076923    0.36363636363636             2
    0.33333333333333    0.23076923076923    0.36363636363636             2
    0.50000000000000    0.23076923076923    0.36363636363636             2
   -0.33333333333333    0.23076923076923    0.36363636363636             2
   -0.16666666666667    0.23076923076923    0.36363636363636             2
    0.00000000000000    0.30769230769231    0.36363636363636             2
    0.16666666666667    0.30769230769231    0.36363636363636             2
    0.33333333333333    0.30769230769231    0.36363636363636             2
    0.50000000000000    0.30769230769231    0.36363636363636             2
   -0.33333333333333    0.30769230769231    0.36363636363636             2
   -0.16666666666667    0.30769230769231    0.36363636363636             2
    0.00000000000000    0.38461538461538    0.36363636363636             2
    0.16666666666667    0.38461538461538    0.36363636363636             2
    0.33333333333333    0.38461538461538    0.36363636363636             2
    0.50000000000000    0.38461538461538    0.36363636363636             2
   -0.33333333333333    0.38461538461538    0.36363636363636             2
   -0.16666666666667    0.38461538461538    0.36363636363636             2
    0.00000000000000    0.46153846153846    0.36363636363636             2
    0.16666666666667    0.46153846153846    0.36363636363636             2
    0.33333333333333    0.46153846153846    0.36363636363636             2
    0.50000000000000    0.46153846153846    0.36363636363636             2
   -0.33333333333333    0.46153846153846    0.36363636363636             2
   -0.16666666666667    0.46153846153846    0.36363636363636             2
    0.00000000000000   -0.46153846153846    0.36363636363636             2
    0.16666666666667   -0.46153846153846    0.36363636363636             2
    0.33333333333333   -0.46153846153846    0.36363636363636             2
    0.50000000000000   -0.46153846153846    0.36363636363636             2
   -0.33333333333333   -0.46153846153846    0.36363636363636             2
   -0.16666666666667   -0.46153846153846    0.36363636363636             2
    0.00000000000000   -0.38461538461538    0.36363636363636             2
    0.16666666666667   -0.38461538461538    0.36363636363636             2
    0.33333333333333   -0.38461538461538    0.36363636363636             2
    0.50000000000000   -0.38461538461538    0.36363636363636             2
   -0.33333333333333   -0.38461538461538    0.36363636363636             2
   -0.16666666666667   -0.38461538461538    0.36363636363636             2
    0.00000000000000   -0.30769230769231    0.36363636363636             2
    0.16666666666667   -0.30769230769231    0.36363636363636             2
    0.33333333333333   -0.30769230769231    0.36363636363636             2
    0.50000000000000   -0.30769230769231    0.36363636363636             2
   -0.33333333333333   -0.30769230769231    0.36363636363636             2
   -0.16666666666667   -0.30769230769231    0.36363636363636             2
    0.00000000000000   -0.23076923076923    0.36363636363636             2
    0.16666666666667   -0.23076923076923    0.36363636363636             2
    0.33333333333333   -0.23076923076923    0.36363636363636             2
    0.50000000000000   -0.23076923076923    0.36363636363636             2
   -0.33333333333333   -0.23076923076923    0.36363636363636             2
   -0.16666666666667   -0.23076923076923    0.36363636363636             2
    0.00000000000000   -0.15384615384615    0.36363636363636             2
    0.16666666666667   -0.15384615384615    0.36363636363636             2
    0.33333333333333   -0.15384615384615    0.36363636363636             2
    0.50000000000000   -0.15384615384615    0.36363636363636             2
   -0.33333333333333   -0.15384615384615    0.36363636363636             2
   -0.16666666666667   -0.15384615384615    0.36363636363636             2
    0.00000000000000   -0.07692307692308    0.36363636363636             2
    0.16666666666667   -0.07692307692308    0.36363636363636             2
    0.33333333333333   -0.07692307692308    0.36363636363636             2
    0.50000000000000   -0.07692307692308    0.36363636363636             2
   -0.33333333333333   -0.07692307692308    0.36363636363636             2
   -0.16666666666667   -0.07692307692308    0.36363636363636             2
    0.00000000000000    0.00000000000000    0.45454545454545             2
    0.16666666666667    0.00000000000000    0.45454545454545             2
    0.33333333333333    0.00000000000000    0.45454545454545             2
    0.50000000000000   -0.00000000000000    0.45454545454545             2
   -0.33333333333333    0.00000000000000    0.45454545454545             2
   -0.16666666666667    0.00000000000000    0.45454545454545             2
    0.00000000000000    0.07692307692308    0.45454545454545             2
    0.16666666666667    0.07692307692308    0.45454545454545             2
    0.33333333333333    0.07692307692308    0.45454545454545             2
    0.50000000000000    0.07692307692308    0.45454545454545             2
   -0.33333333333333    0.07692307692308    0.45454545454545             2
   -0.16666666666667    0.07692307692308    0.45454545454545             2
    0.00000000000000    0.15384615384615    0.45454545454545             2
    0.16666666666667    0.15384615384615    0.45454545454545             2
    0.33333333333333    0.15384615384615    0.45454545454545             2
    0.50000000000000    0.15384615384615    0.45454545454545             2
   -0.33333333333333    0.15384615384615    0.45454545454545             2
   -0.16666666666667    0.15384615384615    0.45454545454545             2
    0.00000000000000    0.23076923076923    0.45454545454545             2
    0.16666666666667    0.23076923076923    0.45454545454545             2
    0.33333333333333    0.23076923076923    0.45454545454545             2
    0.50000000000000    0.23076923076923    0.45454545454545             2
   -0.33333333333333    0.23076923076923    0.45454545454545             2
   -0.16666666666667    0.23076923076923    0.45454545454545             2
    0.00000000000000    0.30769230769231    0.45454545454545             2
    0.16666666666667    0.30769230769231    0.45454545454545             2
    0.33333333333333    0.30769230769231    0.45454545454545             2
    0.50000000000000    0.30769230769231    0.45454545454545             2
   -0.33333333333333    0.30769230769231    0.45454545454545             2
   -0.16666666666667    0.30769230769231    0.45454545454545             2
    0.00000000000000    0.38461538461538    0.45454545454545             2
    0.16666666666667    0.38461538461538    0.45454545454545             2
    0.33333333333333    0.38461538461538    0.45454545454545             2
    0.50000000000000    0.38461538461538    0.45454545454545             2
   -0.33333333333333    0.38461538461538    0.45454545454545             2
   -0.16666666666667    0.38461538461538    0.45454545454545             2
    0.00000000000000    0.46153846153846    0.45454545454545             2
    0.16666666666667    0.46153846153846    0.45454545454545             2
    0.33333333333333    0.46153846153846    0.45454545454545             2
    0.50000000000000    0.46153846153846    0.45454545454545             2
   -0.33333333333333    0.46153846153846    0.45454545454545             2
   -0.16666666666667    0.46153846153846    0.45454545454545             2
    0.00000000000000   -0.46153846153846    0.45454545454545             2
    0.16666666666667   -0.46153846153846    0.45454545454545             2
    0.33333333333333   -0.46153846153846    0.45454545454545             2
    0.50000000000000   -0.46153846153846    0.45454545454545             2
   -0.33333333333333   -0.46153846153846    0.45454545454545             2
   -0.16666666666667   -0.46153846153846    0.45454545454545             2
    0.00000000000000   -0.38461538461538    0.45454545454545             2
    0.16666666666667   -0.38461538461538    0.45454545454545             2
    0.33333333333333   -0.38461538461538    0.45454545454545             2
    0.50000000000000   -0.38461538461538    0.45454545454545             2
   -0.33333333333333   -0.38461538461538    0.45454545454545             2
   -0.16666666666667   -0.38461538461538    0.45454545454545             2
    0.00000000000000   -0.30769230769231    0.45454545454545             2
    0.16666666666667   -0.30769230769231    0.45454545454545             2
    0.33333333333333   -0.30769230769231    0.45454545454545             2
    0.50000000000000   -0.30769230769231    0.45454545454545             2
   -0.33333333333333   -0.30769230769231    0.45454545454545             2
   -0.16666666666667   -0.30769230769231    0.45454545454545             2
    0.00000000000000   -0.23076923076923    0.45454545454545             2
    0.16666666666667   -0.23076923076923    0.45454545454545             2
    0.33333333333333   -0.23076923076923    0.45454545454545             2
    0.50000000000000   -0.23076923076923    0.45454545454545             2
   -0.33333333333333   -0.23076923076923    0.45454545454545             2
   -0.16666666666667   -0.23076923076923    0.45454545454545             2
    0.00000000000000   -0.15384615384615    0.45454545454545             2
    0.16666666666667   -0.15384615384615    0.45454545454545             2
    0.33333333333333   -0.15384615384615    0.45454545454545             2
    0.50000000000000   -0.15384615384615    0.45454545454545             2
   -0.33333333333333   -0.15384615384615    0.45454545454545             2
   -0.16666666666667   -0.15384615384615    0.45454545454545             2
    0.00000000000000   -0.07692307692308    0.45454545454545             2
    0.16666666666667   -0.07692307692308    0.45454545454545             2
    0.33333333333333   -0.07692307692308    0.45454545454545             2
    0.50000000000000   -0.07692307692308    0.45454545454545             2
   -0.33333333333333   -0.07692307692308    0.45454545454545             2
   -0.16666666666667   -0.07692307692308    0.45454545454545             2
Tetrahedra
      2572    0.00019425019425
         2         1         5         6        48
         2         1         2         6        48
         2         1         2        42        48
         2         1         5        47        48
         2         1        41        47        48
         2         1        41        42        48
         2         2         6         7        49
         2         2         3         7        49
         2         2         3        43        49
         2         2         6        48        49
         2         2        42        48        49
         2         2        42        43        49
         2         3         7         8        50
         2         3         4         8        50
         2         3         4        44        50
         2         3         7        49        50
         2         3        43        49        50
         2         3        43        44        50
         2         4         8         9        51
         2         3         4         9        51
         2         3         4        45        51
         2         4         8        50        51
         2         4        44        50        51
         2         4        44        45        51
         2         3         9        10        52
         2         2         3        10        52
         2         2         3        46        52
         2         3         9        51        52
         2         3        45        51        52
         2         3        45        46        52
         2         2         5        10        47
         2         1         2         5        47
         2         1         2        41        47
         2         2        10        47        52
         2         2        46        47        52
         2         2        41        46        47
         2         5        11        12        54
         2         5         6        12        54
         2         5         6        48        54
         2         5        11        53        54
         2         5        47        53        54
         2         5        47        48        54
         2         6        12        13        55
         2         6         7        13        55
         2         6         7        49        55
         2         6        12        54        55
         2         6        48        54        55
         2         6        48        49        55
         2         7        13        14        56
         2         7         8        14        56
         2         7         8        50        56
         2         7        13        55        56
         2         7        49        55        56
         2         7        49        50        56
         2         8        14        15        57
         2         8         9        15        57
         2         8         9        51        57
         2         8        14        56        57
         2         8        50        56        57
         2         8        50        51        57
         2         9        15        16        58
         2         9        10        16        58
         2         9        10        52        58
         2         9        15        57        58
         2         9        51        57        58
         2         9        51        52        58
         2        10        11        16        53
         2         5        10        11        53
         2         5        10        47        53
         2        10        16        53        58
         2        10        52        53        58
         2        10        47        52        53
         2        11        17        18        60
         2        11        12        18        60
         2        11        12        54        60
         2        11        17        59        60
         2        11        53        59        60
         2        11        53        54        60
         2        12        18        19        61
         2        12        13        19        61
         2        12        13        55        61
         2        12        18        60        61
         2        12        54        60        61
         2        12        54        55        61
         2        13        19        20        62
         2        13        14        20        62
         2        13        14        56        62
         2        13        19        61        62
         2        13        55        61        62
         2        13        55        56        62
         2        14        20        21        63
         2        14        15        21        63
         2        14        15        57        63
         2        14        20        62        63
         2        14        56        62        63
         2        14        56        57        63
         2        15        21        22        64
         2        15        16        22        64
         2        15        16        58        64
         2        15        21        63        64
         2        15        57        63        64
         2        15        57        58        64
         2        16        17        22        59
         2        11        16        17        59
         2        11        16        53        59
         2        16        22        59        64
         2        16        58        59        64
         2        16        53        58        59
         2        17        23        24        66
         2        17        18        24        66
         2        17        18        60        66
         2        17        23        65        66
         2        17        59        65        66
         2        17        59        60        66
         2        18        24        25        67
         2        18        19        25        67
         2        18        19        61        67
         2        18        24        66        67
         2        18        60        66        67
         2        18        60        61        67
         2        19        25        26        68
         2        19        20        26        68
         2        19        20        62        68
         2        19        25        67        68
         2        19        61        67        68
         2        19        61        62        68
         2        20        26        27        69
         2        20        21        27        69
         2        20        21        63        69
         2        20        26        68        69
         2        20        62        68        69
         2        20        62        63        69
         2        21        27        28        70
         2        21        22        28        70
         2        21        22        64        70
         2        21        27        69        70
         2        21        63        69        70
         2        21        63        64        70
         2        22        23        28        65
         2        17        22        23        65
         2        17        22        59        65
         2        22        28        65        70
         2        22        64        65        70
         2        22        59        64        65
         2        23        29        30        72
         2        23        24        30        72
         2        23        24        66        72
         2        23        29        71        72
         2        23        65        71        72
         2        23        65        66        72
         2        24        30        31        73
         2        24        25        31        73
         2        24        25        67        73
         2        24        30        72        73
         2        24        66        72        73
         2        24        66        67        73
         2        25        31        32        74
         2        25        26        32        74
         2        25        26        68        74
         2        25        31        73        74
         2        25        67        73        74
         2        25        67        68        74
         2        26        32        33        75
         2        26        27        33        75
         2        26        27        69        75
         2        26        32        74        75
         2        26        68        74        75
         2        26        68        69        75
         2        27        33        34        76
         2        27        28        34        76
         2        27        28        70        76
         2        27        33        75        76
         2        27        69        75        76
         2        27        69        70        76
         2        28        29        34        71
         2        23        28        29        71
         2        23        28        65        71
         2        28        34        71        76
         2        28        70        71        76
         2        28        65        70        71
         2        29        35        36        78
         2        29        30        36        78
         2        29        30        72        78
         2        29        35        77        78
         2        29        71        77        78
         2        29        71        72        78
         2        30        36        37        79
         2        30        31        37        79
         2        30        31        73        79
         2        30        36        78        79
         2        30        72        78        79
         2        30        72        73        79
         2        31        37        38        80
         2        31        32        38        80
         2        31        32        74        80
         2        31        37        79        80
         2        31        73        79        80
         2        31        73        74        80
         2        32        38        39        81
         2        32        33        39        81
         2        32        33        75        81
         2        32        38        80        81
         2        32        74        80        81
         2        32        74        75        81
         2        33        39        40        82
         2        33        34        40        82
         2        33        34        76        82
         2        33        39        81        82
         2        33        75        81        82
         2        33        75        76        82
         2        34        35        40        77
         2        29        34        35        77
         2        29        34        71        77
         2        34        40        77        82
         2        34        76        77        82
         2        34        71        76        77
         2        35        35        40        84
         2        35        36        40        84
         2        35        36        78        84
         2        35        35        83        84
         2        35        77        83        84
         2        35        77        78        84
         2        36        39        40        85
         2        36        37        39        85
         2        36        37        79        85
         2        36        40        84        85
         2        36        78        84        85
         2        36        78        79        85
         2        37        38        39        86
         2        37        38        38        86
         2        37        38        80        86
         2        37        39        85        86
         2        37        79        85        86
         2        37        79        80        86
         2        37        38        38        87
         2        37        38        39        87
         2        38        39        81        87
         2        38        38        86        87
         2        38        80        86        87
         2        38        80        81        87
         2        36        37        39        88
         2        36        39        40        88
         2        39        40        82        88
         2        37        39        87        88
         2        39        81        87        88
         2        39        81        82        88
         2        35        36        40        83
         2        35        35        40        83
         2        35        40        77        83
         2        36        40        83        88
         2        40        82        83        88
         2        40        77        82        83
         2        29        34        35        90
         2        34        35        40        90
         2        35        40        84        90
         2        29        35        89        90
         2        35        83        89        90
         2        35        83        84        90
         2        33        34        40        91
         2        33        39        40        91
         2        39        40        85        91
         2        34        40        90        91
         2        40        84        90        91
         2        40        84        85        91
         2        32        33        39        92
         2        32        38        39        92
         2        38        39        86        92
         2        33        39        91        92
         2        39        85        91        92
         2        39        85        86        92
         2        31        32        38        93
         2        31        37        38        93
         2        37        38        87        93
         2        32        38        92        93
         2        38        86        92        93
         2        38        86        87        93
         2        30        31        37        94
         2        30        36        37        94
         2        36        37        88        94
         2        31        37        93        94
         2        37        87        93        94
         2        37        87        88        94
         2        29        30        36        89
         2        29        35        36        89
         2        35        36        83        89
         2        30        36        89        94
         2        36        88        89        94
         2        36        83        88        89
         2        23        28        29        96
         2        28        29        34        96
         2        29        34        90        96
         2        23        29        95        96
         2        29        89        95        96
         2        29        89        90        96
         2        27        28        34        97
         2        27        33        34        97
         2        33        34        91        97
         2        28        34        96        97
         2        34        90        96        97
         2        34        90        91        97
         2        26        27        33        98
         2        26        32        33        98
         2        32        33        92        98
         2        27        33        97        98
         2        33        91        97        98
         2        33        91        92        98
         2        25        26        32        99
         2        25        31        32        99
         2        31        32        93        99
         2        26        32        98        99
         2        32        92        98        99
         2        32        92        93        99
         2        24        25        31       100
         2        24        30        31       100
         2        30        31        94       100
         2        25        31        99       100
         2        31        93        99       100
         2        31        93        94       100
         2        23        24        30        95
         2        23        29        30        95
         2        29        30        89        95
         2        24        30        95       100
         2        30        94        95       100
         2        30        89        94        95
         2        17        22        23       102
         2        22        23        28       102
         2        23        28        96       102
         2        17        23       101       102
         2        23        95       101       102
         2        23        95        96       102
         2        21        22        28       103
         2        21        27        28       103
         2        27        28        97       103
         2        22        28       102       103
         2        28        96       102       103
         2        28        96        97       103
         2        20        21        27       104
         2        20        26        27       104
         2        26        27        98       104
         2        21        27       103       104
         2        27        97       103       104
         2        27        97        98       104
         2        19        20        26       105
         2        19        25        26       105
         2        25        26        99       105
         2        20        26       104       105
         2        26        98       104       105
         2        26        98        99       105
         2        18        19        25       106
         2        18        24        25       106
         2        24        25       100       106
         2        19        25       105       106
         2        25        99       105       106
         2        25        99       100       106
         2        17        18        24       101
         2        17        23        24       101
         2        23        24        95       101
         2        18        24       101       106
         2        24       100       101       106
         2        24        95       100       101
         2        11        16        17       108
         2        16        17        22       108
         2        17        22       102       108
         2        11        17       107       108
         2        17       101       107       108
         2        17       101       102       108
         2        15        16        22       109
         2        15        21        22       109
         2        21        22       103       109
         2        16        22       108       109
         2        22       102       108       109
         2        22       102       103       109
         2        14        15        21       110
         2        14        20        21       110
         2        20        21       104       110
         2        15        21       109       110
         2        21       103       109       110
         2        21       103       104       110
         2        13        14        20       111
         2        13        19        20       111
         2        19        20       105       111
         2        14        20       110       111
         2        20       104       110       111
         2        20       104       105       111
         2        12        13        19       112
         2        12        18        19       112
         2        18        19       106       112
         2        13        19       111       112
         2        19       105       111       112
         2        19       105       106       112
         2        11        12        18       107
         2        11        17        18       107
         2        17        18       101       107
         2        12        18       107       112
         2        18       106       107       112
         2        18       101       106       107
         2         5        10        11       114
         2        10        11        16       114
         2        11        16       108       114
         2         5        11       113       114
         2        11       107       113       114
         2        11       107       108       114
         2         9        10        16       115
         2         9        15        16       115
         2        15        16       109       115
         2        10        16       114       115
         2        16       108       114       115
         2        16       108       109       115
         2         8         9        15       116
         2         8        14        15       116
         2        14        15       110       116
         2         9        15       115       116
         2        15       109       115       116
         2        15       109       110       116
         2         7         8        14       117
         2         7        13        14       117
         2        13        14       111       117
         2         8        14       116       117
         2        14       110       116       117
         2        14       110       111       117
         2         6         7        13       118
         2         6        12        13       118
         2        12        13       112       118
         2         7        13       117       118
         2        13       111       117       118
         2        13       111       112       118
         2         5         6        12       113
         2         5        11        12       113
         2        11        12       107       113
         2         6        12       113       118
         2        12       112       113       118
         2        12       107       112       113
         2         1         2         5        42
         2         2         5        10        42
         2         5        10        42       114
         2         1         5        41        42
         2         5        41        42       113
         2         5        42       113       114
         2         2         3        10        43
         2         3         9        10        43
         2         9        10        43       115
         2         2        10        42        43
         2        10        42        43       114
         2        10        43       114       115
         2         3         4         9        44
         2         4         8         9        44
         2         8         9        44       116
         2         3         9        43        44
         2         9        43        44       115
         2         9        44       115       116
         2         3         4         8        45
         2         3         7         8        45
         2         7         8        45       117
         2         4         8        44        45
         2         8        44        45       116
         2         8        45       116       117
         2         2         3         7        46
         2         2         6         7        46
         2         6         7        46       118
         2         3         7        45        46
         2         7        45        46       117
         2         7        46       117       118
         2         1         2         6        41
         2         1         5         6        41
         2         5         6        41       113
         2         2         6        41        46
         2         6        41        46       118
         2         6        41       113       118
         2        41        47        48       126
         2        41        42        48       126
         2        41        42       120       126
         2        41        47       125       126
         2        41       119       125       126
         2        41       119       120       126
         2        42        48        49       127
         2        42        43        49       127
         2        42        43       121       127
         2        42        48       126       127
         2        42       120       126       127
         2        42       120       121       127
         2        43        49        50       128
         2        43        44        50       128
         2        43        44       122       128
         2        43        49       127       128
         2        43       121       127       128
         2        43       121       122       128
         2        44        50        51       129
         2        44        45        51       129
         2        44        45       123       129
         2        44        50       128       129
         2        44       122       128       129
         2        44       122       123       129
         2        45        51        52       130
         2        45        46        52       130
         2        45        46       124       130
         2        45        51       129       130
         2        45       123       129       130
         2        45       123       124       130
         2        46        47        52       125
         2        41        46        47       125
         2        41        46       119       125
         2        46        52       125       130
         2        46       124       125       130
         2        46       119       124       125
         2        47        53        54       132
         2        47        48        54       132
         2        47        48       126       132
         2        47        53       131       132
         2        47       125       131       132
         2        47       125       126       132
         2        48        54        55       133
         2        48        49        55       133
         2        48        49       127       133
         2        48        54       132       133
         2        48       126       132       133
         2        48       126       127       133
         2        49        55        56       134
         2        49        50        56       134
         2        49        50       128       134
         2        49        55       133       134
         2        49       127       133       134
         2        49       127       128       134
         2        50        56        57       135
         2        50        51        57       135
         2        50        51       129       135
         2        50        56       134       135
         2        50       128       134       135
         2        50       128       129       135
         2        51        57        58       136
         2        51        52        58       136
         2        51        52       130       136
         2        51        57       135       136
         2        51       129       135       136
         2        51       129       130       136
         2        52        53        58       131
         2        47        52        53       131
         2        47        52       125       131
         2        52        58       131       136
         2        52       130       131       136
         2        52       125       130       131
         2        53        59        60       138
         2        53        54        60       138
         2        53        54       132       138
         2        53        59       137       138
         2        53       131       137       138
         2        53       131       132       138
         2        54        60        61       139
         2        54        55        61       139
         2        54        55       133       139
         2        54        60       138       139
         2        54       132       138       139
         2        54       132       133       139
         2        55        61        62       140
         2        55        56        62       140
         2        55        56       134       140
         2        55        61       139       140
         2        55       133       139       140
         2        55       133       134       140
         2        56        62        63       141
         2        56        57        63       141
         2        56        57       135       141
         2        56        62       140       141
         2        56       134       140       141
         2        56       134       135       141
         2        57        63        64       142
         2        57        58        64       142
         2        57        58       136       142
         2        57        63       141       142
         2        57       135       141       142
         2        57       135       136       142
         2        58        59        64       137
         2        53        58        59       137
         2        53        58       131       137
         2        58        64       137       142
         2        58       136       137       142
         2        58       131       136       137
         2        59        65        66       144
         2        59        60        66       144
         2        59        60       138       144
         2        59        65       143       144
         2        59       137       143       144
         2        59       137       138       144
         2        60        66        67       145
         2        60        61        67       145
         2        60        61       139       145
         2        60        66       144       145
         2        60       138       144       145
         2        60       138       139       145
         2        61        67        68       146
         2        61        62        68       146
         2        61        62       140       146
         2        61        67       145       146
         2        61       139       145       146
         2        61       139       140       146
         2        62        68        69       147
         2        62        63        69       147
         2        62        63       141       147
         2        62        68       146       147
         2        62       140       146       147
         2        62       140       141       147
         2        63        69        70       148
         2        63        64        70       148
         2        63        64       142       148
         2        63        69       147       148
         2        63       141       147       148
         2        63       141       142       148
         2        64        65        70       143
         2        59        64        65       143
         2        59        64       137       143
         2        64        70       143       148
         2        64       142       143       148
         2        64       137       142       143
         2        65        71        72       150
         2        65        66        72       150
         2        65        66       144       150
         2        65        71       149       150
         2        65       143       149       150
         2        65       143       144       150
         2        66        72        73       151
         2        66        67        73       151
         2        66        67       145       151
         2        66        72       150       151
         2        66       144       150       151
         2        66       144       145       151
         2        67        73        74       152
         2        67        68        74       152
         2        67        68       146       152
         2        67        73       151       152
         2        67       145       151       152
         2        67       145       146       152
         2        68        74        75       153
         2        68        69        75       153
         2        68        69       147       153
         2        68        74       152       153
         2        68       146       152       153
         2        68       146       147       153
         2        69        75        76       154
         2        69        70        76       154
         2        69        70       148       154
         2        69        75       153       154
         2        69       147       153       154
         2        69       147       148       154
         2        70        71        76       149
         2        65        70        71       149
         2        65        70       143       149
         2        70        76       149       154
         2        70       148       149       154
         2        70       143       148       149
         2        71        77        78       156
         2        71        72        78       156
         2        71        72       150       156
         2        71        77       155       156
         2        71       149       155       156
         2        71       149       150       156
         2        72        78        79       157
         2        72        73        79       157
         2        72        73       151       157
         2        72        78       156       157
         2        72       150       156       157
         2        72       150       151       157
         2        73        79        80       158
         2        73        74        80       158
         2        73        74       152       158
         2        73        79       157       158
         2        73       151       157       158
         2        73       151       152       158
         2        74        80        81       159
         2        74        75        81       159
         2        74        75       153       159
         2        74        80       158       159
         2        74       152       158       159
         2        74       152       153       159
         2        75        81        82       160
         2        75        76        82       160
         2        75        76       154       160
         2        75        81       159       160
         2        75       153       159       160
         2        75       153       154       160
         2        76        77        82       155
         2        71        76        77       155
         2        71        76       149       155
         2        76        82       155       160
         2        76       154       155       160
         2        76       149       154       155
         2        77        83        84       162
         2        77        78        84       162
         2        77        78       156       162
         2        77        83       161       162
         2        77       155       161       162
         2        77       155       156       162
         2        78        84        85       163
         2        78        79        85       163
         2        78        79       157       163
         2        78        84       162       163
         2        78       156       162       163
         2        78       156       157       163
         2        79        85        86       164
         2        79        80        86       164
         2        79        80       158       164
         2        79        85       163       164
         2        79       157       163       164
         2        79       157       158       164
         2        80        86        87       165
         2        80        81        87       165
         2        80        81       159       165
         2        80        86       164       165
         2        80       158       164       165
         2        80       158       159       165
         2        81        87        88       166
         2        81        82        88       166
         2        81        82       160       166
         2        81        87       165       166
         2        81       159       165       166
         2        81       159       160       166
         2        82        83        88       161
         2        77        82        83       161
         2        77        82       155       161
         2        82        88       161       166
         2        82       160       161       166
         2        82       155       160       161
         2        83        89        90       168
         2        83        84        90       168
         2        83        84       162       168
         2        83        89       167       168
         2        83       161       167       168
         2        83       161       162       168
         2        84        90        91       169
         2        84        85        91       169
         2        84        85       163       169
         2        84        90       168       169
         2        84       162       168       169
         2        84       162       163       169
         2        85        91        92       170
         2        85        86        92       170
         2        85        86       164       170
         2        85        91       169       170
         2        85       163       169       170
         2        85       163       164       170
         2        86        92        93       171
         2        86        87        93       171
         2        86        87       165       171
         2        86        92       170       171
         2        86       164       170       171
         2        86       164       165       171
         2        87        93        94       172
         2        87        88        94       172
         2        87        88       166       172
         2        87        93       171       172
         2        87       165       171       172
         2        87       165       166       172
         2        88        89        94       167
         2        83        88        89       167
         2        83        88       161       167
         2        88        94       167       172
         2        88       166       167       172
         2        88       161       166       167
         2        89        95        96       174
         2        89        90        96       174
         2        89        90       168       174
         2        89        95       173       174
         2        89       167       173       174
         2        89       167       168       174
         2        90        96        97       175
         2        90        91        97       175
         2        90        91       169       175
         2        90        96       174       175
         2        90       168       174       175
         2        90       168       169       175
         2        91        97        98       176
         2        91        92        98       176
         2        91        92       170       176
         2        91        97       175       176
         2        91       169       175       176
         2        91       169       170       176
         2        92        98        99       177
         2        92        93        99       177
         2        92        93       171       177
         2        92        98       176       177
         2        92       170       176       177
         2        92       170       171       177
         2        93        99       100       178
         2        93        94       100       178
         2        93        94       172       178
         2        93        99       177       178
         2        93       171       177       178
         2        93       171       172       178
         2        94        95       100       173
         2        89        94        95       173
         2        89        94       167       173
         2        94       100       173       178
         2        94       172       173       178
         2        94       167       172       173
         2        95       101       102       180
         2        95        96       102       180
         2        95        96       174       180
         2        95       101       179       180
         2        95       173       179       180
         2        95       173       174       180
         2        96       102       103       181
         2        96        97       103       181
         2        96        97       175       181
         2        96       102       180       181
         2        96       174       180       181
         2        96       174       175       181
         2        97       103       104       182
         2        97        98       104       182
         2        97        98       176       182
         2        97       103       181       182
         2        97       175       181       182
         2        97       175       176       182
         2        98       104       105       183
         2        98        99       105       183
         2        98        99       177       183
         2        98       104       182       183
         2        98       176       182       183
         2        98       176       177       183
         2        99       105       106       184
         2        99       100       106       184
         2        99       100       178       184
         2        99       105       183       184
         2        99       177       183       184
         2        99       177       178       184
         2       100       101       106       179
         2        95       100       101       179
         2        95       100       173       179
         2       100       106       179       184
         2       100       178       179       184
         2       100       173       178       179
         2       101       107       108       186
         2       101       102       108       186
         2       101       102       180       186
         2       101       107       185       186
         2       101       179       185       186
         2       101       179       180       186
         2       102       108       109       187
         2       102       103       109       187
         2       102       103       181       187
         2       102       108       186       187
         2       102       180       186       187
         2       102       180       181       187
         2       103       109       110       188
         2       103       104       110       188
         2       103       104       182       188
         2       103       109       187       188
         2       103       181       187       188
         2       103       181       182       188
         2       104       110       111       189
         2       104       105       111       189
         2       104       105       183       189
         2       104       110       188       189
         2       104       182       188       189
         2       104       182       183       189
         2       105       111       112       190
         2       105       106       112       190
         2       105       106       184       190
         2       105       111       189       190
         2       105       183       189       190
         2       105       183       184       190
         2       106       107       112       185
         2       101       106       107       185
         2       101       106       179       185
         2       106       112       185       190
         2       106       184       185       190
         2       106       179       184       185
         2       107       113       114       192
         2       107       108       114       192
         2       107       108       186       192
         2       107       113       191       192
         2       107       185       191       192
         2       107       185       186       192
         2       108       114       115       193
         2       108       109       115       193
         2       108       109       187       193
         2       108       114       192       193
         2       108       186       192       193
         2       108       186       187       193
         2       109       115       116       194
         2       109       110       116       194
         2       109       110       188       194
         2       109       115       193       194
         2       109       187       193       194
         2       109       187       188       194
         2       110       116       117       195
         2       110       111       117       195
         2       110       111       189       195
         2       110       116       194       195
         2       110       188       194       195
         2       110       188       189       195
         2       111       117       118       196
         2       111       112       118       196
         2       111       112       190       196
         2       111       117       195       196
         2       111       189       195       196
         2       111       189       190       196
         2       112       113       118       191
         2       107       112       113       191
         2       107       112       185       191
         2       112       118       191       196
         2       112       190       191       196
         2       112       185       190       191
         2        41        42       113       120
         2        42       113       114       120
         2       113       114       120       192
         2        41       113       119       120
         2       113       119       120       191
         2       113       120       191       192
         2        42        43       114       121
         2        43       114       115       121
         2       114       115       121       193
         2        42       114       120       121
         2       114       120       121       192
         2       114       121       192       193
         2        43        44       115       122
         2        44       115       116       122
         2       115       116       122       194
         2        43       115       121       122
         2       115       121       122       193
         2       115       122       193       194
         2        44        45       116       123
         2        45       116       117       123
         2       116       117       123       195
         2        44       116       122       123
         2       116       122       123       194
         2       116       123       194       195
         2        45        46       117       124
         2        46       117       118       124
         2       117       118       124       196
         2        45       117       123       124
         2       117       123       124       195
         2       117       124       195       196
         2        41        46       118       119
         2        41       113       118       119
         2       113       118       119       191
         2        46       118       119       124
         2       118       119       124       196
         2       118       119       191       196
         2       119       125       126       204
         2       119       120       126       204
         2       119       120       198       204
         2       119       125       203       204
         2       119       197       203       204
         2       119       197       198       204
         2       120       126       127       205
         2       120       121       127       205
         2       120       121       199       205
         2       120       126       204       205
         2       120       198       204       205
         2       120       198       199       205
         2       121       127       128       206
         2       121       122       128       206
         2       121       122       200       206
         2       121       127       205       206
         2       121       199       205       206
         2       121       199       200       206
         2       122       128       129       207
         2       122       123       129       207
         2       122       123       201       207
         2       122       128       206       207
         2       122       200       206       207
         2       122       200       201       207
         2       123       129       130       208
         2       123       124       130       208
         2       123       124       202       208
         2       123       129       207       208
         2       123       201       207       208
         2       123       201       202       208
         2       124       125       130       203
         2       119       124       125       203
         2       119       124       197       203
         2       124       130       203       208
         2       124       202       203       208
         2       124       197       202       203
         2       125       131       132       210
         2       125       126       132       210
         2       125       126       204       210
         2       125       131       209       210
         2       125       203       209       210
         2       125       203       204       210
         2       126       132       133       211
         2       126       127       133       211
         2       126       127       205       211
         2       126       132       210       211
         2       126       204       210       211
         2       126       204       205       211
         2       127       133       134       212
         2       127       128       134       212
         2       127       128       206       212
         2       127       133       211       212
         2       127       205       211       212
         2       127       205       206       212
         2       128       134       135       213
         2       128       129       135       213
         2       128       129       207       213
         2       128       134       212       213
         2       128       206       212       213
         2       128       206       207       213
         2       129       135       136       214
         2       129       130       136       214
         2       129       130       208       214
         2       129       135       213       214
         2       129       207       213       214
         2       129       207       208       214
         2       130       131       136       209
         2       125       130       131       209
         2       125       130       203       209
         2       130       136       209       214
         2       130       208       209       214
         2       130       203       208       209
         2       131       137       138       216
         2       131       132       138       216
         2       131       132       210       216
         2       131       137       215       216
         2       131       209       215       216
         2       131       209       210       216
         2       132       138       139       217
         2       132       133       139       217
         2       132       133       211       217
         2       132       138       216       217
         2       132       210       216       217
         2       132       210       211       217
         2       133       139       140       218
         2       133       134       140       218
         2       133       134       212       218
         2       133       139       217       218
         2       133       211       217       218
         2       133       211       212       218
         2       134       140       141       219
         2       134       135       141       219
         2       134       135       213       219
         2       134       140       218       219
         2       134       212       218       219
         2       134       212       213       219
         2       135       141       142       220
         2       135       136       142       220
         2       135       136       214       220
         2       135       141       219       220
         2       135       213       219       220
         2       135       213       214       220
         2       136       137       142       215
         2       131       136       137       215
         2       131       136       209       215
         2       136       142       215       220
         2       136       214       215       220
         2       136       209       214       215
         2       137       143       144       222
         2       137       138       144       222
         2       137       138       216       222
         2       137       143       221       222
         2       137       215       221       222
         2       137       215       216       222
         2       138       144       145       223
         2       138       139       145       223
         2       138       139       217       223
         2       138       144       222       223
         2       138       216       222       223
         2       138       216       217       223
         2       139       145       146       224
         2       139       140       146       224
         2       139       140       218       224
         2       139       145       223       224
         2       139       217       223       224
         2       139       217       218       224
         2       140       146       147       225
         2       140       141       147       225
         2       140       141       219       225
         2       140       146       224       225
         2       140       218       224       225
         2       140       218       219       225
         2       141       147       148       226
         2       141       142       148       226
         2       141       142       220       226
         2       141       147       225       226
         2       141       219       225       226
         2       141       219       220       226
         2       142       143       148       221
         2       137       142       143       221
         2       137       142       215       221
         2       142       148       221       226
         2       142       220       221       226
         2       142       215       220       221
         2       143       149       150       228
         2       143       144       150       228
         2       143       144       222       228
         2       143       149       227       228
         2       143       221       227       228
         2       143       221       222       228
         2       144       150       151       229
         2       144       145       151       229
         2       144       145       223       229
         2       144       150       228       229
         2       144       222       228       229
         2       144       222       223       229
         2       145       151       152       230
         2       145       146       152       230
         2       145       146       224       230
         2       145       151       229       230
         2       145       223       229       230
         2       145       223       224       230
         2       146       152       153       231
         2       146       147       153       231
         2       146       147       225       231
         2       146       152       230       231
         2       146       224       230       231
         2       146       224       225       231
         2       147       153       154       232
         2       147       148       154       232
         2       147       148       226       232
         2       147       153       231       232
         2       147       225       231       232
         2       147       225       226       232
         2       148       149       154       227
         2       143       148       149       227
         2       143       148       221       227
         2       148       154       227       232
         2       148       226       227       232
         2       148       221       226       227
         2       149       155       156       234
         2       149       150       156       234
         2       149       150       228       234
         2       149       155       233       234
         2       149       227       233       234
         2       149       227       228       234
         2       150       156       157       235
         2       150       151       157       235
         2       150       151       229       235
         2       150       156       234       235
         2       150       228       234       235
         2       150       228       229       235
         2       151       157       158       236
         2       151       152       158       236
         2       151       152       230       236
         2       151       157       235       236
         2       151       229       235       236
         2       151       229       230       236
         2       152       158       159       237
         2       152       153       159       237
         2       152       153       231       237
         2       152       158       236       237
         2       152       230       236       237
         2       152       230       231       237
         2       153       159       160       238
         2       153       154       160       238
         2       153       154       232       238
         2       153       159       237       238
         2       153       231       237       238
         2       153       231       232       238
         2       154       155       160       233
         2       149       154       155       233
         2       149       154       227       233
         2       154       160       233       238
         2       154       232       233       238
         2       154       227       232       233
         2       155       161       162       240
         2       155       156       162       240
         2       155       156       234       240
         2       155       161       239       240
         2       155       233       239       240
         2       155       233       234       240
         2       156       162       163       241
         2       156       157       163       241
         2       156       157       235       241
         2       156       162       240       241
         2       156       234       240       241
         2       156       234       235       241
         2       157       163       164       242
         2       157       158       164       242
         2       157       158       236       242
         2       157       163       241       242
         2       157       235       241       242
         2       157       235       236       242
         2       158       164       165       243
         2       158       159       165       243
         2       158       159       237       243
         2       158       164       242       243
         2       158       236       242       243
         2       158       236       237       243
         2       159       165       166       244
         2       159       160       166       244
         2       159       160       238       244
         2       159       165       243       244
         2       159       237       243       244
         2       159       237       238       244
         2       160       161       166       239
         2       155       160       161       239
         2       155       160       233       239
         2       160       166       239       244
         2       160       238       239       244
         2       160       233       238       239
         2       161       167       168       246
         2       161       162       168       246
         2       161       162       240       246
         2       161       167       245       246
         2       161       239       245       246
         2       161       239       240       246
         2       162       168       169       247
         2       162       163       169       247
         2       162       163       241       247
         2       162       168       246       247
         2       162       240       246       247
         2       162       240       241       247
         2       163       169       170       248
         2       163       164       170       248
         2       163       164       242       248
         2       163       169       247       248
         2       163       241       247       248
         2       163       241       242       248
         2       164       170       171       249
         2       164       165       171       249
         2       164       165       243       249
         2       164       170       248       249
         2       164       242       248       249
         2       164       242       243       249
         2       165       171       172       250
         2       165       166       172       250
         2       165       166       244       250
         2       165       171       249       250
         2       165       243       249       250
         2       165       243       244       250
         2       166       167       172       245
         2       161       166       167       245
         2       161       166       239       245
         2       166       172       245       250
         2       166       244       245       250
         2       166       239       244       245
         2       167       173       174       252
         2       167       168       174       252
         2       167       168       246       252
         2       167       173       251       252
         2       167       245       251       252
         2       167       245       246       252
         2       168       174       175       253
         2       168       169       175       253
         2       168       169       247       253
         2       168       174       252       253
         2       168       246       252       253
         2       168       246       247       253
         2       169       175       176       254
         2       169       170       176       254
         2       169       170       248       254
         2       169       175       253       254
         2       169       247       253       254
         2       169       247       248       254
         2       170       176       177       255
         2       170       171       177       255
         2       170       171       249       255
         2       170       176       254       255
         2       170       248       254       255
         2       170       248       249       255
         2       171       177       178       256
         2       171       172       178       256
         2       171       172       250       256
         2       171       177       255       256
         2       171       249       255       256
         2       171       249       250       256
         2       172       173       178       251
         2       167       172       173       251
         2       167       172       245       251
         2       172       178       251       256
         2       172       250       251       256
         2       172       245       250       251
         2       173       179       180       258
         2       173       174       180       258
         2       173       174       252       258
         2       173       179       257       258
         2       173       251       257       258
         2       173       251       252       258
         2       174       180       181       259
         2       174       175       181       259
         2       174       175       253       259
         2       174       180       258       259
         2       174       252       258       259
         2       174       252       253       259
         2       175       181       182       260
         2       175       176       182       260
         2       175       176       254       260
         2       175       181       259       260
         2       175       253       259       260
         2       175       253       254       260
         2       176       182       183       261
         2       176       177       183       261
         2       176       177       255       261
         2       176       182       260       261
         2       176       254       260       261
         2       176       254       255       261
         2       177       183       184       262
         2       177       178       184       262
         2       177       178       256       262
         2       177       183       261       262
         2       177       255       261       262
         2       177       255       256       262
         2       178       179       184       257
         2       173       178       179       257
         2       173       178       251       257
         2       178       184       257       262
         2       178       256       257       262
         2       178       251       256       257
         2       179       185       186       264
         2       179       180       186       264
         2       179       180       258       264
         2       179       185       263       264
         2       179       257       263       264
         2       179       257       258       264
         2       180       186       187       265
         2       180       181       187       265
         2       180       181       259       265
         2       180       186       264       265
         2       180       258       264       265
         2       180       258       259       265
         2       181       187       188       266
         2       181       182       188       266
         2       181       182       260       266
         2       181       187       265       266
         2       181       259       265       266
         2       181       259       260       266
         2       182       188       189       267
         2       182       183       189       267
         2       182       183       261       267
         2       182       188       266       267
         2       182       260       266       267
         2       182       260       261       267
         2       183       189       190       268
         2       183       184       190       268
         2       183       184       262       268
         2       183       189       267       268
         2       183       261       267       268
         2       183       261       262       268
         2       184       185       190       263
         2       179       184       185       263
         2       179       184       257       263
         2       184       190       263       268
         2       184       262       263       268
         2       184       257       262       263
         2       185       191       192       270
         2       185       186       192       270
         2       185       186       264       270
         2       185       191       269       270
         2       185       263       269       270
         2       185       263       264       270
         2       186       192       193       271
         2       186       187       193       271
         2       186       187       265       271
         2       186       192       270       271
         2       186       264       270       271
         2       186       264       265       271
         2       187       193       194       272
         2       187       188       194       272
         2       187       188       266       272
         2       187       193       271       272
         2       187       265       271       272
         2       187       265       266       272
         2       188       194       195       273
         2       188       189       195       273
         2       188       189       267       273
         2       188       194       272       273
         2       188       266       272       273
         2       188       266       267       273
         2       189       195       196       274
         2       189       190       196       274
         2       189       190       268       274
         2       189       195       273       274
         2       189       267       273       274
         2       189       267       268       274
         2       190       191       196       269
         2       185       190       191       269
         2       185       190       263       269
         2       190       196       269       274
         2       190       268       269       274
         2       190       263       268       269
         2       119       120       191       198
         2       120       191       192       198
         2       191       192       198       270
         2       119       191       197       198
         2       191       197       198       269
         2       191       198       269       270
         2       120       121       192       199
         2       121       192       193       199
         2       192       193       199       271
         2       120       192       198       199
         2       192       198       199       270
         2       192       199       270       271
         2       121       122       193       200
         2       122       193       194       200
         2       193       194       200       272
         2       121       193       199       200
         2       193       199       200       271
         2       193       200       271       272
         2       122       123       194       201
         2       123       194       195       201
         2       194       195       201       273
         2       122       194       200       201
         2       194       200       201       272
         2       194       201       272       273
         2       123       124       195       202
         2       124       195       196       202
         2       195       196       202       274
         2       123       195       201       202
         2       195       201       202       273
         2       195       202       273       274
         2       119       124       196       197
         2       119       191       196       197
         2       191       196       197       269
         2       124       196       197       202
         2       196       197       202       274
         2       196       197       269       274
         2       197       203       204       282
         2       197       198       204       282
         2       197       198       276       282
         2       197       203       281       282
         2       197       275       281       282
         2       197       275       276       282
         2       198       204       205       283
         2       198       199       205       283
         2       198       199       277       283
         2       198       204       282       283
         2       198       276       282       283
         2       198       276       277       283
         2       199       205       206       284
         2       199       200       206       284
         2       199       200       278       284
         2       199       205       283       284
         2       199       277       283       284
         2       199       277       278       284
         2       200       206       207       285
         2       200       201       207       285
         2       200       201       279       285
         2       200       206       284       285
         2       200       278       284       285
         2       200       278       279       285
         2       201       207       208       286
         2       201       202       208       286
         2       201       202       280       286
         2       201       207       285       286
         2       201       279       285       286
         2       201       279       280       286
         2       202       203       208       281
         2       197       202       203       281
         2       197       202       275       281
         2       202       208       281       286
         2       202       280       281       286
         2       202       275       280       281
         2       203       209       210       288
         2       203       204       210       288
         2       203       204       282       288
         2       203       209       287       288
         2       203       281       287       288
         2       203       281       282       288
         2       204       210       211       289
         2       204       205       211       289
         2       204       205       283       289
         2       204       210       288       289
         2       204       282       288       289
         2       204       282       283       289
         2       205       211       212       290
         2       205       206       212       290
         2       205       206       284       290
         2       205       211       289       290
         2       205       283       289       290
         2       205       283       284       290
         2       206       212       213       291
         2       206       207       213       291
         2       206       207       285       291
         2       206       212       290       291
         2       206       284       290       291
         2       206       284       285       291
         2       207       213       214       292
         2       207       208       214       292
         2       207       208       286       292
         2       207       213       291       292
         2       207       285       291       292
         2       207       285       286       292
         2       208       209       214       287
         2       203       208       209       287
         2       203       208       281       287
         2       208       214       287       292
         2       208       286       287       292
         2       208       281       286       287
         2       209       215       216       294
         2       209       210       216       294
         2       209       210       288       294
         2       209       215       293       294
         2       209       287       293       294
         2       209       287       288       294
         2       210       216       217       295
         2       210       211       217       295
         2       210       211       289       295
         2       210       216       294       295
         2       210       288       294       295
         2       210       288       289       295
         2       211       217       218       296
         2       211       212       218       296
         2       211       212       290       296
         2       211       217       295       296
         2       211       289       295       296
         2       211       289       290       296
         2       212       218       219       297
         2       212       213       219       297
         2       212       213       291       297
         2       212       218       296       297
         2       212       290       296       297
         2       212       290       291       297
         2       213       219       220       298
         2       213       214       220       298
         2       213       214       292       298
         2       213       219       297       298
         2       213       291       297       298
         2       213       291       292       298
         2       214       215       220       293
         2       209       214       215       293
         2       209       214       287       293
         2       214       220       293       298
         2       214       292       293       298
         2       214       287       292       293
         2       215       221       222       300
         2       215       216       222       300
         2       215       216       294       300
         2       215       221       299       300
         2       215       293       299       300
         2       215       293       294       300
         2       216       222       223       301
         2       216       217       223       301
         2       216       217       295       301
         2       216       222       300       301
         2       216       294       300       301
         2       216       294       295       301
         2       217       223       224       302
         2       217       218       224       302
         2       217       218       296       302
         2       217       223       301       302
         2       217       295       301       302
         2       217       295       296       302
         2       218       224       225       303
         2       218       219       225       303
         2       218       219       297       303
         2       218       224       302       303
         2       218       296       302       303
         2       218       296       297       303
         2       219       225       226       304
         2       219       220       226       304
         2       219       220       298       304
         2       219       225       303       304
         2       219       297       303       304
         2       219       297       298       304
         2       220       221       226       299
         2       215       220       221       299
         2       215       220       293       299
         2       220       226       299       304
         2       220       298       299       304
         2       220       293       298       299
         2       221       227       228       306
         2       221       222       228       306
         2       221       222       300       306
         2       221       227       305       306
         2       221       299       305       306
         2       221       299       300       306
         2       222       228       229       307
         2       222       223       229       307
         2       222       223       301       307
         2       222       228       306       307
         2       222       300       306       307
         2       222       300       301       307
         2       223       229       230       308
         2       223       224       230       308
         2       223       224       302       308
         2       223       229       307       308
         2       223       301       307       308
         2       223       301       302       308
         2       224       230       231       309
         2       224       225       231       309
         2       224       225       303       309
         2       224       230       308       309
         2       224       302       308       309
         2       224       302       303       309
         2       225       231       232       310
         2       225       226       232       310
         2       225       226       304       310
         2       225       231       309       310
         2       225       303       309       310
         2       225       303       304       310
         2       226       227       232       305
         2       221       226       227       305
         2       221       226       299       305
         2       226       232       305       310
         2       226       304       305       310
         2       226       299       304       305
         2       227       233       234       312
         2       227       228       234       312
         2       227       228       306       312
         2       227       233       311       312
         2       227       305       311       312
         2       227       305       306       312
         2       228       234       235       313
         2       228       229       235       313
         2       228       229       307       313
         2       228       234       312       313
         2       228       306       312       313
         2       228       306       307       313
         2       229       235       236       314
         2       229       230       236       314
         2       229       230       308       314
         2       229       235       313       314
         2       229       307       313       314
         2       229       307       308       314
         2       230       236       237       315
         2       230       231       237       315
         2       230       231       309       315
         2       230       236       314       315
         2       230       308       314       315
         2       230       308       309       315
         2       231       237       238       316
         2       231       232       238       316
         2       231       232       310       316
         2       231       237       315       316
         2       231       309       315       316
         2       231       309       310       316
         2       232       233       238       311
         2       227       232       233       311
         2       227       232       305       311
         2       232       238       311       316
         2       232       310       311       316
         2       232       305       310       311
         2       233       239       240       318
         2       233       234       240       318
         2       233       234       312       318
         2       233       239       317       318
         2       233       311       317       318
         2       233       311       312       318
         2       234       240       241       319
         2       234       235       241       319
         2       234       235       313       319
         2       234       240       318       319
         2       234       312       318       319
         2       234       312       313       319
         2       235       241       242       320
         2       235       236       242       320
         2       235       236       314       320
         2       235       241       319       320
         2       235       313       319       320
         2       235       313       314       320
         2       236       242       243       321
         2       236       237       243       321
         2       236       237       315       321
         2       236       242       320       321
         2       236       314       320       321
         2       236       314       315       321
         2       237       243       244       322
         2       237       238       244       322
         2       237       238       316       322
         2       237       243       321       322
         2       237       315       321       322
         2       237       315       316       322
         2       238       239       244       317
         2       233       238       239       317
         2       233       238       311       317
         2       238       244       317       322
         2       238       316       317       322
         2       238       311       316       317
         2       239       245       246       324
         2       239       240       246       324
         2       239       240       318       324
         2       239       245       323       324
         2       239       317       323       324
         2       239       317       318       324
         2       240       246       247       325
         2       240       241       247       325
         2       240       241       319       325
         2       240       246       324       325
         2       240       318       324       325
         2       240       318       319       325
         2       241       247       248       326
         2       241       242       248       326
         2       241       242       320       326
         2       241       247       325       326
         2       241       319       325       326
         2       241       319       320       326
         2       242       248       249       327
         2       242       243       249       327
         2       242       243       321       327
         2       242       248       326       327
         2       242       320       326       327
         2       242       320       321       327
         2       243       249       250       328
         2       243       244       250       328
         2       243       244       322       328
         2       243       249       327       328
         2       243       321       327       328
         2       243       321       322       328
         2       244       245       250       323
         2       239       244       245       323
         2       239       244       317       323
         2       244       250       323       328
         2       244       322       323       328
         2       244       317       322       323
         2       245       251       252       330
         2       245       246       252       330
         2       245       246       324       330
         2       245       251       329       330
         2       245       323       329       330
         2       245       323       324       330
         2       246       252       253       331
         2       246       247       253       331
         2       246       247       325       331
         2       246       252       330       331
         2       246       324       330       331
         2       246       324       325       331
         2       247       253       254       332
         2       247       248       254       332
         2       247       248       326       332
         2       247       253       331       332
         2       247       325       331       332
         2       247       325       326       332
         2       248       254       255       333
         2       248       249       255       333
         2       248       249       327       333
         2       248       254       332       333
         2       248       326       332       333
         2       248       326       327       333
         2       249       255       256       334
         2       249       250       256       334
         2       249       250       328       334
         2       249       255       333       334
         2       249       327       333       334
         2       249       327       328       334
         2       250       251       256       329
         2       245       250       251       329
         2       245       250       323       329
         2       250       256       329       334
         2       250       328       329       334
         2       250       323       328       329
         2       251       257       258       336
         2       251       252       258       336
         2       251       252       330       336
         2       251       257       335       336
         2       251       329       335       336
         2       251       329       330       336
         2       252       258       259       337
         2       252       253       259       337
         2       252       253       331       337
         2       252       258       336       337
         2       252       330       336       337
         2       252       330       331       337
         2       253       259       260       338
         2       253       254       260       338
         2       253       254       332       338
         2       253       259       337       338
         2       253       331       337       338
         2       253       331       332       338
         2       254       260       261       339
         2       254       255       261       339
         2       254       255       333       339
         2       254       260       338       339
         2       254       332       338       339
         2       254       332       333       339
         2       255       261       262       340
         2       255       256       262       340
         2       255       256       334       340
         2       255       261       339       340
         2       255       333       339       340
         2       255       333       334       340
         2       256       257       262       335
         2       251       256       257       335
         2       251       256       329       335
         2       256       262       335       340
         2       256       334       335       340
         2       256       329       334       335
         2       257       263       264       342
         2       257       258       264       342
         2       257       258       336       342
         2       257       263       341       342
         2       257       335       341       342
         2       257       335       336       342
         2       258       264       265       343
         2       258       259       265       343
         2       258       259       337       343
         2       258       264       342       343
         2       258       336       342       343
         2       258       336       337       343
         2       259       265       266       344
         2       259       260       266       344
         2       259       260       338       344
         2       259       265       343       344
         2       259       337       343       344
         2       259       337       338       344
         2       260       266       267       345
         2       260       261       267       345
         2       260       261       339       345
         2       260       266       344       345
         2       260       338       344       345
         2       260       338       339       345
         2       261       267       268       346
         2       261       262       268       346
         2       261       262       340       346
         2       261       267       345       346
         2       261       339       345       346
         2       261       339       340       346
         2       262       263       268       341
         2       257       262       263       341
         2       257       262       335       341
         2       262       268       341       346
         2       262       340       341       346
         2       262       335       340       341
         2       263       269       270       348
         2       263       264       270       348
         2       263       264       342       348
         2       263       269       347       348
         2       263       341       347       348
         2       263       341       342       348
         2       264       270       271       349
         2       264       265       271       349
         2       264       265       343       349
         2       264       270       348       349
         2       264       342       348       349
         2       264       342       343       349
         2       265       271       272       350
         2       265       266       272       350
         2       265       266       344       350
         2       265       271       349       350
         2       265       343       349       350
         2       265       343       344       350
         2       266       272       273       351
         2       266       267       273       351
         2       266       267       345       351
         2       266       272       350       351
         2       266       344       350       351
         2       266       344       345       351
         2       267       273       274       352
         2       267       268       274       352
         2       267       268       346       352
         2       267       273       351       352
         2       267       345       351       352
         2       267       345       346       352
         2       268       269       274       347
         2       263       268       269       347
         2       263       268       341       347
         2       268       274       347       352
         2       268       346       347       352
         2       268       341       346       347
         2       197       198       269       276
         2       198       269       270       276
         2       269       270       276       348
         2       197       269       275       276
         2       269       275       276       347
         2       269       276       347       348
         2       198       199       270       277
         2       199       270       271       277
         2       270       271       277       349
         2       198       270       276       277
         2       270       276       277       348
         2       270       277       348       349
         2       199       200       271       278
         2       200       271       272       278
         2       271       272       278       350
         2       199       271       277       278
         2       271       277       278       349
         2       271       278       349       350
         2       200       201       272       279
         2       201       272       273       279
         2       272       273       279       351
         2       200       272       278       279
         2       272       278       279       350
         2       272       279       350       351
         2       201       202       273       280
         2       202       273       274       280
         2       273       274       280       352
         2       201       273       279       280
         2       273       279       280       351
         2       273       280       351       352
         2       197       202       274       275
         2       197       269       274       275
         2       269       274       275       347
         2       202       274       275       280
         2       274       275       280       352
         2       274       275       347       352
         2       275       281       282       360
         2       275       276       282       360
         2       275       276       354       360
         2       275       281       359       360
         2       275       353       359       360
         2       275       353       354       360
         2       276       282       283       361
         2       276       277       283       361
         2       276       277       355       361
         2       276       282       360       361
         2       276       354       360       361
         2       276       354       355       361
         2       277       283       284       362
         2       277       278       284       362
         2       277       278       356       362
         2       277       283       361       362
         2       277       355       361       362
         2       277       355       356       362
         2       278       284       285       363
         2       278       279       285       363
         2       278       279       357       363
         2       278       284       362       363
         2       278       356       362       363
         2       278       356       357       363
         2       279       285       286       364
         2       279       280       286       364
         2       279       280       358       364
         2       279       285       363       364
         2       279       357       363       364
         2       279       357       358       364
         2       280       281       286       359
         2       275       280       281       359
         2       275       280       353       359
         2       280       286       359       364
         2       280       358       359       364
         2       280       353       358       359
         2       281       287       288       366
         2       281       282       288       366
         2       281       282       360       366
         2       281       287       365       366
         2       281       359       365       366
         2       281       359       360       366
         2       282       288       289       367
         2       282       283       289       367
         2       282       283       361       367
         2       282       288       366       367
         2       282       360       366       367
         2       282       360       361       367
         2       283       289       290       368
         2       283       284       290       368
         2       283       284       362       368
         2       283       289       367       368
         2       283       361       367       368
         2       283       361       362       368
         2       284       290       291       369
         2       284       285       291       369
         2       284       285       363       369
         2       284       290       368       369
         2       284       362       368       369
         2       284       362       363       369
         2       285       291       292       370
         2       285       286       292       370
         2       285       286       364       370
         2       285       291       369       370
         2       285       363       369       370
         2       285       363       364       370
         2       286       287       292       365
         2       281       286       287       365
         2       281       286       359       365
         2       286       292       365       370
         2       286       364       365       370
         2       286       359       364       365
         2       287       293       294       372
         2       287       288       294       372
         2       287       288       366       372
         2       287       293       371       372
         2       287       365       371       372
         2       287       365       366       372
         2       288       294       295       373
         2       288       289       295       373
         2       288       289       367       373
         2       288       294       372       373
         2       288       366       372       373
         2       288       366       367       373
         2       289       295       296       374
         2       289       290       296       374
         2       289       290       368       374
         2       289       295       373       374
         2       289       367       373       374
         2       289       367       368       374
         2       290       296       297       375
         2       290       291       297       375
         2       290       291       369       375
         2       290       296       374       375
         2       290       368       374       375
         2       290       368       369       375
         2       291       297       298       376
         2       291       292       298       376
         2       291       292       370       376
         2       291       297       375       376
         2       291       369       375       376
         2       291       369       370       376
         2       292       293       298       371
         2       287       292       293       371
         2       287       292       365       371
         2       292       298       371       376
         2       292       370       371       376
         2       292       365       370       371
         2       293       299       300       378
         2       293       294       300       378
         2       293       294       372       378
         2       293       299       377       378
         2       293       371       377       378
         2       293       371       372       378
         2       294       300       301       379
         2       294       295       301       379
         2       294       295       373       379
         2       294       300       378       379
         2       294       372       378       379
         2       294       372       373       379
         2       295       301       302       380
         2       295       296       302       380
         2       295       296       374       380
         2       295       301       379       380
         2       295       373       379       380
         2       295       373       374       380
         2       296       302       303       381
         2       296       297       303       381
         2       296       297       375       381
         2       296       302       380       381
         2       296       374       380       381
         2       296       374       375       381
         2       297       303       304       382
         2       297       298       304       382
         2       297       298       376       382
         2       297       303       381       382
         2       297       375       381       382
         2       297       375       376       382
         2       298       299       304       377
         2       293       298       299       377
         2       293       298       371       377
         2       298       304       377       382
         2       298       376       377       382
         2       298       371       376       377
         2       299       305       306       384
         2       299       300       306       384
         2       299       300       378       384
         2       299       305       383       384
         2       299       377       383       384
         2       299       377       378       384
         2       300       306       307       385
         2       300       301       307       385
         2       300       301       379       385
         2       300       306       384       385
         2       300       378       384       385
         2       300       378       379       385
         2       301       307       308       386
         2       301       302       308       386
         2       301       302       380       386
         2       301       307       385       386
         2       301       379       385       386
         2       301       379       380       386
         2       302       308       309       387
         2       302       303       309       387
         2       302       303       381       387
         2       302       308       386       387
         2       302       380       386       387
         2       302       380       381       387
         2       303       309       310       388
         2       303       304       310       388
         2       303       304       382       388
         2       303       309       387       388
         2       303       381       387       388
         2       303       381       382       388
         2       304       305       310       383
         2       299       304       305       383
         2       299       304       377       383
         2       304       310       383       388
         2       304       382       383       388
         2       304       377       382       383
         2       305       311       312       390
         2       305       306       312       390
         2       305       306       384       390
         2       305       311       389       390
         2       305       383       389       390
         2       305       383       384       390
         2       306       312       313       391
         2       306       307       313       391
         2       306       307       385       391
         2       306       312       390       391
         2       306       384       390       391
         2       306       384       385       391
         2       307       313       314       392
         2       307       308       314       392
         2       307       308       386       392
         2       307       313       391       392
         2       307       385       391       392
         2       307       385       386       392
         2       308       314       315       393
         2       308       309       315       393
         2       308       309       387       393
         2       308       314       392       393
         2       308       386       392       393
         2       308       386       387       393
         2       309       315       316       394
         2       309       310       316       394
         2       309       310       388       394
         2       309       315       393       394
         2       309       387       393       394
         2       309       387       388       394
         2       310       311       316       389
         2       305       310       311       389
         2       305       310       383       389
         2       310       316       389       394
         2       310       388       389       394
         2       310       383       388       389
         2       311       317       318       396
         2       311       312       318       396
         2       311       312       390       396
         2       311       317       395       396
         2       311       389       395       396
         2       311       389       390       396
         2       312       318       319       397
         2       312       313       319       397
         2       312       313       391       397
         2       312       318       396       397
         2       312       390       396       397
         2       312       390       391       397
         2       313       319       320       398
         2       313       314       320       398
         2       313       314       392       398
         2       313       319       397       398
         2       313       391       397       398
         2       313       391       392       398
         2       314       320       321       399
         2       314       315       321       399
         2       314       315       393       399
         2       314       320       398       399
         2       314       392       398       399
         2       314       392       393       399
         2       315       321       322       400
         2       315       316       322       400
         2       315       316       394       400
         2       315       321       399       400
         2       315       393       399       400
         2       315       393       394       400
         2       316       317       322       395
         2       311       316       317       395
         2       311       316       389       395
         2       316       322       395       400
         2       316       394       395       400
         2       316       389       394       395
         2       317       323       324       402
         2       317       318       324       402
         2       317       318       396       402
         2       317       323       401       402
         2       317       395       401       402
         2       317       395       396       402
         2       318       324       325       403
         2       318       319       325       403
         2       318       319       397       403
         2       318       324       402       403
         2       318       396       402       403
         2       318       396       397       403
         2       319       325       326       404
         2       319       320       326       404
         2       319       320       398       404
         2       319       325       403       404
         2       319       397       403       404
         2       319       397       398       404
         2       320       326       327       405
         2       320       321       327       405
         2       320       321       399       405
         2       320       326       404       405
         2       320       398       404       405
         2       320       398       399       405
         2       321       327       328       406
         2       321       322       328       406
         2       321       322       400       406
         2       321       327       405       406
         2       321       399       405       406
         2       321       399       400       406
         2       322       323       328       401
         2       317       322       323       401
         2       317       322       395       401
         2       322       328       401       406
         2       322       400       401       406
         2       322       395       400       401
         2       323       329       330       408
         2       323       324       330       408
         2       323       324       402       408
         2       323       329       407       408
         2       323       401       407       408
         2       323       401       402       408
         2       324       330       331       409
         2       324       325       331       409
         2       324       325       403       409
         2       324       330       408       409
         2       324       402       408       409
         2       324       402       403       409
         2       325       331       332       410
         2       325       326       332       410
         2       325       326       404       410
         2       325       331       409       410
         2       325       403       409       410
         2       325       403       404       410
         2       326       332       333       411
         2       326       327       333       411
         2       326       327       405       411
         2       326       332       410       411
         2       326       404       410       411
         2       326       404       405       411
         2       327       333       334       412
         2       327       328       334       412
         2       327       328       406       412
         2       327       333       411       412
         2       327       405       411       412
         2       327       405       406       412
         2       328       329       334       407
         2       323       328       329       407
         2       323       328       401       407
         2       328       334       407       412
         2       328       406       407       412
         2       328       401       406       407
         2       329       335       336       414
         2       329       330       336       414
         2       329       330       408       414
         2       329       335       413       414
         2       329       407       413       414
         2       329       407       408       414
         2       330       336       337       415
         2       330       331       337       415
         2       330       331       409       415
         2       330       336       414       415
         2       330       408       414       415
         2       330       408       409       415
         2       331       337       338       416
         2       331       332       338       416
         2       331       332       410       416
         2       331       337       415       416
         2       331       409       415       416
         2       331       409       410       416
         2       332       338       339       417
         2       332       333       339       417
         2       332       333       411       417
         2       332       338       416       417
         2       332       410       416       417
         2       332       410       411       417
         2       333       339       340       418
         2       333       334       340       418
         2       333       334       412       418
         2       333       339       417       418
         2       333       411       417       418
         2       333       411       412       418
         2       334       335       340       413
         2       329       334       335       413
         2       329       334       407       413
         2       334       340       413       418
         2       334       412       413       418
         2       334       407       412       413
         2       335       341       342       420
         2       335       336       342       420
         2       335       336       414       420
         2       335       341       419       420
         2       335       413       419       420
         2       335       413       414       420
         2       336       342       343       421
         2       336       337       343       421
         2       336       337       415       421
         2       336       342       420       421
         2       336       414       420       421
         2       336       414       415       421
         2       337       343       344       422
         2       337       338       344       422
         2       337       338       416       422
         2       337       343       421       422
         2       337       415       421       422
         2       337       415       416       422
         2       338       344       345       423
         2       338       339       345       423
         2       338       339       417       423
         2       338       344       422       423
         2       338       416       422       423
         2       338       416       417       423
         2       339       345       346       424
         2       339       340       346       424
         2       339       340       418       424
         2       339       345       423       424
         2       339       417       423       424
         2       339       417       418       424
         2       340       341       346       419
         2       335       340       341       419
         2       335       340       413       419
         2       340       346       419       424
         2       340       418       419       424
         2       340       413       418       419
         2       341       347       348       426
         2       341       342       348       426
         2       341       342       420       426
         2       341       347       425       426
         2       341       419       425       426
         2       341       419       420       426
         2       342       348       349       427
         2       342       343       349       427
         2       342       343       421       427
         2       342       348       426       427
         2       342       420       426       427
         2       342       420       421       427
         2       343       349       350       428
         2       343       344       350       428
         2       343       344       422       428
         2       343       349       427       428
         2       343       421       427       428
         2       343       421       422       428
         2       344       350       351       429
         2       344       345       351       429
         2       344       345       423       429
         2       344       350       428       429
         2       344       422       428       429
         2       344       422       423       429
         2       345       351       352       430
         2       345       346       352       430
         2       345       346       424       430
         2       345       351       429       430
         2       345       423       429       430
         2       345       423       424       430
         2       346       347       352       425
         2       341       346       347       425
         2       341       346       419       425
         2       346       352       425       430
         2       346       424       425       430
         2       346       419       424       425
         2       275       276       347       354
         2       276       347       348       354
         2       347       348       354       426
         2       275       347       353       354
         2       347       353       354       425
         2       347       354       425       426
         2       276       277       348       355
         2       277       348       349       355
         2       348       349       355       427
         2       276       348       354       355
         2       348       354       355       426
         2       348       355       426       427
         2       277       278       349       356
         2       278       349       350       356
         2       349       350       356       428
         2       277       349       355       356
         2       349       355       356       427
         2       349       356       427       428
         2       278       279       350       357
         2       279       350       351       357
         2       350       351       357       429
         2       278       350       356       357
         2       350       356       357       428
         2       350       357       428       429
         2       279       280       351       358
         2       280       351       352       358
         2       351       352       358       430
         2       279       351       357       358
         2       351       357       358       429
         2       351       358       429       430
         2       275       280       352       353
         2       275       347       352       353
         2       347       352       353       425
         2       280       352       353       358
         2       352       353       358       430
         2       352       353       425       430
         2       353       359       360       430
         2       353       354       360       430
         2       353       354       358       430
         2       353       359       425       430
         2       353       353       425       430
         2       353       353       358       430
         2       354       360       361       429
         2       354       355       361       429
         2       354       355       357       429
         2       354       360       429       430
         2       354       358       429       430
         2       354       357       358       429
         2       355       361       362       428
         2       355       356       362       428
         2       355       356       356       428
         2       355       361       428       429
         2       355       357       428       429
         2       355       356       357       428
         2       356       362       363       427
         2       356       357       363       427
         2       355       356       357       427
         2       356       362       427       428
         2       356       356       427       428
         2       355       356       356       427
         2       357       363       364       426
         2       357       358       364       426
         2       354       357       358       426
         2       357       363       426       427
         2       355       357       426       427
         2       354       355       357       426
         2       358       359       364       425
         2       353       358       359       425
         2       353       353       358       425
         2       358       364       425       426
         2       354       358       425       426
         2       353       354       358       425
         2       359       365       366       424
         2       359       360       366       424
         2       359       360       424       430
         2       359       365       419       424
         2       359       419       424       425
         2       359       424       425       430
         2       360       366       367       423
         2       360       361       367       423
         2       360       361       423       429
         2       360       366       423       424
         2       360       423       424       430
         2       360       423       429       430
         2       361       367       368       422
         2       361       362       368       422
         2       361       362       422       428
         2       361       367       422       423
         2       361       422       423       429
         2       361       422       428       429
         2       362       368       369       421
         2       362       363       369       421
         2       362       363       421       427
         2       362       368       421       422
         2       362       421       422       428
         2       362       421       427       428
         2       363       369       370       420
         2       363       364       370       420
         2       363       364       420       426
         2       363       369       420       421
         2       363       420       421       427
         2       363       420       426       427
         2       364       365       370       419
         2       359       364       365       419
         2       359       364       419       425
         2       364       370       419       420
         2       364       419       420       426
         2       364       419       425       426
         2       365       371       372       418
         2       365       366       372       418
         2       365       366       418       424
         2       365       371       413       418
         2       365       413       418       419
         2       365       418       419       424
         2       366       372       373       417
         2       366       367       373       417
         2       366       367       417       423
         2       366       372       417       418
         2       366       417       418       424
         2       366       417       423       424
         2       367       373       374       416
         2       367       368       374       416
         2       367       368       416       422
         2       367       373       416       417
         2       367       416       417       423
         2       367       416       422       423
         2       368       374       375       415
         2       368       369       375       415
         2       368       369       415       421
         2       368       374       415       416
         2       368       415       416       422
         2       368       415       421       422
         2       369       375       376       414
         2       369       370       376       414
         2       369       370       414       420
         2       369       375       414       415
         2       369       414       415       421
         2       369       414       420       421
         2       370       371       376       413
         2       365       370       371       413
         2       365       370       413       419
         2       370       376       413       414
         2       370       413       414       420
         2       370       413       419       420
         2       371       377       378       412
         2       371       372       378       412
         2       371       372       412       418
         2       371       377       407       412
         2       371       407       412       413
         2       371       412       413       418
         2       372       378       379       411
         2       372       373       379       411
         2       372       373       411       417
         2       372       378       411       412
         2       372       411       412       418
         2       372       411       417       418
         2       373       379       380       410
         2       373       374       380       410
         2       373       374       410       416
         2       373       379       410       411
         2       373       410       411       417
         2       373       410       416       417
         2       374       380       381       409
         2       374       375       381       409
         2       374       375       409       415
         2       374       380       409       410
         2       374       409       410       416
         2       374       409       415       416
         2       375       381       382       408
         2       375       376       382       408
         2       375       376       408       414
         2       375       381       408       409
         2       375       408       409       415
         2       375       408       414       415
         2       376       377       382       407
         2       371       376       377       407
         2       371       376       407       413
         2       376       382       407       408
         2       376       407       408       414
         2       376       407       413       414
         2       377       383       384       406
         2       377       378       384       406
         2       377       378       406       412
         2       377       383       401       406
         2       377       401       406       407
         2       377       406       407       412
         2       378       384       385       405
         2       378       379       385       405
         2       378       379       405       411
         2       378       384       405       406
         2       378       405       406       412
         2       378       405       411       412
         2       379       385       386       404
         2       379       380       386       404
         2       379       380       404       410
         2       379       385       404       405
         2       379       404       405       411
         2       379       404       410       411
         2       380       386       387       403
         2       380       381       387       403
         2       380       381       403       409
         2       380       386       403       404
         2       380       403       404       410
         2       380       403       409       410
         2       381       387       388       402
         2       381       382       388       402
         2       381       382       402       408
         2       381       387       402       403
         2       381       402       403       409
         2       381       402       408       409
         2       382       383       388       401
         2       377       382       383       401
         2       377       382       401       407
         2       382       388       401       402
         2       382       401       402       408
         2       382       401       407       408
         2       383       389       390       400
         2       383       384       390       400
         2       383       384       400       406
         2       383       389       395       400
         2       383       395       400       401
         2       383       400       401       406
         2       384       390       391       399
         2       384       385       391       399
         2       384       385       399       405
         2       384       390       399       400
         2       384       399       400       406
         2       384       399       405       406
         2       385       391       392       398
         2       385       386       392       398
         2       385       386       398       404
         2       385       391       398       399
         2       385       398       399       405
         2       385       398       404       405
         2       386       392       393       397
         2       386       387       393       397
         2       386       387       397       403
         2       386       392       397       398
         2       386       397       398       404
         2       386       397       403       404
         2       387       393       394       396
         2       387       388       394       396
         2       387       388       396       402
         2       387       393       396       397
         2       387       396       397       403
         2       387       396       402       403
         2       388       389       394       395
         2       383       388       389       395
         2       383       388       395       401
         2       388       394       395       396
         2       388       395       396       402
         2       388       395       401       402
         2       389       394       395       396
         2       389       390       394       396
         2       389       390       394       400
         4       389       389       394       395
         2       389       394       395       400
         2       390       393       396       397
         2       390       391       393       397
         2       390       391       393       399
         2       390       393       394       396
         2       390       393       394       400
         2       390       393       399       400
         2       391       392       397       398
         4       391       392       392       398
         2       391       392       393       397
         2       391       392       393       399
         2       391       392       398       399
