Automatically generated mesh
     398
Reciprocal lattice
    0.00000000000000    0.00000000000000    0.00000000000000             1
    0.16666666666667    0.00000000000000    0.00000000000000             2
    0.33333333333333   -0.00000000000000    0.00000000000000             2
    0.50000000000000   -0.00000000000000    0.00000000000000             1
    0.00000000000000    0.08333333333333   -0.00000000000000             2
    0.16666666666667    0.08333333333333   -0.00000000000000             2
    0.33333333333333    0.08333333333333    0.00000000000000             2
    0.50000000000000    0.08333333333333   -0.00000000000000             2
   -0.33333333333333    0.08333333333333   -0.00000000000000             2
   -0.16666666666667    0.08333333333333   -0.00000000000000             2
    0.00000000000000    0.16666666666667   -0.00000000000000             2
    0.16666666666667    0.16666666666667   -0.00000000000000             2
    0.33333333333333    0.16666666666667   -0.00000000000000             2
    0.50000000000000    0.16666666666667   -0.00000000000000             2
   -0.33333333333333    0.16666666666667    0.00000000000000             2
   -0.16666666666667    0.16666666666667   -0.00000000000000             2
    0.00000000000000    0.25000000000000   -0.00000000000000             2
    0.16666666666667    0.25000000000000   -0.00000000000000             2
    0.33333333333333    0.25000000000000    0.00000000000000             2
    0.50000000000000    0.25000000000000    0.00000000000000             2
   -0.33333333333333    0.25000000000000   -0.00000000000000             2
   -0.16666666666667    0.25000000000000   -0.00000000000000             2
    0.00000000000000    0.33333333333333   -0.00000000000000             2
    0.16666666666667    0.33333333333333    0.00000000000000             2
    0.33333333333333    0.33333333333333    0.00000000000000             2
    0.50000000000000    0.33333333333333   -0.00000000000000             2
   -0.33333333333333    0.33333333333333   -0.00000000000000             2
   -0.16666666666667    0.33333333333333   -0.00000000000000             2
    0.00000000000000    0.41666666666667   -0.00000000000000             2
    0.16666666666667    0.41666666666667    0.00000000000000             2
    0.33333333333333    0.41666666666667   -0.00000000000000             2
    0.50000000000000    0.41666666666667    0.00000000000000             2
   -0.33333333333333    0.41666666666667   -0.00000000000000             2
   -0.16666666666667    0.41666666666667   -0.00000000000000             2
    0.00000000000000    0.50000000000000   -0.00000000000000             1
    0.16666666666667    0.50000000000000    0.00000000000000             2
    0.33333333333333    0.50000000000000    0.00000000000000             2
    0.50000000000000    0.50000000000000    0.00000000000000             1
    0.00000000000000    0.00000000000000    0.09090909090909             2
    0.16666666666667    0.00000000000000    0.09090909090909             2
    0.33333333333333   -0.00000000000000    0.09090909090909             2
    0.50000000000000   -0.00000000000000    0.09090909090909             2
   -0.33333333333333    0.00000000000000    0.09090909090909             2
   -0.16666666666667    0.00000000000000    0.09090909090909             2
    0.00000000000000    0.08333333333333    0.09090909090909             2
    0.16666666666667    0.08333333333333    0.09090909090909             2
    0.33333333333333    0.08333333333333    0.09090909090909             2
    0.50000000000000    0.08333333333333    0.09090909090909             2
   -0.33333333333333    0.08333333333333    0.09090909090909             2
   -0.16666666666667    0.08333333333333    0.09090909090909             2
    0.00000000000000    0.16666666666667    0.09090909090909             2
    0.16666666666667    0.16666666666667    0.09090909090909             2
    0.33333333333333    0.16666666666667    0.09090909090909             2
    0.50000000000000    0.16666666666667    0.09090909090909             2
   -0.33333333333333    0.16666666666667    0.09090909090909             2
   -0.16666666666667    0.16666666666667    0.09090909090909             2
    0.00000000000000    0.25000000000000    0.09090909090909             2
    0.16666666666667    0.25000000000000    0.09090909090909             2
    0.33333333333333    0.25000000000000    0.09090909090909             2
    0.50000000000000    0.25000000000000    0.09090909090909             2
   -0.33333333333333    0.25000000000000    0.09090909090909             2
   -0.16666666666667    0.25000000000000    0.09090909090909             2
    0.00000000000000    0.33333333333333    0.09090909090909             2
    0.16666666666667    0.33333333333333    0.09090909090909             2
    0.33333333333333    0.33333333333333    0.09090909090909             2
    0.50000000000000    0.33333333333333    0.09090909090909             2
   -0.33333333333333    0.33333333333333    0.09090909090909             2
   -0.16666666666667    0.33333333333333    0.09090909090909             2
    0.00000000000000    0.41666666666667    0.09090909090909             2
    0.16666666666667    0.41666666666667    0.09090909090909             2
    0.33333333333333    0.41666666666667    0.09090909090909             2
    0.50000000000000    0.41666666666667    0.09090909090909             2
   -0.33333333333333    0.41666666666667    0.09090909090909             2
   -0.16666666666667    0.41666666666667    0.09090909090909             2
    0.00000000000000    0.50000000000000    0.09090909090909             2
    0.16666666666667    0.50000000000000    0.09090909090909             2
    0.33333333333333    0.50000000000000    0.09090909090909             2
    0.50000000000000    0.50000000000000    0.09090909090909             2
   -0.33333333333333    0.50000000000000    0.09090909090909             2
   -0.16666666666667    0.50000000000000    0.09090909090909             2
    0.00000000000000   -0.41666666666667    0.09090909090909             2
    0.16666666666667   -0.41666666666667    0.09090909090909             2
    0.33333333333333   -0.41666666666667    0.09090909090909             2
    0.50000000000000   -0.41666666666667    0.09090909090909             2
   -0.33333333333333   -0.41666666666667    0.09090909090909             2
   -0.16666666666667   -0.41666666666667    0.09090909090909             2
    0.00000000000000   -0.33333333333333    0.09090909090909             2
    0.16666666666667   -0.33333333333333    0.09090909090909             2
    0.33333333333333   -0.33333333333333    0.09090909090909             2
    0.50000000000000   -0.33333333333333    0.09090909090909             2
   -0.33333333333333   -0.33333333333333    0.09090909090909             2
   -0.16666666666667   -0.33333333333333    0.09090909090909             2
    0.00000000000000   -0.25000000000000    0.09090909090909             2
    0.16666666666667   -0.25000000000000    0.09090909090909             2
    0.33333333333333   -0.25000000000000    0.09090909090909             2
    0.50000000000000   -0.25000000000000    0.09090909090909             2
   -0.33333333333333   -0.25000000000000    0.09090909090909             2
   -0.16666666666667   -0.25000000000000    0.09090909090909             2
    0.00000000000000   -0.16666666666667    0.09090909090909             2
    0.16666666666667   -0.16666666666667    0.09090909090909             2
    0.33333333333333   -0.16666666666667    0.09090909090909             2
    0.50000000000000   -0.16666666666667    0.09090909090909             2
   -0.33333333333333   -0.16666666666667    0.09090909090909             2
   -0.16666666666667   -0.16666666666667    0.09090909090909             2
    0.00000000000000   -0.08333333333333    0.09090909090909             2
    0.16666666666667   -0.08333333333333    0.09090909090909             2
    0.33333333333333   -0.08333333333333    0.09090909090909             2
    0.50000000000000   -0.08333333333333    0.09090909090909             2
   -0.33333333333333   -0.08333333333333    0.09090909090909             2
   -0.16666666666667   -0.08333333333333    0.09090909090909             2
    0.00000000000000    0.00000000000000    0.18181818181818             2
    0.16666666666667    0.00000000000000    0.18181818181818             2
    0.33333333333333   -0.00000000000000    0.18181818181818             2
    0.50000000000000   -0.00000000000000    0.18181818181818             2
   -0.33333333333333    0.00000000000000    0.18181818181818             2
   -0.16666666666667    0.00000000000000    0.18181818181818             2
    0.00000000000000    0.08333333333333    0.18181818181818             2
    0.16666666666667    0.08333333333333    0.18181818181818             2
    0.33333333333333    0.08333333333333    0.18181818181818             2
    0.50000000000000    0.08333333333333    0.18181818181818             2
   -0.33333333333333    0.08333333333333    0.18181818181818             2
   -0.16666666666667    0.08333333333333    0.18181818181818             2
    0.00000000000000    0.16666666666667    0.18181818181818             2
    0.16666666666667    0.16666666666667    0.18181818181818             2
    0.33333333333333    0.16666666666667    0.18181818181818             2
    0.50000000000000    0.16666666666667    0.18181818181818             2
   -0.33333333333333    0.16666666666667    0.18181818181818             2
   -0.16666666666667    0.16666666666667    0.18181818181818             2
    0.00000000000000    0.25000000000000    0.18181818181818             2
    0.16666666666667    0.25000000000000    0.18181818181818             2
    0.33333333333333    0.25000000000000    0.18181818181818             2
    0.50000000000000    0.25000000000000    0.18181818181818             2
   -0.33333333333333    0.25000000000000    0.18181818181818             2
   -0.16666666666667    0.25000000000000    0.18181818181818             2
    0.00000000000000    0.33333333333333    0.18181818181818             2
    0.16666666666667    0.33333333333333    0.18181818181818             2
    0.33333333333333    0.33333333333333    0.18181818181818             2
    0.50000000000000    0.33333333333333    0.18181818181818             2
   -0.33333333333333    0.33333333333333    0.18181818181818             2
   -0.16666666666667    0.33333333333333    0.18181818181818             2
    0.00000000000000    0.41666666666667    0.18181818181818             2
    0.16666666666667    0.41666666666667    0.18181818181818             2
    0.33333333333333    0.41666666666667    0.18181818181818             2
    0.50000000000000    0.41666666666667    0.18181818181818             2
   -0.33333333333333    0.41666666666667    0.18181818181818             2
   -0.16666666666667    0.41666666666667    0.18181818181818             2
    0.00000000000000    0.50000000000000    0.18181818181818             2
    0.16666666666667    0.50000000000000    0.18181818181818             2
    0.33333333333333    0.50000000000000    0.18181818181818             2
    0.50000000000000    0.50000000000000    0.18181818181818             2
   -0.33333333333333    0.50000000000000    0.18181818181818             2
   -0.16666666666667    0.50000000000000    0.18181818181818             2
    0.00000000000000   -0.41666666666667    0.18181818181818             2
    0.16666666666667   -0.41666666666667    0.18181818181818             2
    0.33333333333333   -0.41666666666667    0.18181818181818             2
    0.50000000000000   -0.41666666666667    0.18181818181818             2
   -0.33333333333333   -0.41666666666667    0.18181818181818             2
   -0.16666666666667   -0.41666666666667    0.18181818181818             2
    0.00000000000000   -0.33333333333333    0.18181818181818             2
    0.16666666666667   -0.33333333333333    0.18181818181818             2
    0.33333333333333   -0.33333333333333    0.18181818181818             2
    0.50000000000000   -0.33333333333333    0.18181818181818             2
   -0.33333333333333   -0.33333333333333    0.18181818181818             2
   -0.16666666666667   -0.33333333333333    0.18181818181818             2
    0.00000000000000   -0.25000000000000    0.18181818181818             2
    0.16666666666667   -0.25000000000000    0.18181818181818             2
    0.33333333333333   -0.25000000000000    0.18181818181818             2
    0.50000000000000   -0.25000000000000    0.18181818181818             2
   -0.33333333333333   -0.25000000000000    0.18181818181818             2
   -0.16666666666667   -0.25000000000000    0.18181818181818             2
    0.00000000000000   -0.16666666666667    0.18181818181818             2
    0.16666666666667   -0.16666666666667    0.18181818181818             2
    0.33333333333333   -0.16666666666667    0.18181818181818             2
    0.50000000000000   -0.16666666666667    0.18181818181818             2
   -0.33333333333333   -0.16666666666667    0.18181818181818             2
   -0.16666666666667   -0.16666666666667    0.18181818181818             2
    0.00000000000000   -0.08333333333333    0.18181818181818             2
    0.16666666666667   -0.08333333333333    0.18181818181818             2
    0.33333333333333   -0.08333333333333    0.18181818181818             2
    0.50000000000000   -0.08333333333333    0.18181818181818             2
   -0.33333333333333   -0.08333333333333    0.18181818181818             2
   -0.16666666666667   -0.08333333333333    0.18181818181818             2
    0.00000000000000    0.00000000000000    0.27272727272727             2
    0.16666666666667    0.00000000000000    0.27272727272727             2
    0.33333333333333   -0.00000000000000    0.27272727272727             2
    0.50000000000000   -0.00000000000000    0.27272727272727             2
   -0.33333333333333    0.00000000000000    0.27272727272727             2
   -0.16666666666667    0.00000000000000    0.27272727272727             2
    0.00000000000000    0.08333333333333    0.27272727272727             2
    0.16666666666667    0.08333333333333    0.27272727272727             2
    0.33333333333333    0.08333333333333    0.27272727272727             2
    0.50000000000000    0.08333333333333    0.27272727272727             2
   -0.33333333333333    0.08333333333333    0.27272727272727             2
   -0.16666666666667    0.08333333333333    0.27272727272727             2
    0.00000000000000    0.16666666666667    0.27272727272727             2
    0.16666666666667    0.16666666666667    0.27272727272727             2
    0.33333333333333    0.16666666666667    0.27272727272727             2
    0.50000000000000    0.16666666666667    0.27272727272727             2
   -0.33333333333333    0.16666666666667    0.27272727272727             2
   -0.16666666666667    0.16666666666667    0.27272727272727             2
    0.00000000000000    0.25000000000000    0.27272727272727             2
    0.16666666666667    0.25000000000000    0.27272727272727             2
    0.33333333333333    0.25000000000000    0.27272727272727             2
    0.50000000000000    0.25000000000000    0.27272727272727             2
   -0.33333333333333    0.25000000000000    0.27272727272727             2
   -0.16666666666667    0.25000000000000    0.27272727272727             2
    0.00000000000000    0.33333333333333    0.27272727272727             2
    0.16666666666667    0.33333333333333    0.27272727272727             2
    0.33333333333333    0.33333333333333    0.27272727272727             2
    0.50000000000000    0.33333333333333    0.27272727272727             2
   -0.33333333333333    0.33333333333333    0.27272727272727             2
   -0.16666666666667    0.33333333333333    0.27272727272727             2
    0.00000000000000    0.41666666666667    0.27272727272727             2
    0.16666666666667    0.41666666666667    0.27272727272727             2
    0.33333333333333    0.41666666666667    0.27272727272727             2
    0.50000000000000    0.41666666666667    0.27272727272727             2
   -0.33333333333333    0.41666666666667    0.27272727272727             2
   -0.16666666666667    0.41666666666667    0.27272727272727             2
    0.00000000000000    0.50000000000000    0.27272727272727             2
    0.16666666666667    0.50000000000000    0.27272727272727             2
    0.33333333333333    0.50000000000000    0.27272727272727             2
    0.50000000000000    0.50000000000000    0.27272727272727             2
   -0.33333333333333    0.50000000000000    0.27272727272727             2
   -0.16666666666667    0.50000000000000    0.27272727272727             2
    0.00000000000000   -0.41666666666667    0.27272727272727             2
    0.16666666666667   -0.41666666666667    0.27272727272727             2
    0.33333333333333   -0.41666666666667    0.27272727272727             2
    0.50000000000000   -0.41666666666667    0.27272727272727             2
   -0.33333333333333   -0.41666666666667    0.27272727272727             2
   -0.16666666666667   -0.41666666666667    0.27272727272727             2
    0.00000000000000   -0.33333333333333    0.27272727272727             2
    0.16666666666667   -0.33333333333333    0.27272727272727             2
    0.33333333333333   -0.33333333333333    0.27272727272727             2
    0.50000000000000   -0.33333333333333    0.27272727272727             2
   -0.33333333333333   -0.33333333333333    0.27272727272727             2
   -0.16666666666667   -0.33333333333333    0.27272727272727             2
    0.00000000000000   -0.25000000000000    0.27272727272727             2
    0.16666666666667   -0.25000000000000    0.27272727272727             2
    0.33333333333333   -0.25000000000000    0.27272727272727             2
    0.50000000000000   -0.25000000000000    0.27272727272727             2
   -0.33333333333333   -0.25000000000000    0.27272727272727             2
   -0.16666666666667   -0.25000000000000    0.27272727272727             2
    0.00000000000000   -0.16666666666667    0.27272727272727             2
    0.16666666666667   -0.16666666666667    0.27272727272727             2
    0.33333333333333   -0.16666666666667    0.27272727272727             2
    0.50000000000000   -0.16666666666667    0.27272727272727             2
   -0.33333333333333   -0.16666666666667    0.27272727272727             2
   -0.16666666666667   -0.16666666666667    0.27272727272727             2
    0.00000000000000   -0.08333333333333    0.27272727272727             2
    0.16666666666667   -0.08333333333333    0.27272727272727             2
    0.33333333333333   -0.08333333333333    0.27272727272727             2
    0.50000000000000   -0.08333333333333    0.27272727272727             2
   -0.33333333333333   -0.08333333333333    0.27272727272727             2
   -0.16666666666667   -0.08333333333333    0.27272727272727             2
    0.00000000000000    0.00000000000000    0.36363636363636             2
    0.16666666666667    0.00000000000000    0.36363636363636             2
    0.33333333333333   -0.00000000000000    0.36363636363636             2
    0.50000000000000   -0.00000000000000    0.36363636363636             2
   -0.33333333333333    0.00000000000000    0.36363636363636             2
   -0.16666666666667    0.00000000000000    0.36363636363636             2
    0.00000000000000    0.08333333333333    0.36363636363636             2
    0.16666666666667    0.08333333333333    0.36363636363636             2
    0.33333333333333    0.08333333333333    0.36363636363636             2
    0.50000000000000    0.08333333333333    0.36363636363636             2
   -0.33333333333333    0.08333333333333    0.36363636363636             2
   -0.16666666666667    0.08333333333333    0.36363636363636             2
    0.00000000000000    0.16666666666667    0.36363636363636             2
    0.16666666666667    0.16666666666667    0.36363636363636             2
    0.33333333333333    0.16666666666667    0.36363636363636             2
    0.50000000000000    0.16666666666667    0.36363636363636             2
   -0.33333333333333    0.16666666666667    0.36363636363636             2
   -0.16666666666667    0.16666666666667    0.36363636363636             2
    0.00000000000000    0.25000000000000    0.36363636363636             2
    0.16666666666667    0.25000000000000    0.36363636363636             2
    0.33333333333333    0.25000000000000    0.36363636363636             2
    0.50000000000000    0.25000000000000    0.36363636363636             2
   -0.33333333333333    0.25000000000000    0.36363636363636             2
   -0.16666666666667    0.25000000000000    0.36363636363636             2
    0.00000000000000    0.33333333333333    0.36363636363636             2
    0.16666666666667    0.33333333333333    0.36363636363636             2
    0.33333333333333    0.33333333333333    0.36363636363636             2
    0.50000000000000    0.33333333333333    0.36363636363636             2
   -0.33333333333333    0.33333333333333    0.36363636363636             2
   -0.16666666666667    0.33333333333333    0.36363636363636             2
    0.00000000000000    0.41666666666667    0.36363636363636             2
    0.16666666666667    0.41666666666667    0.36363636363636             2
    0.33333333333333    0.41666666666667    0.36363636363636             2
    0.50000000000000    0.41666666666667    0.36363636363636             2
   -0.33333333333333    0.41666666666667    0.36363636363636             2
   -0.16666666666667    0.41666666666667    0.36363636363636             2
    0.00000000000000    0.50000000000000    0.36363636363636             2
    0.16666666666667    0.50000000000000    0.36363636363636             2
    0.33333333333333    0.50000000000000    0.36363636363636             2
    0.50000000000000    0.50000000000000    0.36363636363636             2
   -0.33333333333333    0.50000000000000    0.36363636363636             2
   -0.16666666666667    0.50000000000000    0.36363636363636             2
    0.00000000000000   -0.41666666666667    0.36363636363636             2
    0.16666666666667   -0.41666666666667    0.36363636363636             2
    0.33333333333333   -0.41666666666667    0.36363636363636             2
    0.50000000000000   -0.41666666666667    0.36363636363636             2
   -0.33333333333333   -0.41666666666667    0.36363636363636             2
   -0.16666666666667   -0.41666666666667    0.36363636363636             2
    0.00000000000000   -0.33333333333333    0.36363636363636             2
    0.16666666666667   -0.33333333333333    0.36363636363636             2
    0.33333333333333   -0.33333333333333    0.36363636363636             2
    0.50000000000000   -0.33333333333333    0.36363636363636             2
   -0.33333333333333   -0.33333333333333    0.36363636363636             2
   -0.16666666666667   -0.33333333333333    0.36363636363636             2
    0.00000000000000   -0.25000000000000    0.36363636363636             2
    0.16666666666667   -0.25000000000000    0.36363636363636             2
    0.33333333333333   -0.25000000000000    0.36363636363636             2
    0.50000000000000   -0.25000000000000    0.36363636363636             2
   -0.33333333333333   -0.25000000000000    0.36363636363636             2
   -0.16666666666667   -0.25000000000000    0.36363636363636             2
    0.00000000000000   -0.16666666666667    0.36363636363636             2
    0.16666666666667   -0.16666666666667    0.36363636363636             2
    0.33333333333333   -0.16666666666667    0.36363636363636             2
    0.50000000000000   -0.16666666666667    0.36363636363636             2
   -0.33333333333333   -0.16666666666667    0.36363636363636             2
   -0.16666666666667   -0.16666666666667    0.36363636363636             2
    0.00000000000000   -0.08333333333333    0.36363636363636             2
    0.16666666666667   -0.08333333333333    0.36363636363636             2
    0.33333333333333   -0.08333333333333    0.36363636363636             2
    0.50000000000000   -0.08333333333333    0.36363636363636             2
   -0.33333333333333   -0.08333333333333    0.36363636363636             2
   -0.16666666666667   -0.08333333333333    0.36363636363636             2
    0.00000000000000    0.00000000000000    0.45454545454546             2
    0.16666666666667    0.00000000000000    0.45454545454546             2
    0.33333333333333   -0.00000000000000    0.45454545454546             2
    0.50000000000000   -0.00000000000000    0.45454545454546             2
   -0.33333333333333    0.00000000000000    0.45454545454546             2
   -0.16666666666667    0.00000000000000    0.45454545454546             2
    0.00000000000000    0.08333333333333    0.45454545454546             2
    0.16666666666667    0.08333333333333    0.45454545454546             2
    0.33333333333333    0.08333333333333    0.45454545454546             2
    0.50000000000000    0.08333333333333    0.45454545454546             2
   -0.33333333333333    0.08333333333333    0.45454545454546             2
   -0.16666666666667    0.08333333333333    0.45454545454546             2
    0.00000000000000    0.16666666666667    0.45454545454546             2
    0.16666666666667    0.16666666666667    0.45454545454546             2
    0.33333333333333    0.16666666666667    0.45454545454546             2
    0.50000000000000    0.16666666666667    0.45454545454546             2
   -0.33333333333333    0.16666666666667    0.45454545454546             2
   -0.16666666666667    0.16666666666667    0.45454545454546             2
    0.00000000000000    0.25000000000000    0.45454545454546             2
    0.16666666666667    0.25000000000000    0.45454545454546             2
    0.33333333333333    0.25000000000000    0.45454545454546             2
    0.50000000000000    0.25000000000000    0.45454545454546             2
   -0.33333333333333    0.25000000000000    0.45454545454546             2
   -0.16666666666667    0.25000000000000    0.45454545454546             2
    0.00000000000000    0.33333333333333    0.45454545454546             2
    0.16666666666667    0.33333333333333    0.45454545454546             2
    0.33333333333333    0.33333333333333    0.45454545454546             2
    0.50000000000000    0.33333333333333    0.45454545454546             2
   -0.33333333333333    0.33333333333333    0.45454545454546             2
   -0.16666666666667    0.33333333333333    0.45454545454546             2
    0.00000000000000    0.41666666666667    0.45454545454546             2
    0.16666666666667    0.41666666666667    0.45454545454546             2
    0.33333333333333    0.41666666666667    0.45454545454546             2
    0.50000000000000    0.41666666666667    0.45454545454546             2
   -0.33333333333333    0.41666666666667    0.45454545454546             2
   -0.16666666666667    0.41666666666667    0.45454545454546             2
    0.00000000000000    0.50000000000000    0.45454545454546             2
    0.16666666666667    0.50000000000000    0.45454545454546             2
    0.33333333333333    0.50000000000000    0.45454545454546             2
    0.50000000000000    0.50000000000000    0.45454545454546             2
   -0.33333333333333    0.50000000000000    0.45454545454546             2
   -0.16666666666667    0.50000000000000    0.45454545454546             2
    0.00000000000000   -0.41666666666667    0.45454545454546             2
    0.16666666666667   -0.41666666666667    0.45454545454546             2
    0.33333333333333   -0.41666666666667    0.45454545454546             2
    0.50000000000000   -0.41666666666667    0.45454545454545             2
   -0.33333333333333   -0.41666666666667    0.45454545454546             2
   -0.16666666666667   -0.41666666666667    0.45454545454546             2
    0.00000000000000   -0.33333333333333    0.45454545454546             2
    0.16666666666667   -0.33333333333333    0.45454545454545             2
    0.33333333333333   -0.33333333333333    0.45454545454546             2
    0.50000000000000   -0.33333333333333    0.45454545454546             2
   -0.33333333333333   -0.33333333333333    0.45454545454546             2
   -0.16666666666667   -0.33333333333333    0.45454545454545             2
    0.00000000000000   -0.25000000000000    0.45454545454546             2
    0.16666666666667   -0.25000000000000    0.45454545454545             2
    0.33333333333333   -0.25000000000000    0.45454545454545             2
    0.50000000000000   -0.25000000000000    0.45454545454546             2
   -0.33333333333333   -0.25000000000000    0.45454545454546             2
   -0.16666666666667   -0.25000000000000    0.45454545454545             2
    0.00000000000000   -0.16666666666667    0.45454545454546             2
    0.16666666666667   -0.16666666666667    0.45454545454545             2
    0.33333333333333   -0.16666666666667    0.45454545454546             2
    0.50000000000000   -0.16666666666667    0.45454545454545             2
   -0.33333333333333   -0.16666666666667    0.45454545454545             2
   -0.16666666666667   -0.16666666666667    0.45454545454545             2
    0.00000000000000   -0.08333333333333    0.45454545454546             2
    0.16666666666667   -0.08333333333333    0.45454545454545             2
    0.33333333333333   -0.08333333333333    0.45454545454546             2
    0.50000000000000   -0.08333333333333    0.45454545454546             2
   -0.33333333333333   -0.08333333333333    0.45454545454545             2
   -0.16666666666667   -0.08333333333333    0.45454545454545             2
Tetrahedra
      2376    0.00021043771044
         2         1         5         6        46
         2         1         2         6        46
         2         1         2        40        46
         2         1         5        45        46
         2         1        39        45        46
         2         1        39        40        46
         2         2         6         7        47
         2         2         3         7        47
         2         2         3        41        47
         2         2         6        46        47
         2         2        40        46        47
         2         2        40        41        47
         2         3         7         8        48
         2         3         4         8        48
         2         3         4        42        48
         2         3         7        47        48
         2         3        41        47        48
         2         3        41        42        48
         2         4         8         9        49
         2         3         4         9        49
         2         3         4        43        49
         2         4         8        48        49
         2         4        42        48        49
         2         4        42        43        49
         2         3         9        10        50
         2         2         3        10        50
         2         2         3        44        50
         2         3         9        49        50
         2         3        43        49        50
         2         3        43        44        50
         2         2         5        10        45
         2         1         2         5        45
         2         1         2        39        45
         2         2        10        45        50
         2         2        44        45        50
         2         2        39        44        45
         2         5        11        12        52
         2         5         6        12        52
         2         5         6        46        52
         2         5        11        51        52
         2         5        45        51        52
         2         5        45        46        52
         2         6        12        13        53
         2         6         7        13        53
         2         6         7        47        53
         2         6        12        52        53
         2         6        46        52        53
         2         6        46        47        53
         2         7        13        14        54
         2         7         8        14        54
         2         7         8        48        54
         2         7        13        53        54
         2         7        47        53        54
         2         7        47        48        54
         2         8        14        15        55
         2         8         9        15        55
         2         8         9        49        55
         2         8        14        54        55
         2         8        48        54        55
         2         8        48        49        55
         2         9        15        16        56
         2         9        10        16        56
         2         9        10        50        56
         2         9        15        55        56
         2         9        49        55        56
         2         9        49        50        56
         2        10        11        16        51
         2         5        10        11        51
         2         5        10        45        51
         2        10        16        51        56
         2        10        50        51        56
         2        10        45        50        51
         2        11        17        18        58
         2        11        12        18        58
         2        11        12        52        58
         2        11        17        57        58
         2        11        51        57        58
         2        11        51        52        58
         2        12        18        19        59
         2        12        13        19        59
         2        12        13        53        59
         2        12        18        58        59
         2        12        52        58        59
         2        12        52        53        59
         2        13        19        20        60
         2        13        14        20        60
         2        13        14        54        60
         2        13        19        59        60
         2        13        53        59        60
         2        13        53        54        60
         2        14        20        21        61
         2        14        15        21        61
         2        14        15        55        61
         2        14        20        60        61
         2        14        54        60        61
         2        14        54        55        61
         2        15        21        22        62
         2        15        16        22        62
         2        15        16        56        62
         2        15        21        61        62
         2        15        55        61        62
         2        15        55        56        62
         2        16        17        22        57
         2        11        16        17        57
         2        11        16        51        57
         2        16        22        57        62
         2        16        56        57        62
         2        16        51        56        57
         2        17        23        24        64
         2        17        18        24        64
         2        17        18        58        64
         2        17        23        63        64
         2        17        57        63        64
         2        17        57        58        64
         2        18        24        25        65
         2        18        19        25        65
         2        18        19        59        65
         2        18        24        64        65
         2        18        58        64        65
         2        18        58        59        65
         2        19        25        26        66
         2        19        20        26        66
         2        19        20        60        66
         2        19        25        65        66
         2        19        59        65        66
         2        19        59        60        66
         2        20        26        27        67
         2        20        21        27        67
         2        20        21        61        67
         2        20        26        66        67
         2        20        60        66        67
         2        20        60        61        67
         2        21        27        28        68
         2        21        22        28        68
         2        21        22        62        68
         2        21        27        67        68
         2        21        61        67        68
         2        21        61        62        68
         2        22        23        28        63
         2        17        22        23        63
         2        17        22        57        63
         2        22        28        63        68
         2        22        62        63        68
         2        22        57        62        63
         2        23        29        30        70
         2        23        24        30        70
         2        23        24        64        70
         2        23        29        69        70
         2        23        63        69        70
         2        23        63        64        70
         2        24        30        31        71
         2        24        25        31        71
         2        24        25        65        71
         2        24        30        70        71
         2        24        64        70        71
         2        24        64        65        71
         2        25        31        32        72
         2        25        26        32        72
         2        25        26        66        72
         2        25        31        71        72
         2        25        65        71        72
         2        25        65        66        72
         2        26        32        33        73
         2        26        27        33        73
         2        26        27        67        73
         2        26        32        72        73
         2        26        66        72        73
         2        26        66        67        73
         2        27        33        34        74
         2        27        28        34        74
         2        27        28        68        74
         2        27        33        73        74
         2        27        67        73        74
         2        27        67        68        74
         2        28        29        34        69
         2        23        28        29        69
         2        23        28        63        69
         2        28        34        69        74
         2        28        68        69        74
         2        28        63        68        69
         2        29        35        36        76
         2        29        30        36        76
         2        29        30        70        76
         2        29        35        75        76
         2        29        69        75        76
         2        29        69        70        76
         2        30        36        37        77
         2        30        31        37        77
         2        30        31        71        77
         2        30        36        76        77
         2        30        70        76        77
         2        30        70        71        77
         2        31        37        38        78
         2        31        32        38        78
         2        31        32        72        78
         2        31        37        77        78
         2        31        71        77        78
         2        31        71        72        78
         2        32        37        38        79
         2        32        33        37        79
         2        32        33        73        79
         2        32        38        78        79
         2        32        72        78        79
         2        32        72        73        79
         2        33        36        37        80
         2        33        34        36        80
         2        33        34        74        80
         2        33        37        79        80
         2        33        73        79        80
         2        33        73        74        80
         2        34        35        36        75
         2        29        34        35        75
         2        29        34        69        75
         2        34        36        75        80
         2        34        74        75        80
         2        34        69        74        75
         2        29        34        35        82
         2        34        35        36        82
         2        35        36        76        82
         2        29        35        81        82
         2        35        75        81        82
         2        35        75        76        82
         2        33        34        36        83
         2        33        36        37        83
         2        36        37        77        83
         2        34        36        82        83
         2        36        76        82        83
         2        36        76        77        83
         2        32        33        37        84
         2        32        37        38        84
         2        37        38        78        84
         2        33        37        83        84
         2        37        77        83        84
         2        37        77        78        84
         2        31        32        38        85
         2        31        37        38        85
         2        37        38        79        85
         2        32        38        84        85
         2        38        78        84        85
         2        38        78        79        85
         2        30        31        37        86
         2        30        36        37        86
         2        36        37        80        86
         2        31        37        85        86
         2        37        79        85        86
         2        37        79        80        86
         2        29        30        36        81
         2        29        35        36        81
         2        35        36        75        81
         2        30        36        81        86
         2        36        80        81        86
         2        36        75        80        81
         2        23        28        29        88
         2        28        29        34        88
         2        29        34        82        88
         2        23        29        87        88
         2        29        81        87        88
         2        29        81        82        88
         2        27        28        34        89
         2        27        33        34        89
         2        33        34        83        89
         2        28        34        88        89
         2        34        82        88        89
         2        34        82        83        89
         2        26        27        33        90
         2        26        32        33        90
         2        32        33        84        90
         2        27        33        89        90
         2        33        83        89        90
         2        33        83        84        90
         2        25        26        32        91
         2        25        31        32        91
         2        31        32        85        91
         2        26        32        90        91
         2        32        84        90        91
         2        32        84        85        91
         2        24        25        31        92
         2        24        30        31        92
         2        30        31        86        92
         2        25        31        91        92
         2        31        85        91        92
         2        31        85        86        92
         2        23        24        30        87
         2        23        29        30        87
         2        29        30        81        87
         2        24        30        87        92
         2        30        86        87        92
         2        30        81        86        87
         2        17        22        23        94
         2        22        23        28        94
         2        23        28        88        94
         2        17        23        93        94
         2        23        87        93        94
         2        23        87        88        94
         2        21        22        28        95
         2        21        27        28        95
         2        27        28        89        95
         2        22        28        94        95
         2        28        88        94        95
         2        28        88        89        95
         2        20        21        27        96
         2        20        26        27        96
         2        26        27        90        96
         2        21        27        95        96
         2        27        89        95        96
         2        27        89        90        96
         2        19        20        26        97
         2        19        25        26        97
         2        25        26        91        97
         2        20        26        96        97
         2        26        90        96        97
         2        26        90        91        97
         2        18        19        25        98
         2        18        24        25        98
         2        24        25        92        98
         2        19        25        97        98
         2        25        91        97        98
         2        25        91        92        98
         2        17        18        24        93
         2        17        23        24        93
         2        23        24        87        93
         2        18        24        93        98
         2        24        92        93        98
         2        24        87        92        93
         2        11        16        17       100
         2        16        17        22       100
         2        17        22        94       100
         2        11        17        99       100
         2        17        93        99       100
         2        17        93        94       100
         2        15        16        22       101
         2        15        21        22       101
         2        21        22        95       101
         2        16        22       100       101
         2        22        94       100       101
         2        22        94        95       101
         2        14        15        21       102
         2        14        20        21       102
         2        20        21        96       102
         2        15        21       101       102
         2        21        95       101       102
         2        21        95        96       102
         2        13        14        20       103
         2        13        19        20       103
         2        19        20        97       103
         2        14        20       102       103
         2        20        96       102       103
         2        20        96        97       103
         2        12        13        19       104
         2        12        18        19       104
         2        18        19        98       104
         2        13        19       103       104
         2        19        97       103       104
         2        19        97        98       104
         2        11        12        18        99
         2        11        17        18        99
         2        17        18        93        99
         2        12        18        99       104
         2        18        98        99       104
         2        18        93        98        99
         2         5        10        11       106
         2        10        11        16       106
         2        11        16       100       106
         2         5        11       105       106
         2        11        99       105       106
         2        11        99       100       106
         2         9        10        16       107
         2         9        15        16       107
         2        15        16       101       107
         2        10        16       106       107
         2        16       100       106       107
         2        16       100       101       107
         2         8         9        15       108
         2         8        14        15       108
         2        14        15       102       108
         2         9        15       107       108
         2        15       101       107       108
         2        15       101       102       108
         2         7         8        14       109
         2         7        13        14       109
         2        13        14       103       109
         2         8        14       108       109
         2        14       102       108       109
         2        14       102       103       109
         2         6         7        13       110
         2         6        12        13       110
         2        12        13       104       110
         2         7        13       109       110
         2        13       103       109       110
         2        13       103       104       110
         2         5         6        12       105
         2         5        11        12       105
         2        11        12        99       105
         2         6        12       105       110
         2        12       104       105       110
         2        12        99       104       105
         2         1         2         5        40
         2         2         5        10        40
         2         5        10        40       106
         2         1         5        39        40
         2         5        39        40       105
         2         5        40       105       106
         2         2         3        10        41
         2         3         9        10        41
         2         9        10        41       107
         2         2        10        40        41
         2        10        40        41       106
         2        10        41       106       107
         2         3         4         9        42
         2         4         8         9        42
         2         8         9        42       108
         2         3         9        41        42
         2         9        41        42       107
         2         9        42       107       108
         2         3         4         8        43
         2         3         7         8        43
         2         7         8        43       109
         2         4         8        42        43
         2         8        42        43       108
         2         8        43       108       109
         2         2         3         7        44
         2         2         6         7        44
         2         6         7        44       110
         2         3         7        43        44
         2         7        43        44       109
         2         7        44       109       110
         2         1         2         6        39
         2         1         5         6        39
         2         5         6        39       105
         2         2         6        39        44
         2         6        39        44       110
         2         6        39       105       110
         2        39        45        46       118
         2        39        40        46       118
         2        39        40       112       118
         2        39        45       117       118
         2        39       111       117       118
         2        39       111       112       118
         2        40        46        47       119
         2        40        41        47       119
         2        40        41       113       119
         2        40        46       118       119
         2        40       112       118       119
         2        40       112       113       119
         2        41        47        48       120
         2        41        42        48       120
         2        41        42       114       120
         2        41        47       119       120
         2        41       113       119       120
         2        41       113       114       120
         2        42        48        49       121
         2        42        43        49       121
         2        42        43       115       121
         2        42        48       120       121
         2        42       114       120       121
         2        42       114       115       121
         2        43        49        50       122
         2        43        44        50       122
         2        43        44       116       122
         2        43        49       121       122
         2        43       115       121       122
         2        43       115       116       122
         2        44        45        50       117
         2        39        44        45       117
         2        39        44       111       117
         2        44        50       117       122
         2        44       116       117       122
         2        44       111       116       117
         2        45        51        52       124
         2        45        46        52       124
         2        45        46       118       124
         2        45        51       123       124
         2        45       117       123       124
         2        45       117       118       124
         2        46        52        53       125
         2        46        47        53       125
         2        46        47       119       125
         2        46        52       124       125
         2        46       118       124       125
         2        46       118       119       125
         2        47        53        54       126
         2        47        48        54       126
         2        47        48       120       126
         2        47        53       125       126
         2        47       119       125       126
         2        47       119       120       126
         2        48        54        55       127
         2        48        49        55       127
         2        48        49       121       127
         2        48        54       126       127
         2        48       120       126       127
         2        48       120       121       127
         2        49        55        56       128
         2        49        50        56       128
         2        49        50       122       128
         2        49        55       127       128
         2        49       121       127       128
         2        49       121       122       128
         2        50        51        56       123
         2        45        50        51       123
         2        45        50       117       123
         2        50        56       123       128
         2        50       122       123       128
         2        50       117       122       123
         2        51        57        58       130
         2        51        52        58       130
         2        51        52       124       130
         2        51        57       129       130
         2        51       123       129       130
         2        51       123       124       130
         2        52        58        59       131
         2        52        53        59       131
         2        52        53       125       131
         2        52        58       130       131
         2        52       124       130       131
         2        52       124       125       131
         2        53        59        60       132
         2        53        54        60       132
         2        53        54       126       132
         2        53        59       131       132
         2        53       125       131       132
         2        53       125       126       132
         2        54        60        61       133
         2        54        55        61       133
         2        54        55       127       133
         2        54        60       132       133
         2        54       126       132       133
         2        54       126       127       133
         2        55        61        62       134
         2        55        56        62       134
         2        55        56       128       134
         2        55        61       133       134
         2        55       127       133       134
         2        55       127       128       134
         2        56        57        62       129
         2        51        56        57       129
         2        51        56       123       129
         2        56        62       129       134
         2        56       128       129       134
         2        56       123       128       129
         2        57        63        64       136
         2        57        58        64       136
         2        57        58       130       136
         2        57        63       135       136
         2        57       129       135       136
         2        57       129       130       136
         2        58        64        65       137
         2        58        59        65       137
         2        58        59       131       137
         2        58        64       136       137
         2        58       130       136       137
         2        58       130       131       137
         2        59        65        66       138
         2        59        60        66       138
         2        59        60       132       138
         2        59        65       137       138
         2        59       131       137       138
         2        59       131       132       138
         2        60        66        67       139
         2        60        61        67       139
         2        60        61       133       139
         2        60        66       138       139
         2        60       132       138       139
         2        60       132       133       139
         2        61        67        68       140
         2        61        62        68       140
         2        61        62       134       140
         2        61        67       139       140
         2        61       133       139       140
         2        61       133       134       140
         2        62        63        68       135
         2        57        62        63       135
         2        57        62       129       135
         2        62        68       135       140
         2        62       134       135       140
         2        62       129       134       135
         2        63        69        70       142
         2        63        64        70       142
         2        63        64       136       142
         2        63        69       141       142
         2        63       135       141       142
         2        63       135       136       142
         2        64        70        71       143
         2        64        65        71       143
         2        64        65       137       143
         2        64        70       142       143
         2        64       136       142       143
         2        64       136       137       143
         2        65        71        72       144
         2        65        66        72       144
         2        65        66       138       144
         2        65        71       143       144
         2        65       137       143       144
         2        65       137       138       144
         2        66        72        73       145
         2        66        67        73       145
         2        66        67       139       145
         2        66        72       144       145
         2        66       138       144       145
         2        66       138       139       145
         2        67        73        74       146
         2        67        68        74       146
         2        67        68       140       146
         2        67        73       145       146
         2        67       139       145       146
         2        67       139       140       146
         2        68        69        74       141
         2        63        68        69       141
         2        63        68       135       141
         2        68        74       141       146
         2        68       140       141       146
         2        68       135       140       141
         2        69        75        76       148
         2        69        70        76       148
         2        69        70       142       148
         2        69        75       147       148
         2        69       141       147       148
         2        69       141       142       148
         2        70        76        77       149
         2        70        71        77       149
         2        70        71       143       149
         2        70        76       148       149
         2        70       142       148       149
         2        70       142       143       149
         2        71        77        78       150
         2        71        72        78       150
         2        71        72       144       150
         2        71        77       149       150
         2        71       143       149       150
         2        71       143       144       150
         2        72        78        79       151
         2        72        73        79       151
         2        72        73       145       151
         2        72        78       150       151
         2        72       144       150       151
         2        72       144       145       151
         2        73        79        80       152
         2        73        74        80       152
         2        73        74       146       152
         2        73        79       151       152
         2        73       145       151       152
         2        73       145       146       152
         2        74        75        80       147
         2        69        74        75       147
         2        69        74       141       147
         2        74        80       147       152
         2        74       146       147       152
         2        74       141       146       147
         2        75        81        82       154
         2        75        76        82       154
         2        75        76       148       154
         2        75        81       153       154
         2        75       147       153       154
         2        75       147       148       154
         2        76        82        83       155
         2        76        77        83       155
         2        76        77       149       155
         2        76        82       154       155
         2        76       148       154       155
         2        76       148       149       155
         2        77        83        84       156
         2        77        78        84       156
         2        77        78       150       156
         2        77        83       155       156
         2        77       149       155       156
         2        77       149       150       156
         2        78        84        85       157
         2        78        79        85       157
         2        78        79       151       157
         2        78        84       156       157
         2        78       150       156       157
         2        78       150       151       157
         2        79        85        86       158
         2        79        80        86       158
         2        79        80       152       158
         2        79        85       157       158
         2        79       151       157       158
         2        79       151       152       158
         2        80        81        86       153
         2        75        80        81       153
         2        75        80       147       153
         2        80        86       153       158
         2        80       152       153       158
         2        80       147       152       153
         2        81        87        88       160
         2        81        82        88       160
         2        81        82       154       160
         2        81        87       159       160
         2        81       153       159       160
         2        81       153       154       160
         2        82        88        89       161
         2        82        83        89       161
         2        82        83       155       161
         2        82        88       160       161
         2        82       154       160       161
         2        82       154       155       161
         2        83        89        90       162
         2        83        84        90       162
         2        83        84       156       162
         2        83        89       161       162
         2        83       155       161       162
         2        83       155       156       162
         2        84        90        91       163
         2        84        85        91       163
         2        84        85       157       163
         2        84        90       162       163
         2        84       156       162       163
         2        84       156       157       163
         2        85        91        92       164
         2        85        86        92       164
         2        85        86       158       164
         2        85        91       163       164
         2        85       157       163       164
         2        85       157       158       164
         2        86        87        92       159
         2        81        86        87       159
         2        81        86       153       159
         2        86        92       159       164
         2        86       158       159       164
         2        86       153       158       159
         2        87        93        94       166
         2        87        88        94       166
         2        87        88       160       166
         2        87        93       165       166
         2        87       159       165       166
         2        87       159       160       166
         2        88        94        95       167
         2        88        89        95       167
         2        88        89       161       167
         2        88        94       166       167
         2        88       160       166       167
         2        88       160       161       167
         2        89        95        96       168
         2        89        90        96       168
         2        89        90       162       168
         2        89        95       167       168
         2        89       161       167       168
         2        89       161       162       168
         2        90        96        97       169
         2        90        91        97       169
         2        90        91       163       169
         2        90        96       168       169
         2        90       162       168       169
         2        90       162       163       169
         2        91        97        98       170
         2        91        92        98       170
         2        91        92       164       170
         2        91        97       169       170
         2        91       163       169       170
         2        91       163       164       170
         2        92        93        98       165
         2        87        92        93       165
         2        87        92       159       165
         2        92        98       165       170
         2        92       164       165       170
         2        92       159       164       165
         2        93        99       100       172
         2        93        94       100       172
         2        93        94       166       172
         2        93        99       171       172
         2        93       165       171       172
         2        93       165       166       172
         2        94       100       101       173
         2        94        95       101       173
         2        94        95       167       173
         2        94       100       172       173
         2        94       166       172       173
         2        94       166       167       173
         2        95       101       102       174
         2        95        96       102       174
         2        95        96       168       174
         2        95       101       173       174
         2        95       167       173       174
         2        95       167       168       174
         2        96       102       103       175
         2        96        97       103       175
         2        96        97       169       175
         2        96       102       174       175
         2        96       168       174       175
         2        96       168       169       175
         2        97       103       104       176
         2        97        98       104       176
         2        97        98       170       176
         2        97       103       175       176
         2        97       169       175       176
         2        97       169       170       176
         2        98        99       104       171
         2        93        98        99       171
         2        93        98       165       171
         2        98       104       171       176
         2        98       170       171       176
         2        98       165       170       171
         2        99       105       106       178
         2        99       100       106       178
         2        99       100       172       178
         2        99       105       177       178
         2        99       171       177       178
         2        99       171       172       178
         2       100       106       107       179
         2       100       101       107       179
         2       100       101       173       179
         2       100       106       178       179
         2       100       172       178       179
         2       100       172       173       179
         2       101       107       108       180
         2       101       102       108       180
         2       101       102       174       180
         2       101       107       179       180
         2       101       173       179       180
         2       101       173       174       180
         2       102       108       109       181
         2       102       103       109       181
         2       102       103       175       181
         2       102       108       180       181
         2       102       174       180       181
         2       102       174       175       181
         2       103       109       110       182
         2       103       104       110       182
         2       103       104       176       182
         2       103       109       181       182
         2       103       175       181       182
         2       103       175       176       182
         2       104       105       110       177
         2        99       104       105       177
         2        99       104       171       177
         2       104       110       177       182
         2       104       176       177       182
         2       104       171       176       177
         2        39        40       105       112
         2        40       105       106       112
         2       105       106       112       178
         2        39       105       111       112
         2       105       111       112       177
         2       105       112       177       178
         2        40        41       106       113
         2        41       106       107       113
         2       106       107       113       179
         2        40       106       112       113
         2       106       112       113       178
         2       106       113       178       179
         2        41        42       107       114
         2        42       107       108       114
         2       107       108       114       180
         2        41       107       113       114
         2       107       113       114       179
         2       107       114       179       180
         2        42        43       108       115
         2        43       108       109       115
         2       108       109       115       181
         2        42       108       114       115
         2       108       114       115       180
         2       108       115       180       181
         2        43        44       109       116
         2        44       109       110       116
         2       109       110       116       182
         2        43       109       115       116
         2       109       115       116       181
         2       109       116       181       182
         2        39        44       110       111
         2        39       105       110       111
         2       105       110       111       177
         2        44       110       111       116
         2       110       111       116       182
         2       110       111       177       182
         2       111       117       118       190
         2       111       112       118       190
         2       111       112       184       190
         2       111       117       189       190
         2       111       183       189       190
         2       111       183       184       190
         2       112       118       119       191
         2       112       113       119       191
         2       112       113       185       191
         2       112       118       190       191
         2       112       184       190       191
         2       112       184       185       191
         2       113       119       120       192
         2       113       114       120       192
         2       113       114       186       192
         2       113       119       191       192
         2       113       185       191       192
         2       113       185       186       192
         2       114       120       121       193
         2       114       115       121       193
         2       114       115       187       193
         2       114       120       192       193
         2       114       186       192       193
         2       114       186       187       193
         2       115       121       122       194
         2       115       116       122       194
         2       115       116       188       194
         2       115       121       193       194
         2       115       187       193       194
         2       115       187       188       194
         2       116       117       122       189
         2       111       116       117       189
         2       111       116       183       189
         2       116       122       189       194
         2       116       188       189       194
         2       116       183       188       189
         2       117       123       124       196
         2       117       118       124       196
         2       117       118       190       196
         2       117       123       195       196
         2       117       189       195       196
         2       117       189       190       196
         2       118       124       125       197
         2       118       119       125       197
         2       118       119       191       197
         2       118       124       196       197
         2       118       190       196       197
         2       118       190       191       197
         2       119       125       126       198
         2       119       120       126       198
         2       119       120       192       198
         2       119       125       197       198
         2       119       191       197       198
         2       119       191       192       198
         2       120       126       127       199
         2       120       121       127       199
         2       120       121       193       199
         2       120       126       198       199
         2       120       192       198       199
         2       120       192       193       199
         2       121       127       128       200
         2       121       122       128       200
         2       121       122       194       200
         2       121       127       199       200
         2       121       193       199       200
         2       121       193       194       200
         2       122       123       128       195
         2       117       122       123       195
         2       117       122       189       195
         2       122       128       195       200
         2       122       194       195       200
         2       122       189       194       195
         2       123       129       130       202
         2       123       124       130       202
         2       123       124       196       202
         2       123       129       201       202
         2       123       195       201       202
         2       123       195       196       202
         2       124       130       131       203
         2       124       125       131       203
         2       124       125       197       203
         2       124       130       202       203
         2       124       196       202       203
         2       124       196       197       203
         2       125       131       132       204
         2       125       126       132       204
         2       125       126       198       204
         2       125       131       203       204
         2       125       197       203       204
         2       125       197       198       204
         2       126       132       133       205
         2       126       127       133       205
         2       126       127       199       205
         2       126       132       204       205
         2       126       198       204       205
         2       126       198       199       205
         2       127       133       134       206
         2       127       128       134       206
         2       127       128       200       206
         2       127       133       205       206
         2       127       199       205       206
         2       127       199       200       206
         2       128       129       134       201
         2       123       128       129       201
         2       123       128       195       201
         2       128       134       201       206
         2       128       200       201       206
         2       128       195       200       201
         2       129       135       136       208
         2       129       130       136       208
         2       129       130       202       208
         2       129       135       207       208
         2       129       201       207       208
         2       129       201       202       208
         2       130       136       137       209
         2       130       131       137       209
         2       130       131       203       209
         2       130       136       208       209
         2       130       202       208       209
         2       130       202       203       209
         2       131       137       138       210
         2       131       132       138       210
         2       131       132       204       210
         2       131       137       209       210
         2       131       203       209       210
         2       131       203       204       210
         2       132       138       139       211
         2       132       133       139       211
         2       132       133       205       211
         2       132       138       210       211
         2       132       204       210       211
         2       132       204       205       211
         2       133       139       140       212
         2       133       134       140       212
         2       133       134       206       212
         2       133       139       211       212
         2       133       205       211       212
         2       133       205       206       212
         2       134       135       140       207
         2       129       134       135       207
         2       129       134       201       207
         2       134       140       207       212
         2       134       206       207       212
         2       134       201       206       207
         2       135       141       142       214
         2       135       136       142       214
         2       135       136       208       214
         2       135       141       213       214
         2       135       207       213       214
         2       135       207       208       214
         2       136       142       143       215
         2       136       137       143       215
         2       136       137       209       215
         2       136       142       214       215
         2       136       208       214       215
         2       136       208       209       215
         2       137       143       144       216
         2       137       138       144       216
         2       137       138       210       216
         2       137       143       215       216
         2       137       209       215       216
         2       137       209       210       216
         2       138       144       145       217
         2       138       139       145       217
         2       138       139       211       217
         2       138       144       216       217
         2       138       210       216       217
         2       138       210       211       217
         2       139       145       146       218
         2       139       140       146       218
         2       139       140       212       218
         2       139       145       217       218
         2       139       211       217       218
         2       139       211       212       218
         2       140       141       146       213
         2       135       140       141       213
         2       135       140       207       213
         2       140       146       213       218
         2       140       212       213       218
         2       140       207       212       213
         2       141       147       148       220
         2       141       142       148       220
         2       141       142       214       220
         2       141       147       219       220
         2       141       213       219       220
         2       141       213       214       220
         2       142       148       149       221
         2       142       143       149       221
         2       142       143       215       221
         2       142       148       220       221
         2       142       214       220       221
         2       142       214       215       221
         2       143       149       150       222
         2       143       144       150       222
         2       143       144       216       222
         2       143       149       221       222
         2       143       215       221       222
         2       143       215       216       222
         2       144       150       151       223
         2       144       145       151       223
         2       144       145       217       223
         2       144       150       222       223
         2       144       216       222       223
         2       144       216       217       223
         2       145       151       152       224
         2       145       146       152       224
         2       145       146       218       224
         2       145       151       223       224
         2       145       217       223       224
         2       145       217       218       224
         2       146       147       152       219
         2       141       146       147       219
         2       141       146       213       219
         2       146       152       219       224
         2       146       218       219       224
         2       146       213       218       219
         2       147       153       154       226
         2       147       148       154       226
         2       147       148       220       226
         2       147       153       225       226
         2       147       219       225       226
         2       147       219       220       226
         2       148       154       155       227
         2       148       149       155       227
         2       148       149       221       227
         2       148       154       226       227
         2       148       220       226       227
         2       148       220       221       227
         2       149       155       156       228
         2       149       150       156       228
         2       149       150       222       228
         2       149       155       227       228
         2       149       221       227       228
         2       149       221       222       228
         2       150       156       157       229
         2       150       151       157       229
         2       150       151       223       229
         2       150       156       228       229
         2       150       222       228       229
         2       150       222       223       229
         2       151       157       158       230
         2       151       152       158       230
         2       151       152       224       230
         2       151       157       229       230
         2       151       223       229       230
         2       151       223       224       230
         2       152       153       158       225
         2       147       152       153       225
         2       147       152       219       225
         2       152       158       225       230
         2       152       224       225       230
         2       152       219       224       225
         2       153       159       160       232
         2       153       154       160       232
         2       153       154       226       232
         2       153       159       231       232
         2       153       225       231       232
         2       153       225       226       232
         2       154       160       161       233
         2       154       155       161       233
         2       154       155       227       233
         2       154       160       232       233
         2       154       226       232       233
         2       154       226       227       233
         2       155       161       162       234
         2       155       156       162       234
         2       155       156       228       234
         2       155       161       233       234
         2       155       227       233       234
         2       155       227       228       234
         2       156       162       163       235
         2       156       157       163       235
         2       156       157       229       235
         2       156       162       234       235
         2       156       228       234       235
         2       156       228       229       235
         2       157       163       164       236
         2       157       158       164       236
         2       157       158       230       236
         2       157       163       235       236
         2       157       229       235       236
         2       157       229       230       236
         2       158       159       164       231
         2       153       158       159       231
         2       153       158       225       231
         2       158       164       231       236
         2       158       230       231       236
         2       158       225       230       231
         2       159       165       166       238
         2       159       160       166       238
         2       159       160       232       238
         2       159       165       237       238
         2       159       231       237       238
         2       159       231       232       238
         2       160       166       167       239
         2       160       161       167       239
         2       160       161       233       239
         2       160       166       238       239
         2       160       232       238       239
         2       160       232       233       239
         2       161       167       168       240
         2       161       162       168       240
         2       161       162       234       240
         2       161       167       239       240
         2       161       233       239       240
         2       161       233       234       240
         2       162       168       169       241
         2       162       163       169       241
         2       162       163       235       241
         2       162       168       240       241
         2       162       234       240       241
         2       162       234       235       241
         2       163       169       170       242
         2       163       164       170       242
         2       163       164       236       242
         2       163       169       241       242
         2       163       235       241       242
         2       163       235       236       242
         2       164       165       170       237
         2       159       164       165       237
         2       159       164       231       237
         2       164       170       237       242
         2       164       236       237       242
         2       164       231       236       237
         2       165       171       172       244
         2       165       166       172       244
         2       165       166       238       244
         2       165       171       243       244
         2       165       237       243       244
         2       165       237       238       244
         2       166       172       173       245
         2       166       167       173       245
         2       166       167       239       245
         2       166       172       244       245
         2       166       238       244       245
         2       166       238       239       245
         2       167       173       174       246
         2       167       168       174       246
         2       167       168       240       246
         2       167       173       245       246
         2       167       239       245       246
         2       167       239       240       246
         2       168       174       175       247
         2       168       169       175       247
         2       168       169       241       247
         2       168       174       246       247
         2       168       240       246       247
         2       168       240       241       247
         2       169       175       176       248
         2       169       170       176       248
         2       169       170       242       248
         2       169       175       247       248
         2       169       241       247       248
         2       169       241       242       248
         2       170       171       176       243
         2       165       170       171       243
         2       165       170       237       243
         2       170       176       243       248
         2       170       242       243       248
         2       170       237       242       243
         2       171       177       178       250
         2       171       172       178       250
         2       171       172       244       250
         2       171       177       249       250
         2       171       243       249       250
         2       171       243       244       250
         2       172       178       179       251
         2       172       173       179       251
         2       172       173       245       251
         2       172       178       250       251
         2       172       244       250       251
         2       172       244       245       251
         2       173       179       180       252
         2       173       174       180       252
         2       173       174       246       252
         2       173       179       251       252
         2       173       245       251       252
         2       173       245       246       252
         2       174       180       181       253
         2       174       175       181       253
         2       174       175       247       253
         2       174       180       252       253
         2       174       246       252       253
         2       174       246       247       253
         2       175       181       182       254
         2       175       176       182       254
         2       175       176       248       254
         2       175       181       253       254
         2       175       247       253       254
         2       175       247       248       254
         2       176       177       182       249
         2       171       176       177       249
         2       171       176       243       249
         2       176       182       249       254
         2       176       248       249       254
         2       176       243       248       249
         2       111       112       177       184
         2       112       177       178       184
         2       177       178       184       250
         2       111       177       183       184
         2       177       183       184       249
         2       177       184       249       250
         2       112       113       178       185
         2       113       178       179       185
         2       178       179       185       251
         2       112       178       184       185
         2       178       184       185       250
         2       178       185       250       251
         2       113       114       179       186
         2       114       179       180       186
         2       179       180       186       252
         2       113       179       185       186
         2       179       185       186       251
         2       179       186       251       252
         2       114       115       180       187
         2       115       180       181       187
         2       180       181       187       253
         2       114       180       186       187
         2       180       186       187       252
         2       180       187       252       253
         2       115       116       181       188
         2       116       181       182       188
         2       181       182       188       254
         2       115       181       187       188
         2       181       187       188       253
         2       181       188       253       254
         2       111       116       182       183
         2       111       177       182       183
         2       177       182       183       249
         2       116       182       183       188
         2       182       183       188       254
         2       182       183       249       254
         2       183       189       190       262
         2       183       184       190       262
         2       183       184       256       262
         2       183       189       261       262
         2       183       255       261       262
         2       183       255       256       262
         2       184       190       191       263
         2       184       185       191       263
         2       184       185       257       263
         2       184       190       262       263
         2       184       256       262       263
         2       184       256       257       263
         2       185       191       192       264
         2       185       186       192       264
         2       185       186       258       264
         2       185       191       263       264
         2       185       257       263       264
         2       185       257       258       264
         2       186       192       193       265
         2       186       187       193       265
         2       186       187       259       265
         2       186       192       264       265
         2       186       258       264       265
         2       186       258       259       265
         2       187       193       194       266
         2       187       188       194       266
         2       187       188       260       266
         2       187       193       265       266
         2       187       259       265       266
         2       187       259       260       266
         2       188       189       194       261
         2       183       188       189       261
         2       183       188       255       261
         2       188       194       261       266
         2       188       260       261       266
         2       188       255       260       261
         2       189       195       196       268
         2       189       190       196       268
         2       189       190       262       268
         2       189       195       267       268
         2       189       261       267       268
         2       189       261       262       268
         2       190       196       197       269
         2       190       191       197       269
         2       190       191       263       269
         2       190       196       268       269
         2       190       262       268       269
         2       190       262       263       269
         2       191       197       198       270
         2       191       192       198       270
         2       191       192       264       270
         2       191       197       269       270
         2       191       263       269       270
         2       191       263       264       270
         2       192       198       199       271
         2       192       193       199       271
         2       192       193       265       271
         2       192       198       270       271
         2       192       264       270       271
         2       192       264       265       271
         2       193       199       200       272
         2       193       194       200       272
         2       193       194       266       272
         2       193       199       271       272
         2       193       265       271       272
         2       193       265       266       272
         2       194       195       200       267
         2       189       194       195       267
         2       189       194       261       267
         2       194       200       267       272
         2       194       266       267       272
         2       194       261       266       267
         2       195       201       202       274
         2       195       196       202       274
         2       195       196       268       274
         2       195       201       273       274
         2       195       267       273       274
         2       195       267       268       274
         2       196       202       203       275
         2       196       197       203       275
         2       196       197       269       275
         2       196       202       274       275
         2       196       268       274       275
         2       196       268       269       275
         2       197       203       204       276
         2       197       198       204       276
         2       197       198       270       276
         2       197       203       275       276
         2       197       269       275       276
         2       197       269       270       276
         2       198       204       205       277
         2       198       199       205       277
         2       198       199       271       277
         2       198       204       276       277
         2       198       270       276       277
         2       198       270       271       277
         2       199       205       206       278
         2       199       200       206       278
         2       199       200       272       278
         2       199       205       277       278
         2       199       271       277       278
         2       199       271       272       278
         2       200       201       206       273
         2       195       200       201       273
         2       195       200       267       273
         2       200       206       273       278
         2       200       272       273       278
         2       200       267       272       273
         2       201       207       208       280
         2       201       202       208       280
         2       201       202       274       280
         2       201       207       279       280
         2       201       273       279       280
         2       201       273       274       280
         2       202       208       209       281
         2       202       203       209       281
         2       202       203       275       281
         2       202       208       280       281
         2       202       274       280       281
         2       202       274       275       281
         2       203       209       210       282
         2       203       204       210       282
         2       203       204       276       282
         2       203       209       281       282
         2       203       275       281       282
         2       203       275       276       282
         2       204       210       211       283
         2       204       205       211       283
         2       204       205       277       283
         2       204       210       282       283
         2       204       276       282       283
         2       204       276       277       283
         2       205       211       212       284
         2       205       206       212       284
         2       205       206       278       284
         2       205       211       283       284
         2       205       277       283       284
         2       205       277       278       284
         2       206       207       212       279
         2       201       206       207       279
         2       201       206       273       279
         2       206       212       279       284
         2       206       278       279       284
         2       206       273       278       279
         2       207       213       214       286
         2       207       208       214       286
         2       207       208       280       286
         2       207       213       285       286
         2       207       279       285       286
         2       207       279       280       286
         2       208       214       215       287
         2       208       209       215       287
         2       208       209       281       287
         2       208       214       286       287
         2       208       280       286       287
         2       208       280       281       287
         2       209       215       216       288
         2       209       210       216       288
         2       209       210       282       288
         2       209       215       287       288
         2       209       281       287       288
         2       209       281       282       288
         2       210       216       217       289
         2       210       211       217       289
         2       210       211       283       289
         2       210       216       288       289
         2       210       282       288       289
         2       210       282       283       289
         2       211       217       218       290
         2       211       212       218       290
         2       211       212       284       290
         2       211       217       289       290
         2       211       283       289       290
         2       211       283       284       290
         2       212       213       218       285
         2       207       212       213       285
         2       207       212       279       285
         2       212       218       285       290
         2       212       284       285       290
         2       212       279       284       285
         2       213       219       220       292
         2       213       214       220       292
         2       213       214       286       292
         2       213       219       291       292
         2       213       285       291       292
         2       213       285       286       292
         2       214       220       221       293
         2       214       215       221       293
         2       214       215       287       293
         2       214       220       292       293
         2       214       286       292       293
         2       214       286       287       293
         2       215       221       222       294
         2       215       216       222       294
         2       215       216       288       294
         2       215       221       293       294
         2       215       287       293       294
         2       215       287       288       294
         2       216       222       223       295
         2       216       217       223       295
         2       216       217       289       295
         2       216       222       294       295
         2       216       288       294       295
         2       216       288       289       295
         2       217       223       224       296
         2       217       218       224       296
         2       217       218       290       296
         2       217       223       295       296
         2       217       289       295       296
         2       217       289       290       296
         2       218       219       224       291
         2       213       218       219       291
         2       213       218       285       291
         2       218       224       291       296
         2       218       290       291       296
         2       218       285       290       291
         2       219       225       226       298
         2       219       220       226       298
         2       219       220       292       298
         2       219       225       297       298
         2       219       291       297       298
         2       219       291       292       298
         2       220       226       227       299
         2       220       221       227       299
         2       220       221       293       299
         2       220       226       298       299
         2       220       292       298       299
         2       220       292       293       299
         2       221       227       228       300
         2       221       222       228       300
         2       221       222       294       300
         2       221       227       299       300
         2       221       293       299       300
         2       221       293       294       300
         2       222       228       229       301
         2       222       223       229       301
         2       222       223       295       301
         2       222       228       300       301
         2       222       294       300       301
         2       222       294       295       301
         2       223       229       230       302
         2       223       224       230       302
         2       223       224       296       302
         2       223       229       301       302
         2       223       295       301       302
         2       223       295       296       302
         2       224       225       230       297
         2       219       224       225       297
         2       219       224       291       297
         2       224       230       297       302
         2       224       296       297       302
         2       224       291       296       297
         2       225       231       232       304
         2       225       226       232       304
         2       225       226       298       304
         2       225       231       303       304
         2       225       297       303       304
         2       225       297       298       304
         2       226       232       233       305
         2       226       227       233       305
         2       226       227       299       305
         2       226       232       304       305
         2       226       298       304       305
         2       226       298       299       305
         2       227       233       234       306
         2       227       228       234       306
         2       227       228       300       306
         2       227       233       305       306
         2       227       299       305       306
         2       227       299       300       306
         2       228       234       235       307
         2       228       229       235       307
         2       228       229       301       307
         2       228       234       306       307
         2       228       300       306       307
         2       228       300       301       307
         2       229       235       236       308
         2       229       230       236       308
         2       229       230       302       308
         2       229       235       307       308
         2       229       301       307       308
         2       229       301       302       308
         2       230       231       236       303
         2       225       230       231       303
         2       225       230       297       303
         2       230       236       303       308
         2       230       302       303       308
         2       230       297       302       303
         2       231       237       238       310
         2       231       232       238       310
         2       231       232       304       310
         2       231       237       309       310
         2       231       303       309       310
         2       231       303       304       310
         2       232       238       239       311
         2       232       233       239       311
         2       232       233       305       311
         2       232       238       310       311
         2       232       304       310       311
         2       232       304       305       311
         2       233       239       240       312
         2       233       234       240       312
         2       233       234       306       312
         2       233       239       311       312
         2       233       305       311       312
         2       233       305       306       312
         2       234       240       241       313
         2       234       235       241       313
         2       234       235       307       313
         2       234       240       312       313
         2       234       306       312       313
         2       234       306       307       313
         2       235       241       242       314
         2       235       236       242       314
         2       235       236       308       314
         2       235       241       313       314
         2       235       307       313       314
         2       235       307       308       314
         2       236       237       242       309
         2       231       236       237       309
         2       231       236       303       309
         2       236       242       309       314
         2       236       308       309       314
         2       236       303       308       309
         2       237       243       244       316
         2       237       238       244       316
         2       237       238       310       316
         2       237       243       315       316
         2       237       309       315       316
         2       237       309       310       316
         2       238       244       245       317
         2       238       239       245       317
         2       238       239       311       317
         2       238       244       316       317
         2       238       310       316       317
         2       238       310       311       317
         2       239       245       246       318
         2       239       240       246       318
         2       239       240       312       318
         2       239       245       317       318
         2       239       311       317       318
         2       239       311       312       318
         2       240       246       247       319
         2       240       241       247       319
         2       240       241       313       319
         2       240       246       318       319
         2       240       312       318       319
         2       240       312       313       319
         2       241       247       248       320
         2       241       242       248       320
         2       241       242       314       320
         2       241       247       319       320
         2       241       313       319       320
         2       241       313       314       320
         2       242       243       248       315
         2       237       242       243       315
         2       237       242       309       315
         2       242       248       315       320
         2       242       314       315       320
         2       242       309       314       315
         2       243       249       250       322
         2       243       244       250       322
         2       243       244       316       322
         2       243       249       321       322
         2       243       315       321       322
         2       243       315       316       322
         2       244       250       251       323
         2       244       245       251       323
         2       244       245       317       323
         2       244       250       322       323
         2       244       316       322       323
         2       244       316       317       323
         2       245       251       252       324
         2       245       246       252       324
         2       245       246       318       324
         2       245       251       323       324
         2       245       317       323       324
         2       245       317       318       324
         2       246       252       253       325
         2       246       247       253       325
         2       246       247       319       325
         2       246       252       324       325
         2       246       318       324       325
         2       246       318       319       325
         2       247       253       254       326
         2       247       248       254       326
         2       247       248       320       326
         2       247       253       325       326
         2       247       319       325       326
         2       247       319       320       326
         2       248       249       254       321
         2       243       248       249       321
         2       243       248       315       321
         2       248       254       321       326
         2       248       320       321       326
         2       248       315       320       321
         2       183       184       249       256
         2       184       249       250       256
         2       249       250       256       322
         2       183       249       255       256
         2       249       255       256       321
         2       249       256       321       322
         2       184       185       250       257
         2       185       250       251       257
         2       250       251       257       323
         2       184       250       256       257
         2       250       256       257       322
         2       250       257       322       323
         2       185       186       251       258
         2       186       251       252       258
         2       251       252       258       324
         2       185       251       257       258
         2       251       257       258       323
         2       251       258       323       324
         2       186       187       252       259
         2       187       252       253       259
         2       252       253       259       325
         2       186       252       258       259
         2       252       258       259       324
         2       252       259       324       325
         2       187       188       253       260
         2       188       253       254       260
         2       253       254       260       326
         2       187       253       259       260
         2       253       259       260       325
         2       253       260       325       326
         2       183       188       254       255
         2       183       249       254       255
         2       249       254       255       321
         2       188       254       255       260
         2       254       255       260       326
         2       254       255       321       326
         2       255       261       262       334
         2       255       256       262       334
         2       255       256       328       334
         2       255       261       333       334
         2       255       327       333       334
         2       255       327       328       334
         2       256       262       263       335
         2       256       257       263       335
         2       256       257       329       335
         2       256       262       334       335
         2       256       328       334       335
         2       256       328       329       335
         2       257       263       264       336
         2       257       258       264       336
         2       257       258       330       336
         2       257       263       335       336
         2       257       329       335       336
         2       257       329       330       336
         2       258       264       265       337
         2       258       259       265       337
         2       258       259       331       337
         2       258       264       336       337
         2       258       330       336       337
         2       258       330       331       337
         2       259       265       266       338
         2       259       260       266       338
         2       259       260       332       338
         2       259       265       337       338
         2       259       331       337       338
         2       259       331       332       338
         2       260       261       266       333
         2       255       260       261       333
         2       255       260       327       333
         2       260       266       333       338
         2       260       332       333       338
         2       260       327       332       333
         2       261       267       268       340
         2       261       262       268       340
         2       261       262       334       340
         2       261       267       339       340
         2       261       333       339       340
         2       261       333       334       340
         2       262       268       269       341
         2       262       263       269       341
         2       262       263       335       341
         2       262       268       340       341
         2       262       334       340       341
         2       262       334       335       341
         2       263       269       270       342
         2       263       264       270       342
         2       263       264       336       342
         2       263       269       341       342
         2       263       335       341       342
         2       263       335       336       342
         2       264       270       271       343
         2       264       265       271       343
         2       264       265       337       343
         2       264       270       342       343
         2       264       336       342       343
         2       264       336       337       343
         2       265       271       272       344
         2       265       266       272       344
         2       265       266       338       344
         2       265       271       343       344
         2       265       337       343       344
         2       265       337       338       344
         2       266       267       272       339
         2       261       266       267       339
         2       261       266       333       339
         2       266       272       339       344
         2       266       338       339       344
         2       266       333       338       339
         2       267       273       274       346
         2       267       268       274       346
         2       267       268       340       346
         2       267       273       345       346
         2       267       339       345       346
         2       267       339       340       346
         2       268       274       275       347
         2       268       269       275       347
         2       268       269       341       347
         2       268       274       346       347
         2       268       340       346       347
         2       268       340       341       347
         2       269       275       276       348
         2       269       270       276       348
         2       269       270       342       348
         2       269       275       347       348
         2       269       341       347       348
         2       269       341       342       348
         2       270       276       277       349
         2       270       271       277       349
         2       270       271       343       349
         2       270       276       348       349
         2       270       342       348       349
         2       270       342       343       349
         2       271       277       278       350
         2       271       272       278       350
         2       271       272       344       350
         2       271       277       349       350
         2       271       343       349       350
         2       271       343       344       350
         2       272       273       278       345
         2       267       272       273       345
         2       267       272       339       345
         2       272       278       345       350
         2       272       344       345       350
         2       272       339       344       345
         2       273       279       280       352
         2       273       274       280       352
         2       273       274       346       352
         2       273       279       351       352
         2       273       345       351       352
         2       273       345       346       352
         2       274       280       281       353
         2       274       275       281       353
         2       274       275       347       353
         2       274       280       352       353
         2       274       346       352       353
         2       274       346       347       353
         2       275       281       282       354
         2       275       276       282       354
         2       275       276       348       354
         2       275       281       353       354
         2       275       347       353       354
         2       275       347       348       354
         2       276       282       283       355
         2       276       277       283       355
         2       276       277       349       355
         2       276       282       354       355
         2       276       348       354       355
         2       276       348       349       355
         2       277       283       284       356
         2       277       278       284       356
         2       277       278       350       356
         2       277       283       355       356
         2       277       349       355       356
         2       277       349       350       356
         2       278       279       284       351
         2       273       278       279       351
         2       273       278       345       351
         2       278       284       351       356
         2       278       350       351       356
         2       278       345       350       351
         2       279       285       286       358
         2       279       280       286       358
         2       279       280       352       358
         2       279       285       357       358
         2       279       351       357       358
         2       279       351       352       358
         2       280       286       287       359
         2       280       281       287       359
         2       280       281       353       359
         2       280       286       358       359
         2       280       352       358       359
         2       280       352       353       359
         2       281       287       288       360
         2       281       282       288       360
         2       281       282       354       360
         2       281       287       359       360
         2       281       353       359       360
         2       281       353       354       360
         2       282       288       289       361
         2       282       283       289       361
         2       282       283       355       361
         2       282       288       360       361
         2       282       354       360       361
         2       282       354       355       361
         2       283       289       290       362
         2       283       284       290       362
         2       283       284       356       362
         2       283       289       361       362
         2       283       355       361       362
         2       283       355       356       362
         2       284       285       290       357
         2       279       284       285       357
         2       279       284       351       357
         2       284       290       357       362
         2       284       356       357       362
         2       284       351       356       357
         2       285       291       292       364
         2       285       286       292       364
         2       285       286       358       364
         2       285       291       363       364
         2       285       357       363       364
         2       285       357       358       364
         2       286       292       293       365
         2       286       287       293       365
         2       286       287       359       365
         2       286       292       364       365
         2       286       358       364       365
         2       286       358       359       365
         2       287       293       294       366
         2       287       288       294       366
         2       287       288       360       366
         2       287       293       365       366
         2       287       359       365       366
         2       287       359       360       366
         2       288       294       295       367
         2       288       289       295       367
         2       288       289       361       367
         2       288       294       366       367
         2       288       360       366       367
         2       288       360       361       367
         2       289       295       296       368
         2       289       290       296       368
         2       289       290       362       368
         2       289       295       367       368
         2       289       361       367       368
         2       289       361       362       368
         2       290       291       296       363
         2       285       290       291       363
         2       285       290       357       363
         2       290       296       363       368
         2       290       362       363       368
         2       290       357       362       363
         2       291       297       298       370
         2       291       292       298       370
         2       291       292       364       370
         2       291       297       369       370
         2       291       363       369       370
         2       291       363       364       370
         2       292       298       299       371
         2       292       293       299       371
         2       292       293       365       371
         2       292       298       370       371
         2       292       364       370       371
         2       292       364       365       371
         2       293       299       300       372
         2       293       294       300       372
         2       293       294       366       372
         2       293       299       371       372
         2       293       365       371       372
         2       293       365       366       372
         2       294       300       301       373
         2       294       295       301       373
         2       294       295       367       373
         2       294       300       372       373
         2       294       366       372       373
         2       294       366       367       373
         2       295       301       302       374
         2       295       296       302       374
         2       295       296       368       374
         2       295       301       373       374
         2       295       367       373       374
         2       295       367       368       374
         2       296       297       302       369
         2       291       296       297       369
         2       291       296       363       369
         2       296       302       369       374
         2       296       368       369       374
         2       296       363       368       369
         2       297       303       304       376
         2       297       298       304       376
         2       297       298       370       376
         2       297       303       375       376
         2       297       369       375       376
         2       297       369       370       376
         2       298       304       305       377
         2       298       299       305       377
         2       298       299       371       377
         2       298       304       376       377
         2       298       370       376       377
         2       298       370       371       377
         2       299       305       306       378
         2       299       300       306       378
         2       299       300       372       378
         2       299       305       377       378
         2       299       371       377       378
         2       299       371       372       378
         2       300       306       307       379
         2       300       301       307       379
         2       300       301       373       379
         2       300       306       378       379
         2       300       372       378       379
         2       300       372       373       379
         2       301       307       308       380
         2       301       302       308       380
         2       301       302       374       380
         2       301       307       379       380
         2       301       373       379       380
         2       301       373       374       380
         2       302       303       308       375
         2       297       302       303       375
         2       297       302       369       375
         2       302       308       375       380
         2       302       374       375       380
         2       302       369       374       375
         2       303       309       310       382
         2       303       304       310       382
         2       303       304       376       382
         2       303       309       381       382
         2       303       375       381       382
         2       303       375       376       382
         2       304       310       311       383
         2       304       305       311       383
         2       304       305       377       383
         2       304       310       382       383
         2       304       376       382       383
         2       304       376       377       383
         2       305       311       312       384
         2       305       306       312       384
         2       305       306       378       384
         2       305       311       383       384
         2       305       377       383       384
         2       305       377       378       384
         2       306       312       313       385
         2       306       307       313       385
         2       306       307       379       385
         2       306       312       384       385
         2       306       378       384       385
         2       306       378       379       385
         2       307       313       314       386
         2       307       308       314       386
         2       307       308       380       386
         2       307       313       385       386
         2       307       379       385       386
         2       307       379       380       386
         2       308       309       314       381
         2       303       308       309       381
         2       303       308       375       381
         2       308       314       381       386
         2       308       380       381       386
         2       308       375       380       381
         2       309       315       316       388
         2       309       310       316       388
         2       309       310       382       388
         2       309       315       387       388
         2       309       381       387       388
         2       309       381       382       388
         2       310       316       317       389
         2       310       311       317       389
         2       310       311       383       389
         2       310       316       388       389
         2       310       382       388       389
         2       310       382       383       389
         2       311       317       318       390
         2       311       312       318       390
         2       311       312       384       390
         2       311       317       389       390
         2       311       383       389       390
         2       311       383       384       390
         2       312       318       319       391
         2       312       313       319       391
         2       312       313       385       391
         2       312       318       390       391
         2       312       384       390       391
         2       312       384       385       391
         2       313       319       320       392
         2       313       314       320       392
         2       313       314       386       392
         2       313       319       391       392
         2       313       385       391       392
         2       313       385       386       392
         2       314       315       320       387
         2       309       314       315       387
         2       309       314       381       387
         2       314       320       387       392
         2       314       386       387       392
         2       314       381       386       387
         2       315       321       322       394
         2       315       316       322       394
         2       315       316       388       394
         2       315       321       393       394
         2       315       387       393       394
         2       315       387       388       394
         2       316       322       323       395
         2       316       317       323       395
         2       316       317       389       395
         2       316       322       394       395
         2       316       388       394       395
         2       316       388       389       395
         2       317       323       324       396
         2       317       318       324       396
         2       317       318       390       396
         2       317       323       395       396
         2       317       389       395       396
         2       317       389       390       396
         2       318       324       325       397
         2       318       319       325       397
         2       318       319       391       397
         2       318       324       396       397
         2       318       390       396       397
         2       318       390       391       397
         2       319       325       326       398
         2       319       320       326       398
         2       319       320       392       398
         2       319       325       397       398
         2       319       391       397       398
         2       319       391       392       398
         2       320       321       326       393
         2       315       320       321       393
         2       315       320       387       393
         2       320       326       393       398
         2       320       392       393       398
         2       320       387       392       393
         2       255       256       321       328
         2       256       321       322       328
         2       321       322       328       394
         2       255       321       327       328
         2       321       327       328       393
         2       321       328       393       394
         2       256       257       322       329
         2       257       322       323       329
         2       322       323       329       395
         2       256       322       328       329
         2       322       328       329       394
         2       322       329       394       395
         2       257       258       323       330
         2       258       323       324       330
         2       323       324       330       396
         2       257       323       329       330
         2       323       329       330       395
         2       323       330       395       396
         2       258       259       324       331
         2       259       324       325       331
         2       324       325       331       397
         2       258       324       330       331
         2       324       330       331       396
         2       324       331       396       397
         2       259       260       325       332
         2       260       325       326       332
         2       325       326       332       398
         2       259       325       331       332
         2       325       331       332       397
         2       325       332       397       398
         2       255       260       326       327
         2       255       321       326       327
         2       321       326       327       393
         2       260       326       327       332
         2       326       327       332       398
         2       326       327       393       398
         2       327       333       334       398
         2       327       328       334       398
         2       327       328       332       398
         2       327       333       393       398
         2       327       327       393       398
         2       327       327       332       398
         2       328       334       335       397
         2       328       329       335       397
         2       328       329       331       397
         2       328       334       397       398
         2       328       332       397       398
         2       328       331       332       397
         2       329       335       336       396
         2       329       330       336       396
         2       329       330       330       396
         2       329       335       396       397
         2       329       331       396       397
         2       329       330       331       396
         2       330       336       337       395
         2       330       331       337       395
         2       329       330       331       395
         2       330       336       395       396
         2       330       330       395       396
         2       329       330       330       395
         2       331       337       338       394
         2       331       332       338       394
         2       328       331       332       394
         2       331       337       394       395
         2       329       331       394       395
         2       328       329       331       394
         2       332       333       338       393
         2       327       332       333       393
         2       327       327       332       393
         2       332       338       393       394
         2       328       332       393       394
         2       327       328       332       393
         2       333       339       340       392
         2       333       334       340       392
         2       333       334       392       398
         2       333       339       387       392
         2       333       387       392       393
         2       333       392       393       398
         2       334       340       341       391
         2       334       335       341       391
         2       334       335       391       397
         2       334       340       391       392
         2       334       391       392       398
         2       334       391       397       398
         2       335       341       342       390
         2       335       336       342       390
         2       335       336       390       396
         2       335       341       390       391
         2       335       390       391       397
         2       335       390       396       397
         2       336       342       343       389
         2       336       337       343       389
         2       336       337       389       395
         2       336       342       389       390
         2       336       389       390       396
         2       336       389       395       396
         2       337       343       344       388
         2       337       338       344       388
         2       337       338       388       394
         2       337       343       388       389
         2       337       388       389       395
         2       337       388       394       395
         2       338       339       344       387
         2       333       338       339       387
         2       333       338       387       393
         2       338       344       387       388
         2       338       387       388       394
         2       338       387       393       394
         2       339       345       346       386
         2       339       340       346       386
         2       339       340       386       392
         2       339       345       381       386
         2       339       381       386       387
         2       339       386       387       392
         2       340       346       347       385
         2       340       341       347       385
         2       340       341       385       391
         2       340       346       385       386
         2       340       385       386       392
         2       340       385       391       392
         2       341       347       348       384
         2       341       342       348       384
         2       341       342       384       390
         2       341       347       384       385
         2       341       384       385       391
         2       341       384       390       391
         2       342       348       349       383
         2       342       343       349       383
         2       342       343       383       389
         2       342       348       383       384
         2       342       383       384       390
         2       342       383       389       390
         2       343       349       350       382
         2       343       344       350       382
         2       343       344       382       388
         2       343       349       382       383
         2       343       382       383       389
         2       343       382       388       389
         2       344       345       350       381
         2       339       344       345       381
         2       339       344       381       387
         2       344       350       381       382
         2       344       381       382       388
         2       344       381       387       388
         2       345       351       352       380
         2       345       346       352       380
         2       345       346       380       386
         2       345       351       375       380
         2       345       375       380       381
         2       345       380       381       386
         2       346       352       353       379
         2       346       347       353       379
         2       346       347       379       385
         2       346       352       379       380
         2       346       379       380       386
         2       346       379       385       386
         2       347       353       354       378
         2       347       348       354       378
         2       347       348       378       384
         2       347       353       378       379
         2       347       378       379       385
         2       347       378       384       385
         2       348       354       355       377
         2       348       349       355       377
         2       348       349       377       383
         2       348       354       377       378
         2       348       377       378       384
         2       348       377       383       384
         2       349       355       356       376
         2       349       350       356       376
         2       349       350       376       382
         2       349       355       376       377
         2       349       376       377       383
         2       349       376       382       383
         2       350       351       356       375
         2       345       350       351       375
         2       345       350       375       381
         2       350       356       375       376
         2       350       375       376       382
         2       350       375       381       382
         2       351       357       358       374
         2       351       352       358       374
         2       351       352       374       380
         2       351       357       369       374
         2       351       369       374       375
         2       351       374       375       380
         2       352       358       359       373
         2       352       353       359       373
         2       352       353       373       379
         2       352       358       373       374
         2       352       373       374       380
         2       352       373       379       380
         2       353       359       360       372
         2       353       354       360       372
         2       353       354       372       378
         2       353       359       372       373
         2       353       372       373       379
         2       353       372       378       379
         2       354       360       361       371
         2       354       355       361       371
         2       354       355       371       377
         2       354       360       371       372
         2       354       371       372       378
         2       354       371       377       378
         2       355       361       362       370
         2       355       356       362       370
         2       355       356       370       376
         2       355       361       370       371
         2       355       370       371       377
         2       355       370       376       377
         2       356       357       362       369
         2       351       356       357       369
         2       351       356       369       375
         2       356       362       369       370
         2       356       369       370       376
         2       356       369       375       376
         2       357       363       364       368
         2       357       358       364       368
         2       357       358       368       374
         2       357       363       363       368
         2       357       363       368       369
         2       357       368       369       374
         2       358       364       365       367
         2       358       359       365       367
         2       358       359       367       373
         2       358       364       367       368
         2       358       367       368       374
         2       358       367       373       374
         2       359       365       366       366
         2       359       360       366       366
         2       359       360       366       372
         2       359       365       366       367
         2       359       366       367       373
         2       359       366       372       373
         2       360       365       366       367
         2       360       361       365       367
         2       360       361       365       371
         2       360       365       366       366
         2       360       365       366       372
         2       360       365       371       372
         2       361       364       367       368
         2       361       362       364       368
         2       361       362       364       370
         2       361       364       365       367
         2       361       364       365       371
         2       361       364       370       371
         2       362       363       363       368
         2       357       362       363       363
         2       357       362       363       369
         2       362       363       364       368
         2       362       363       364       370
         2       362       363       369       370
