StructureID|AtomID|DFT_Fx|DFT_Fy|DFT_Fz|NN_Fx|NN_Fy|NN_Fz
0|0|-0.254003|-0.506133|0.574366|-0.37886572|-0.22055744|0.38351047
0|1|-0.029814|-0.677192|-0.475112|-0.3932752|-0.42185682|-0.26825473
0|2|0.363896|0.308439|0.455025|0.014618529|-0.31094414|0.046736505
0|3|0.252205|0.404472|-0.604999|0.29434502|0.0079078935|-0.5826826
0|4|0.018081|0.463314|0.368705|0.27524307|0.2055998|0.15651819
0|5|-0.146118|-0.383998|-0.293183|0.030478302|0.19877844|-0.08214863
0|6|-0.059143|-0.146938|-0.023811|-0.31741995|-0.046276662|-0.17347743
0|7|-0.132361|-0.391436|0.35864|-0.31818408|-0.49255663|0.31999752
0|8|0.155647|0.118413|0.0471|0.2531675|0.55430126|0.16582246
0|9|-0.232177|0.356481|0.085826|0.45123407|-0.07912217|0.25647
0|10|0.189136|0.255722|-0.31456|0.40005678|0.22644807|-0.09840016
0|11|-0.052394|0.133779|-0.029548|-0.20205778|0.314285|-0.23384336
0|12|0.148611|0.371303|-0.019333|-0.016901843|0.14148244|0.23821574
0|13|-0.207179|-0.276236|-0.046602|-0.15111014|-0.2097211|-0.094040215
0|14|-0.01439|-0.029989|-0.082516|0.058671355|0.13223183|-0.03442377
0|0|1.290812|0.212214|-0.913736|0.21353322|0.49220458|-1.0822346
0|1|1.053763|-0.418658|-0.809953|0.30297357|-0.11627512|-0.49899083
0|2|-0.20825|0.712118|0.681314|-1.0746939|0.88753974|0.58003664
0|3|-0.562799|0.401344|0.744761|-0.59896827|1.3064716|-0.15671858
0|4|-1.462149|0.244006|-1.272057|-0.66425323|0.13483036|-1.2734458
0|5|-1.17351|-0.128098|-0.282416|0.2789865|-0.9286697|-0.6185584
0|6|-1.313617|-0.244377|1.414058|-0.46499562|-0.30192214|1.2868687
0|7|-1.563725|-0.652473|0.057398|-0.4186067|-0.6786634|0.52480656
0|8|0.392998|-0.654707|-0.579992|0.40449518|-0.7687386|-0.10431421
0|9|0.301157|-0.359182|-0.675697|-0.62126976|0.14166157|0.41068017
0|10|1.411626|0.492462|1.005429|0.9713882|0.08842632|0.5886843
0|11|1.867463|0.159962|0.571428|0.66700983|-0.25798413|-0.03520378
0|12|0.10173|0.803175|-0.105455|0.114231214|-0.08349615|0.36161587
0|13|0.927321|0.21811|0.157629|1.0136522|-0.4888336|0.56021315
0|14|0.081576|0.100911|-0.27067|0.69503343|0.3529158|0.18261746
0|15|0.176793|0.625885|-0.607886|0.24607664|-0.12974386|-0.032289654
0|16|-0.031174|1.019117|0.199409|0.015109152|0.13207977|0.10678366
0|17|-0.755037|0.365916|-0.39738|0.21057358|0.41837656|0.027361274
0|18|-0.129441|-0.713797|-0.443462|-0.9996898|-0.09170532|-0.7761703
0|19|-0.776361|-1.003446|0.658956|0.29115888|-0.1798265|0.11816271
0|20|0.053988|-0.799026|0.776837|0.0865526|-0.016728062|0.05566817
0|21|-0.121686|-0.62064|-0.013935|-0.39170742|0.13857925|-0.1403054
0|22|0.743466|-0.375379|0.007479|0.6598295|-0.7049588|0.21783222
0|23|0.48525|-1.115554|0.351155|0.16656077|-0.19922674|-0.4325046
0|24|-0.047852|1.810129|-0.7571|-1.3633676|0.30758798|-0.7023411
0|25|-0.119747|0.043419|0.053173|-0.10613489|-0.1402469|0.26122153
0|26|-0.076555|1.244632|-0.11805|-0.051691018|-0.118607804|-0.41435313
0|27|-1.081365|-0.444032|0.232529|0.24256334|-0.70180994|1.373451
0|28|-0.465974|-1.080821|0.614261|-0.13766974|-0.076553226|0.34047815
0|29|1.001297|0.156793|-0.278026|0.31332052|1.5833168|-0.7290515
0|0|0.002739|-0.003246|-0.00241|-0.55599296|0.2532874|0.18805486
0|1|-0.00185|-0.001201|0.004357|0.005047761|0.003275644|-0.6392298
0|2|-0.00185|0.003823|-0.00241|0.0050471276|-0.61095154|0.18805498
0|3|-0.002739|0.003246|0.00241|0.5560007|-0.25328556|-0.18805608
0|4|0.00185|0.001201|-0.004357|-0.005044494|-0.003275467|0.63923377
0|5|0.00185|-0.003823|0.00241|-0.005044788|0.61095434|-0.18805507
0|6|0.009017|-0.010125|-0.007517|0.063225776|-0.266852|-0.19812787
0|7|-0.005577|-0.003621|0.014004|-0.21801051|-0.14152552|0.21657233
0|8|-0.005577|0.012358|-0.007517|-0.21801119|0.16637053|-0.19812673
0|9|-0.009017|0.010125|0.007517|-0.0632294|0.2668472|0.19812605
0|10|0.005577|0.003621|-0.014004|0.21800463|0.14152214|-0.21657404
0|11|0.005577|-0.012358|0.007517|0.21800546|-0.16637151|0.19812548
0|12|-0.0|0.0|0.0|-3.9153674e-06|-2.2153836e-07|-4.46802e-07
0|13|0.002386|0.001549|0.00115|0.32663348|0.21204416|0.15743518
0|14|-0.002386|-0.001549|-0.00115|-0.32662764|-0.21203972|-0.15743257
0|0|0.70176|0.2513|0.109496|0.21038127|0.23535599|0.034091435
0|1|-0.504829|-0.36813|-0.530991|-0.5007646|0.17831872|-0.36743146
0|2|0.194504|0.221386|-0.123878|-0.41281033|0.015510366|-0.12674189
0|3|-0.396982|-0.176185|-0.221182|-0.14074144|-0.11323986|-0.07187813
0|4|0.441223|0.131194|0.468442|0.32244697|-0.3051244|0.19875628
0|5|-0.212695|-0.247266|0.109885|0.2628538|-0.07392393|0.027135411
0|6|-0.022158|-0.103992|0.578491|-0.28241134|0.1076069|0.2762335
0|7|0.103884|0.263714|0.279094|-0.28198248|-0.08705731|0.19584988
0|8|-0.095631|-0.093298|0.513538|-0.0050132256|0.44676408|0.3314224
0|9|-0.054915|0.134214|-0.548348|0.6407136|-0.15316562|-0.11170491
0|10|-0.074771|-0.279099|-0.250697|0.31134212|-0.3040439|-0.020245463
0|11|-0.031671|0.213359|-0.287347|0.3371362|0.4209735|0.17939736
0|12|-1.741595|-0.456504|1.0321|-0.69830257|-0.29242477|-0.15074557
0|13|1.580073|0.509423|-0.866283|0.3342026|-0.056807544|-0.29087555
0|14|0.113802|-0.000116|-0.26232|-0.09705064|-0.018742178|-0.10326343
0|0|0.69611|0.627805|-0.677662|1.3210609|-1.0847881|-0.7590346
0|1|0.543131|0.685995|-0.528664|0.7126556|-0.25843683|-0.945046
0|2|0.109249|0.738933|-0.695588|0.97546434|-0.44712493|-0.6060958
0|3|0.391947|0.597374|-0.765154|1.3304156|-0.811067|-0.12866592
0|4|0.243749|0.716076|-0.745943|1.739098|-0.88325775|-1.1076651
0|5|0.27476|0.713099|-0.510177|1.3397858|-0.39648372|-1.2495865
0|6|0.299841|0.662976|-0.665226|1.0316507|-0.52273965|-0.59943545
0|7|0.217116|0.758637|-0.733132|1.1646678|-0.08542294|-1.1755822
0|8|0.19907|0.836099|2.289463|-0.22314927|0.8449425|1.8425043
0|9|0.382722|1.077335|2.263708|-1.0032634|-0.24440753|0.807289
0|10|0.431472|1.047383|2.198475|-1.171176|-0.011716157|0.86841774
0|11|0.448393|0.994075|2.379811|-0.63318413|-0.5259304|0.8343172
0|12|0.562747|0.995026|2.262153|-0.73070526|-0.56421626|1.399874
0|13|0.572069|1.120881|2.340092|-0.88914084|1.0249636|0.9788338
0|14|0.543711|1.151944|2.405289|-1.4383099|0.29679474|0.8336241
0|15|0.344569|1.099846|2.316815|-1.0335898|0.7069447|0.93172956
0|16|-0.469216|-0.948341|-0.610511|-0.35007367|0.62544614|-1.294697
0|17|-1.316976|-0.783281|-0.852354|-0.847973|-0.10570553|-0.27861613
0|18|-1.335026|-1.061182|-1.079633|-0.09935204|-0.6891202|-0.23750672
0|19|-1.320063|-1.074053|-0.924878|-0.27423522|0.19519183|-1.2938805
0|20|-1.08121|-1.063597|-1.31432|-1.2372429|0.090773314|-0.3073736
0|21|-1.419215|-0.868511|-1.23336|-0.38917378|-0.33300668|-0.8841772
0|22|-1.253377|-1.127133|-1.125013|0.13411132|-0.21189156|-0.52550995
0|23|-1.305167|-0.925925|-1.150015|-0.47315022|-0.37937802|-1.0370814
0|24|-0.117022|-0.210271|0.806287|-0.027217276|0.53062963|0.015731893
0|25|-0.153808|-0.689102|0.419735|-0.987059|0.5704925|0.55727637
0|26|-0.445325|-0.594199|0.482745|-1.2467377|0.26166695|1.0496031
0|27|-0.288072|-0.680272|0.605827|-0.9150803|1.0134465|1.1763797
0|28|-0.401084|-0.698913|0.757143|-1.6939635|1.1418741|1.1786904
0|29|-0.242281|-0.764604|0.839391|-1.4255368|0.8119605|1.2881746
0|30|-0.358406|-0.677639|0.721625|-1.3814435|1.1544741|0.95329523
0|31|-0.213328|-0.679327|0.787472|-1.4729767|0.66853255|1.6846113
0|32|-1.572492|-1.669242|-1.773137|0.018740945|-0.06992572|-0.94750154
0|33|-0.44431|-1.091209|-2.405807|0.9054612|-0.18102084|-1.115335
0|34|-0.607312|-0.9491|-2.45064|0.7438964|-0.15813257|-0.8235309
0|35|-0.459639|-1.035725|-2.351939|0.6318258|-0.119626686|-1.5039952
0|36|-0.568428|-1.043856|-2.281884|0.8748838|0.3186074|-0.8305502
0|37|-0.348932|-1.294257|-2.316919|0.5971154|-0.5503013|-1.6792924
0|38|-0.436247|-1.055143|-2.279243|1.3676956|0.24387807|-0.66412866
0|39|-0.408282|-1.078363|-2.248483|0.7341531|0.02209118|-0.7075901
0|40|1.738867|0.386288|1.678966|0.13430752|0.013873674|0.48989064
0|41|1.361124|1.279755|0.747972|0.34647912|0.3099233|0.32611337
0|42|1.346547|0.905034|1.234796|0.49912995|0.6466564|0.65466547
0|43|1.310483|1.032032|1.072011|1.4140171|0.39415345|1.1089289
0|44|1.007257|1.151699|1.116699|-0.45239598|0.3502958|0.65040016
0|45|1.225116|1.114234|1.030899|0.17801706|0.119870536|0.599469
0|46|1.30369|0.945683|1.100433|0.9570646|0.36558026|1.0394027
0|47|1.375231|1.005746|1.20677|0.07766194|0.189791|1.2667363
0|48|-1.593752|1.874519|-0.878883|-0.40672112|-0.064864844|0.022287577
0|49|-1.573806|1.818494|-0.857702|0.027987279|0.53738374|-0.3127212
0|50|-1.377997|1.716881|-0.971554|-0.028611466|0.37009376|-0.40245357
0|51|-1.231897|1.547325|-0.546338|-0.81936365|0.06674433|-0.03991936
0|52|-1.62955|1.785944|-0.861807|-0.78018224|0.5020243|-0.06584316
0|53|-1.659511|1.537955|-0.888787|-0.6966914|0.020120785|-0.7339095
0|54|-1.373137|1.480892|-1.062126|-0.18576035|-0.12729253|0.2822474
0|55|-1.484318|1.643333|-0.843257|0.109986454|0.16427957|-0.14338389
0|56|0.314201|1.339752|-0.185623|0.38754672|0.1701087|-0.016380781
0|57|0.15588|1.27195|-0.024486|0.26254383|0.49615586|0.34803694
0|58|0.281546|1.198224|0.501276|-0.18497384|0.3116711|-0.10050432
0|59|0.021159|1.353748|0.057017|0.102443725|0.85794115|0.32487956
0|60|0.331296|1.425529|0.278849|-0.28578946|0.353843|-0.21605626
0|61|0.04565|1.048716|-0.212863|0.06912657|0.06990812|-0.092587665
0|62|-0.034534|0.867459|0.789367|0.6438523|0.9654348|-0.29789045
0|63|0.210915|1.277837|0.377798|0.25707|0.11304953|0.0110770175
0|64|-0.135035|-1.749884|-1.055943|-0.5518542|-0.5603807|-0.3325732
0|65|-0.108029|-1.902258|-1.206845|-0.8110342|-1.7536057|-1.1213664
0|66|-0.214564|-1.755057|-1.102913|-1.3917814|-1.3084437|-1.3765385
0|67|-0.160189|-1.333056|-1.127217|-1.4795675|-0.6168814|-1.1996946
0|68|-0.213316|-1.683035|-0.936378|-1.0665734|-0.81640166|-1.1254724
0|69|0.667724|-1.101622|-0.405626|-0.09482837|-1.435269|-0.4534149
0|70|-0.210317|-1.326638|-1.113256|-1.8527973|-1.2849115|-1.2697198
0|71|-0.084097|-1.21929|-1.08289|-1.1425984|-0.9429023|-0.86448324
0|72|1.484312|-1.572795|0.857011|0.31439015|-0.27829534|0.4197433
0|73|1.542996|-1.656864|1.44581|0.11085625|-0.12034477|0.60053426
0|74|1.278817|-1.807025|1.143845|0.76898277|-0.063221626|0.98266935
0|75|1.469674|-1.865005|1.105637|0.46339107|0.055438645|0.7525946
0|76|1.421974|-1.676486|0.774632|0.15976636|-0.00664448|0.6787889
0|77|1.547106|-1.563946|0.805107|0.9700998|-0.16676721|0.12496781
0|78|1.668534|-1.791398|0.906968|0.8776834|0.05014446|-0.078701586
0|79|1.547965|-1.728513|0.830045|0.3131731|0.083684444|0.3354359
0|80|-0.344578|-1.275005|-0.113928|-0.16708808|-0.5909591|-0.61140156
0|81|-0.21993|-1.197341|-0.364013|-0.37516075|-0.33846173|-0.18296945
0|82|-0.070062|-1.347647|-0.402894|0.10166301|-0.5091436|-0.38667095
0|83|-0.143832|-1.291616|0.124206|-0.32785285|-0.61780226|-0.13060439
0|84|-0.086217|-1.34356|-0.177252|-0.20994255|-0.87303615|0.40832275
0|85|-0.165764|-1.135067|0.116672|-0.3569419|-0.30478296|0.08727115
0|86|0.149353|-1.242374|-0.007295|-0.9910315|-1.1082152|-0.08088098
0|87|-0.234646|-1.265255|0.102783|0.054026544|-0.65037984|-0.13770938
0|88|0.025364|0.830683|1.196423|0.7192386|1.2172861|1.0012536
0|89|0.301184|1.721746|1.367661|0.66880083|1.3365943|1.1490057
0|90|-0.058862|1.274761|0.977402|0.83134633|0.75167334|0.9603622
0|91|0.239908|1.390682|1.064317|1.4908409|0.44564208|0.57971025
0|92|0.116464|1.716284|1.044332|1.4277444|1.3231338|0.9290066
0|93|-0.008869|1.628591|1.101601|0.8622308|1.2450314|0.15557125
0|94|0.089984|1.55989|1.10928|0.6370044|0.5954178|0.81819
0|95|0.211296|1.628103|1.100827|0.66978586|0.90741324|0.7202511
0|96|-1.203585|1.284599|-1.73192|-0.005841814|0.11361678|-0.87114614
0|97|0.298535|0.574606|-0.727134|0.802371|-0.68240213|0.14904389
0|98|0.163501|0.120526|-0.184418|-0.12638003|0.15203504|-0.34750408
0|99|0.092192|0.067978|0.003683|-0.37496942|-0.033324823|-0.5777036
0|100|-0.035297|-0.114611|0.014321|-0.23796251|-0.1323067|0.02237789
0|101|0.00211|0.087305|0.025525|0.081231646|-0.01479627|-0.29530513
0|102|-0.056436|-0.013621|0.047548|0.12422371|-0.18569943|0.15681593
0|103|-0.083484|-0.078169|0.065025|-0.23402092|-0.29242954|0.22033602
0|104|0.025027|0.041655|-0.057347|0.02252191|-0.12005067|-0.21373293
0|105|-0.043965|-0.430598|-1.667476|0.2004785|-0.26471332|-0.52246565
0|106|0.555201|0.140012|-2.356528|-0.6163547|-0.25452837|-0.8236279
0|107|0.866368|0.287438|-2.238713|0.014623459|0.73796296|-0.29717273
0|108|0.854931|0.3606|-2.131384|-0.118226364|-0.4914543|0.784464
0|109|0.863607|0.198431|-2.223388|-0.57850915|-0.47341025|0.42008474
0|110|0.938178|0.288184|-2.10823|-0.49118578|0.05809346|0.1876775
0|111|0.864002|0.307025|-2.27308|-0.9697068|-0.50184774|-0.026520506
0|112|0.849163|0.33016|-2.210847|-0.8001714|0.06423423|-0.49885908
0|113|-0.930811|-0.379832|2.314538|1.003365|0.68668264|-0.14597695
0|114|-0.868518|-0.187071|2.185385|0.62302446|-0.55712986|0.76136875
0|115|-0.753268|-0.279225|2.262324|0.98056966|-0.037106425|-0.20660698
0|116|-0.841745|-0.36426|2.183271|1.0256674|-0.6498992|0.28087083
0|117|-0.847496|-0.270948|2.160454|0.36197817|-0.5086482|-0.14583756
0|118|-0.838258|-0.253951|2.274748|0.7004417|0.6558672|0.14940925
0|119|-0.940202|-0.4055|2.279761|0.68516886|-0.019111454|0.087570295
0|0|1.290812|0.212214|-0.913736|0.21353325|0.49220464|-1.0822346
0|1|1.053763|-0.418658|-0.809953|0.30297357|-0.11627515|-0.4989909
0|2|-0.20825|0.712118|0.681314|-1.0746939|0.88753974|0.58003664
0|3|-0.562799|0.401344|0.744761|-0.59896827|1.3064717|-0.15671854
0|4|-1.462149|0.244006|-1.272057|-0.66425323|0.13483042|-1.2734458
0|5|-1.17351|-0.128098|-0.282416|0.27898648|-0.9286697|-0.6185584
0|6|-1.313617|-0.244377|1.414058|-0.46499562|-0.30192217|1.2868687
0|7|-1.563725|-0.652473|0.057398|-0.4186067|-0.6786634|0.5248066
0|8|0.392998|-0.654707|-0.579992|0.40449518|-0.7687387|-0.10431418
0|9|0.301157|-0.359182|-0.675697|-0.6212698|0.14166155|0.41068017
0|10|1.411626|0.492462|1.005429|0.9713883|0.08842635|0.5886843
0|11|1.867463|0.159962|0.571428|0.6670098|-0.2579841|-0.03520374
0|12|0.10173|0.803175|-0.105455|0.114231214|-0.08349612|0.36161584
0|13|0.927321|0.21811|0.157629|1.0136522|-0.4888336|0.5602131
0|14|0.081576|0.100911|-0.27067|0.6950334|0.35291582|0.18261743
0|15|0.176793|0.625885|-0.607886|0.24607664|-0.12974384|-0.032289706
0|16|-0.031174|1.019117|0.199409|0.015109181|0.13207978|0.10678366
0|17|-0.755037|0.365916|-0.39738|0.21057357|0.41837656|0.027361296
0|18|-0.129441|-0.713797|-0.443462|-0.9996898|-0.09170535|-0.7761705
0|19|-0.776361|-1.003446|0.658956|0.29115885|-0.17982656|0.11816272
0|20|0.053988|-0.799026|0.776837|0.08655258|-0.016728085|0.055668127
0|21|-0.121686|-0.62064|-0.013935|-0.39170745|0.13857922|-0.14030546
0|22|0.743466|-0.375379|0.007479|0.6598296|-0.7049589|0.21783224
0|23|0.48525|-1.115554|0.351155|0.16656077|-0.19922675|-0.4325046
0|24|-0.047852|1.810129|-0.7571|-1.3633676|0.30758792|-0.70234096
0|25|-0.119747|0.043419|0.053173|-0.1061349|-0.14024693|0.2612215
0|26|-0.076555|1.244632|-0.11805|-0.05169099|-0.11860782|-0.41435313
0|27|-1.081365|-0.444032|0.232529|0.24256334|-0.70181|1.373451
0|28|-0.465974|-1.080821|0.614261|-0.13766977|-0.076553255|0.34047818
0|29|1.001297|0.156793|-0.278026|0.31332052|1.5833167|-0.7290515
0|0|0.69611|0.627805|-0.677662|1.3210609|-1.0847881|-0.7590345
0|1|0.543131|0.685995|-0.528664|0.7126557|-0.2584369|-0.94504595
0|2|0.109249|0.738933|-0.695588|0.97546434|-0.44712484|-0.6060959
0|3|0.391947|0.597374|-0.765154|1.3304156|-0.81106704|-0.12866582
0|4|0.243749|0.716076|-0.745943|1.7390978|-0.8832576|-1.107665
0|5|0.27476|0.713099|-0.510177|1.3397858|-0.39648366|-1.2495863
0|6|0.299841|0.662976|-0.665226|1.0316508|-0.5227395|-0.59943545
0|7|0.217116|0.758637|-0.733132|1.1646677|-0.08542293|-1.1755823
0|8|0.19907|0.836099|2.289463|-0.22314923|0.84494245|1.8425043
0|9|0.382722|1.077335|2.263708|-1.0032634|-0.24440746|0.807289
0|10|0.431472|1.047383|2.198475|-1.171176|-0.011716239|0.868418
0|11|0.448393|0.994075|2.379811|-0.6331842|-0.5259304|0.8343173
0|12|0.562747|0.995026|2.262153|-0.7307054|-0.5642161|1.3998741
0|13|0.572069|1.120881|2.340092|-0.88914096|1.0249639|0.97883403
0|14|0.543711|1.151944|2.405289|-1.4383099|0.29679456|0.8336241
0|15|0.344569|1.099846|2.316815|-1.0335897|0.7069446|0.93172944
0|16|-0.469216|-0.948341|-0.610511|-0.3500738|0.6254462|-1.294697
0|17|-1.316976|-0.783281|-0.852354|-0.84797287|-0.105705515|-0.27861613
0|18|-1.335026|-1.061182|-1.079633|-0.09935212|-0.68912005|-0.2375066
0|19|-1.320063|-1.074053|-0.924878|-0.2742353|0.1951918|-1.2938802
0|20|-1.08121|-1.063597|-1.31432|-1.2372429|0.090773374|-0.30737355
0|21|-1.419215|-0.868511|-1.23336|-0.38917372|-0.33300674|-0.88417697
0|22|-1.253377|-1.127133|-1.125013|0.13411134|-0.21189162|-0.5255099
0|23|-1.305167|-0.925925|-1.150015|-0.47315025|-0.37937802|-1.0370814
0|24|-0.117022|-0.210271|0.806287|-0.027217388|0.5306295|0.015731804
0|25|-0.153808|-0.689102|0.419735|-0.9870591|0.5704924|0.55727637
0|26|-0.445325|-0.594199|0.482745|-1.246738|0.26166692|1.0496031
0|27|-0.288072|-0.680272|0.605827|-0.9150802|1.0134466|1.1763794
0|28|-0.401084|-0.698913|0.757143|-1.6939636|1.1418741|1.1786904
0|29|-0.242281|-0.764604|0.839391|-1.4255369|0.81196046|1.2881747
0|30|-0.358406|-0.677639|0.721625|-1.3814435|1.1544744|0.95329535
0|31|-0.213328|-0.679327|0.787472|-1.4729767|0.6685326|1.6846116
0|32|-1.572492|-1.669242|-1.773137|0.018741049|-0.06992569|-0.94750166
0|33|-0.44431|-1.091209|-2.405807|0.9054612|-0.18102075|-1.115335
0|34|-0.607312|-0.9491|-2.45064|0.74389637|-0.15813248|-0.8235309
0|35|-0.459639|-1.035725|-2.351939|0.63182575|-0.1196267|-1.5039952
0|36|-0.568428|-1.043856|-2.281884|0.8748839|0.3186074|-0.8305501
0|37|-0.348932|-1.294257|-2.316919|0.5971152|-0.5503013|-1.6792924
0|38|-0.436247|-1.055143|-2.279243|1.3676955|0.24387808|-0.6641288
0|39|-0.408282|-1.078363|-2.248483|0.7341531|0.02209124|-0.7075903
0|40|1.738867|0.386288|1.678966|0.13430747|0.01387351|0.48989052
0|41|1.361124|1.279755|0.747972|0.34647918|0.30992335|0.32611334
0|42|1.346547|0.905034|1.234796|0.49912986|0.6466564|0.65466547
0|43|1.310483|1.032032|1.072011|1.4140171|0.3941535|1.1089288
0|44|1.007257|1.151699|1.116699|-0.45239586|0.35029566|0.6504002
0|45|1.225116|1.114234|1.030899|0.17801708|0.119870506|0.5994691
0|46|1.30369|0.945683|1.100433|0.95706457|0.36558017|1.0394027
0|47|1.375231|1.005746|1.20677|0.077661924|0.18979104|1.266736
0|48|-1.593752|1.874519|-0.878883|-0.40672123|-0.06486489|0.022287592
0|49|-1.573806|1.818494|-0.857702|0.027987346|0.53738374|-0.31272116
0|50|-1.377997|1.716881|-0.971554|-0.028611273|0.37009373|-0.4024536
0|51|-1.231897|1.547325|-0.546338|-0.8193637|0.06674436|-0.039919347
0|52|-1.62955|1.785944|-0.861807|-0.78018236|0.50202435|-0.065843135
0|53|-1.659511|1.537955|-0.888787|-0.69669133|0.020120777|-0.7339096
0|54|-1.373137|1.480892|-1.062126|-0.18576045|-0.12729259|0.28224745
0|55|-1.484318|1.643333|-0.843257|0.10998644|0.16427958|-0.14338385
0|56|0.314201|1.339752|-0.185623|0.3875467|0.17010872|-0.016380569
0|57|0.15588|1.27195|-0.024486|0.2625438|0.49615586|0.348037
0|58|0.281546|1.198224|0.501276|-0.1849737|0.3116711|-0.100504234
0|59|0.021159|1.353748|0.057017|0.10244374|0.85794115|0.32487956
0|60|0.331296|1.425529|0.278849|-0.28578934|0.35384285|-0.21605635
0|61|0.04565|1.048716|-0.212863|0.06912656|0.06990811|-0.09258767
0|62|-0.034534|0.867459|0.789367|0.64385223|0.9654349|-0.29789042
0|63|0.210915|1.277837|0.377798|0.25707006|0.113049455|0.011076971
0|64|-0.135035|-1.749884|-1.055943|-0.55185425|-0.56038076|-0.3325733
0|65|-0.108029|-1.902258|-1.206845|-0.8110341|-1.7536056|-1.1213664
0|66|-0.214564|-1.755057|-1.102913|-1.3917816|-1.3084437|-1.3765388
0|67|-0.160189|-1.333056|-1.127217|-1.4795674|-0.61688143|-1.1996944
0|68|-0.213316|-1.683035|-0.936378|-1.0665731|-0.8164014|-1.1254723
0|69|0.667724|-1.101622|-0.405626|-0.09482838|-1.4352689|-0.45341492
0|70|-0.210317|-1.326638|-1.113256|-1.8527973|-1.2849114|-1.2697198
0|71|-0.084097|-1.21929|-1.08289|-1.1425985|-0.9429023|-0.8644832
0|72|1.484312|-1.572795|0.857011|0.31439|-0.2782953|0.41974312
0|73|1.542996|-1.656864|1.44581|0.11085622|-0.12034473|0.6005344
0|74|1.278817|-1.807025|1.143845|0.7689827|-0.063221686|0.98266923
0|75|1.469674|-1.865005|1.105637|0.46339116|0.05543863|0.7525946
0|76|1.421974|-1.676486|0.774632|0.15976632|-0.0066443905|0.6787888
0|77|1.547106|-1.563946|0.805107|0.9700998|-0.16676739|0.12496771
0|78|1.668534|-1.791398|0.906968|0.8776834|0.05014446|-0.07870138
0|79|1.547965|-1.728513|0.830045|0.3131731|0.083684504|0.3354359
0|80|-0.344578|-1.275005|-0.113928|-0.16708814|-0.59095895|-0.61140156
0|81|-0.21993|-1.197341|-0.364013|-0.37516078|-0.33846164|-0.18296953
0|82|-0.070062|-1.347647|-0.402894|0.10166298|-0.5091436|-0.38667107
0|83|-0.143832|-1.291616|0.124206|-0.3278528|-0.6178022|-0.13060445
0|84|-0.086217|-1.34356|-0.177252|-0.2099424|-0.87303627|0.40832308
0|85|-0.165764|-1.135067|0.116672|-0.35694185|-0.30478308|0.087271005
0|86|0.149353|-1.242374|-0.007295|-0.9910315|-1.1082151|-0.08088091
0|87|-0.234646|-1.265255|0.102783|0.054026656|-0.6503799|-0.13770936
0|88|0.025364|0.830683|1.196423|0.7192385|1.2172861|1.0012538
0|89|0.301184|1.721746|1.367661|0.66880083|1.3365945|1.1490057
0|90|-0.058862|1.274761|0.977402|0.8313463|0.7516733|0.96036226
0|91|0.239908|1.390682|1.064317|1.4908409|0.445642|0.5797101
0|92|0.116464|1.716284|1.044332|1.4277444|1.3231337|0.92900646
0|93|-0.008869|1.628591|1.101601|0.86223054|1.2450314|0.15557125
0|94|0.089984|1.55989|1.10928|0.6370044|0.59541786|0.81819
0|95|0.211296|1.628103|1.100827|0.6697861|0.9074132|0.72025096
0|96|-1.203585|1.284599|-1.73192|-0.0058417767|0.11361678|-0.87114644
0|97|0.298535|0.574606|-0.727134|0.802371|-0.6824019|0.149044
0|98|0.163501|0.120526|-0.184418|-0.12638004|0.15203498|-0.34750414
0|99|0.092192|0.067978|0.003683|-0.37496927|-0.033324823|-0.5777035
0|100|-0.035297|-0.114611|0.014321|-0.23796248|-0.13230664|0.022377878
0|101|0.00211|0.087305|0.025525|0.08123168|-0.014796263|-0.29530513
0|102|-0.056436|-0.013621|0.047548|0.12422371|-0.18569928|0.15681598
0|103|-0.083484|-0.078169|0.065025|-0.23402092|-0.29242948|0.22033598
0|104|0.025027|0.041655|-0.057347|0.022521973|-0.1200507|-0.2137329
0|105|-0.043965|-0.430598|-1.667476|0.2004785|-0.26471335|-0.5224658
0|106|0.555201|0.140012|-2.356528|-0.6163546|-0.25452825|-0.8236278
0|107|0.866368|0.287438|-2.238713|0.014623508|0.7379629|-0.29717252
0|108|0.854931|0.3606|-2.131384|-0.118226424|-0.4914546|0.7844641
0|109|0.863607|0.198431|-2.223388|-0.5785092|-0.4734102|0.42008469
0|110|0.938178|0.288184|-2.10823|-0.49118578|0.05809328|0.18767752
0|111|0.864002|0.307025|-2.27308|-0.9697068|-0.5018478|-0.02652049
0|112|0.849163|0.33016|-2.210847|-0.8001714|0.06423432|-0.49885908
0|113|-0.930811|-0.379832|2.314538|1.003365|0.6866826|-0.14597687
0|114|-0.868518|-0.187071|2.185385|0.6230244|-0.55712974|0.76136875
0|115|-0.753268|-0.279225|2.262324|0.98056966|-0.037106484|-0.20660701
0|116|-0.841745|-0.36426|2.183271|1.0256674|-0.64989924|0.2808709
0|117|-0.847496|-0.270948|2.160454|0.36197814|-0.5086482|-0.14583765
0|118|-0.838258|-0.253951|2.274748|0.70044166|0.6558672|0.14940928
0|119|-0.940202|-0.4055|2.279761|0.6851688|-0.019111395|0.087570265
0|0|-0.518872|-0.345069|-0.292923|0.3003182|-1.3639796|-0.74569625
0|1|-0.900798|-0.079908|0.072192|1.015718|-1.6079376|-1.353063
0|2|-0.520011|-0.28235|-0.28686|0.35789645|-1.359512|-0.7592926
0|3|-0.848701|-0.141555|0.044645|0.9051179|-1.5842407|-1.3250232
0|4|-0.518542|-0.333118|-0.28967|0.40519702|-1.0887975|-0.70411164
0|5|-0.882094|-0.120783|0.057201|0.95459414|-1.5830956|-1.4064566
0|6|-0.906353|-0.00263|-0.006137|0.56933147|-1.7324826|-1.088486
0|7|-0.857404|-0.149051|0.010486|0.963919|-1.538856|-1.368417
0|8|-0.018728|-0.040552|0.568376|-0.34236532|-0.41485807|0.80174047
0|9|0.080085|-0.07882|0.055382|-0.83120954|-1.0536064|1.2075622
0|10|-0.035824|-0.069396|0.620173|-0.3948225|-0.501966|0.71289897
0|11|0.067259|-0.134784|0.051882|-0.89215505|-1.0649312|1.1526078
0|12|-0.020094|-0.06251|0.566024|-0.38360327|-0.8940375|0.58811307
0|13|0.057895|-0.143524|0.082608|-0.8677593|-1.002277|1.2076455
0|14|0.113094|0.004343|0.033809|-0.62598765|-0.5423938|1.6745422
0|15|0.074236|-0.081687|0.074928|-0.91389155|-1.0606899|0.98294634
0|16|0.439525|1.611227|-0.303839|0.56033427|1.1934001|-0.7480266
0|17|0.500536|1.22859|-0.09293|0.688364|1.5528233|-0.87488055
0|18|0.421761|1.646108|-0.262566|0.77058816|1.1783249|-0.6556524
0|19|0.487882|1.228702|-0.099129|0.83621407|1.3740184|-0.59995174
0|20|0.460034|1.640628|-0.247689|0.8138429|1.1726248|-0.7042873
0|21|0.478717|1.207892|-0.099975|0.6675946|1.3535101|-0.6491715
0|22|0.432546|1.205785|-0.166818|0.3834489|1.1252885|-0.9164808
0|23|0.501545|1.187198|-0.133825|0.7479639|1.3285108|-0.92229474
0|24|0.518872|0.345069|0.292923|-0.3003129|1.363978|0.74569774
0|25|0.900798|0.079908|-0.072192|-1.0157155|1.6079385|1.3530658
0|26|0.520011|0.28235|0.28686|-0.3578952|1.3595083|0.759287
0|27|0.848701|0.141555|-0.044645|-0.9051241|1.5842378|1.3250258
0|28|0.518542|0.333118|0.28967|-0.40519735|1.0887907|0.7041104
0|29|0.882094|0.120783|-0.057201|-0.954586|1.583097|1.4064586
0|30|0.906353|0.00263|0.006137|-0.56932646|1.7324755|1.0884796
0|31|0.857404|0.149051|-0.010486|-0.9639213|1.5388505|1.3684242
0|32|0.018728|0.040552|-0.568376|0.34236124|0.4148591|-0.80173934
0|33|-0.080085|0.07882|-0.055382|0.83121014|1.0536078|-1.2075703
0|34|0.035824|0.069396|-0.620173|0.39482108|0.5019649|-0.71289384
0|35|-0.067259|0.134784|-0.051882|0.8921598|1.064934|-1.1526074
0|36|0.020094|0.06251|-0.566024|0.3836016|0.8940371|-0.5881051
0|37|-0.057895|0.143524|-0.082608|0.86776054|1.0022782|-1.2076409
0|38|-0.113094|-0.004343|-0.033809|0.6259895|0.5423918|-1.6745384
0|39|-0.074236|0.081687|-0.074928|0.9138906|1.060685|-0.9829421
0|40|-0.439525|-1.611227|0.303839|-0.5603317|-1.1933963|0.7480345
0|41|-0.500536|-1.22859|0.09293|-0.6883586|-1.5528238|0.874884
0|42|-0.421761|-1.646108|0.262566|-0.7705944|-1.1783196|0.65565383
0|43|-0.487882|-1.228702|0.099129|-0.8362063|-1.3740143|0.5999507
0|44|-0.460034|-1.640628|0.247689|-0.8138417|-1.1726199|0.7042897
0|45|-0.478717|-1.207892|0.099975|-0.6675963|-1.353513|0.6491735
0|46|-0.432546|-1.205785|0.166818|-0.38344693|-1.1252823|0.9164846
0|47|-0.501545|-1.187198|0.133825|-0.747967|-1.3285067|0.9222927
0|48|-1.417264|-0.073892|0.960942|-0.67849416|0.41574842|0.38459453
0|49|-1.222479|-0.02721|0.944768|-0.6710421|0.84379494|0.5850285
0|50|-1.347781|-0.120483|0.894823|-0.70110035|0.5190573|0.29436827
0|51|-1.285807|0.044077|0.971013|-0.5948304|0.74040776|0.70203674
0|52|-1.375079|-0.022313|0.908772|-0.6793348|0.4259903|0.20564672
0|53|-1.322963|0.009022|0.964637|-0.8694062|0.53544426|0.18760854
0|54|-1.348935|-0.079322|0.925862|-0.6955197|0.33797532|0.18674326
0|55|-1.318438|0.020874|0.972858|-0.70194316|1.0690157|0.5687281
0|56|0.653524|-1.112122|-1.271248|0.35718736|-0.16873103|-1.1795979
0|57|0.632569|-0.95743|-1.311724|0.4538588|0.027026594|-1.4334598
0|58|0.654966|-1.120269|-1.2239|0.25266922|-0.2727651|-1.3010612
0|59|0.668338|-0.948793|-1.309036|0.5249481|0.029620096|-1.5049112
0|60|0.715335|-1.012055|-1.159841|0.10401363|-0.2742711|-1.1339421
0|61|0.680418|-0.953586|-1.35429|0.506843|-0.010216363|-1.6872995
0|62|0.670078|-1.098258|-1.186869|0.24517414|-0.3825846|-1.1333517
0|63|0.624257|-0.943235|-1.305036|0.25441262|0.059929203|-1.4161752
0|64|0.605157|-0.306439|-0.15773|0.18990913|-0.07024588|0.2205542
0|65|0.589957|-0.30765|-0.321438|0.4479681|-0.46240702|0.1471308
0|66|0.637648|-0.343227|-0.203391|0.24229372|-0.2833795|0.041305944
0|67|0.584701|-0.400552|-0.305634|0.4089719|-0.3705791|0.16969617
0|68|0.595133|-0.324178|-0.161756|0.27625978|-0.40040085|0.3411739
0|69|0.648275|-0.286176|-0.317404|0.4867496|-0.40914607|0.050616555
0|70|0.554926|-0.334749|-0.20102|0.20165001|-0.14129327|0.1974442
0|71|0.607862|-0.271512|-0.215027|0.41496885|-0.23936331|0.3090243
0|72|1.417264|0.073892|-0.960942|0.6784967|-0.4157501|-0.3845923
0|73|1.222479|0.02721|-0.944768|0.67103404|-0.84378666|-0.58502734
0|74|1.347781|0.120483|-0.894823|0.7010989|-0.5190599|-0.29436764
0|75|1.285807|-0.044077|-0.971013|0.5948477|-0.74041265|-0.7020362
0|76|1.375079|0.022313|-0.908772|0.6793115|-0.42598963|-0.20565385
0|77|1.322963|-0.009022|-0.964637|0.86939657|-0.53544044|-0.18760622
0|78|1.348935|0.079322|-0.925862|0.69552064|-0.33798134|-0.18674602
0|79|1.318438|-0.020874|-0.972858|0.7019318|-1.0690095|-0.5687312
0|80|-0.653524|1.112122|1.271248|-0.35719085|0.16873132|1.1795921
0|81|-0.632569|0.95743|1.311724|-0.4538716|-0.027015053|1.4334564
0|82|-0.654966|1.120269|1.2239|-0.25267577|0.27275994|1.3010556
0|83|-0.668338|0.948793|1.309036|-0.52494645|-0.029622387|1.504905
0|84|-0.715335|1.012055|1.159841|-0.10400798|0.27427256|1.1339359
0|85|-0.680418|0.953586|1.35429|-0.5068539|0.010212414|1.6872945
0|86|-0.670078|1.098258|1.186869|-0.2451651|0.3825826|1.1333578
0|87|-0.624257|0.943235|1.305036|-0.25440806|-0.05992312|1.4161677
0|88|-0.605157|0.306439|0.15773|-0.18990608|0.07025092|-0.22055411
0|89|-0.589957|0.30765|0.321438|-0.44797558|0.4624076|-0.14712657
0|90|-0.637648|0.343227|0.203391|-0.242289|0.28337836|-0.041303962
0|91|-0.584701|0.400552|0.305634|-0.4089694|0.37057972|-0.16969696
0|92|-0.595133|0.324178|0.161756|-0.27625734|0.40039724|-0.34117764
0|93|-0.648275|0.286176|0.317404|-0.48674744|0.40914083|-0.050610945
0|94|-0.554926|0.334749|0.20102|-0.20165218|0.14128794|-0.19744797
0|95|-0.607862|0.271512|0.215027|-0.41495538|0.23936144|-0.30900604
0|96|0.0|0.0|0.0|-9.485986e-06|-2.2733584e-06|-4.3142354e-06
0|97|0.0|0.0|0.0|-2.9546209e-06|7.8231096e-07|-3.9199367e-06
0|98|0.0|0.0|0.0|1.3664248e-06|1.8620922e-06|-9.339565e-06
0|99|0.0|0.0|0.0|9.308569e-07|4.7544017e-07|4.200847e-07
0|100|0.0|0.0|0.0|-7.273178e-06|-3.46679e-06|-3.1554373e-06
0|101|0.912379|-1.578453|0.365712|-0.4408231|-0.12951031|0.3349918
0|102|0.888252|-1.698371|0.260796|-0.14858885|-0.28328633|0.22853908
0|103|0.943258|-1.599882|0.308628|-0.20990494|-0.1485138|0.17983997
0|104|0.882743|-1.71856|0.285778|-0.21816283|-0.27498963|0.25031188
0|105|0.911471|-1.517333|0.347036|-0.4931245|0.05325588|0.24560893
0|106|0.876984|-1.767976|0.248832|-0.17019103|-0.37288344|0.20233718
0|107|0.819036|-1.850082|0.322158|-0.47260824|-0.22700676|0.35305667
0|108|0.855272|-1.719822|0.316864|-0.20467624|-0.33980888|0.22926924
0|109|-0.912379|1.578453|-0.365712|0.440827|0.12950635|-0.3349892
0|110|-0.888252|1.698371|-0.260796|0.14858805|0.28329557|-0.22853525
0|111|-0.943258|1.599882|-0.308628|0.20990202|0.14851251|-0.17984237
0|112|-0.882743|1.71856|-0.285778|0.21816015|0.27498546|-0.25031322
0|113|-0.911471|1.517333|-0.347036|0.4931265|-0.05325547|-0.24561337
0|114|-0.876984|1.767976|-0.248832|0.17019612|0.37288702|-0.20234448
0|115|-0.819036|1.850082|-0.322158|0.47261518|0.22700861|-0.3530584
0|116|-0.855272|1.719822|-0.316864|0.20468402|0.33980745|-0.22926423
0|117|0.0|0.0|0.0|-2.9390212e-06|5.5049895e-07|2.4611072e-06
0|118|0.0|0.0|0.0|-2.1178275e-06|3.224006e-06|-7.937924e-07
0|119|0.0|0.0|0.0|8.353498e-06|-2.3355242e-06|-2.3448956e-07
0|0|0.002787|0.001809|0.007904|0.08354643|0.05423432|-0.67157865
0|1|0.000995|0.003532|-0.001403|-0.028099466|-0.5802071|0.091011755
0|2|0.004257|-0.009516|-0.006995|0.51688796|-0.1311513|-0.107605025
0|3|0.003631|-0.000529|-0.001403|-0.54140365|0.21049765|0.09101009
0|4|-0.006959|0.007762|-0.006995|0.09059517|0.5255157|-0.107606135
0|5|0.005424|0.004724|0.00298|-0.16162263|-0.23957148|0.017703626
0|6|-0.01248|-0.008101|-0.006188|-0.14943032|-0.09700256|0.53123
0|7|0.006523|0.003032|0.00298|-0.28460622|-0.050109096|0.017704617
0|8|0.005703|0.005085|0.00157|-0.12805897|0.17794012|0.12857106
0|9|-0.001228|-0.000797|-0.003831|0.08741066|0.05674402|-0.19854856
0|10|0.006966|0.003139|0.00157|0.110407054|-0.18940121|0.12857231
0|11|-0.013784|-0.008948|0.009712|0.10120421|0.06570074|-0.076036066
0|12|-0.000187|-0.000121|0.006872|0.036156684|0.023469508|-0.25986245
0|13|0.014655|0.009514|-0.002307|0.14129275|0.09172434|0.4499829
0|14|-0.016305|-0.010585|-0.004465|0.12572005|0.08161671|-0.034549505
0|0|0.000399|-0.000156|0.001634|-0.29335177|-0.1779131|-0.21112052
0|1|0.003891|0.002526|-0.006012|-0.50283474|-0.32642576|0.10565604
0|2|2e-05|0.000428|0.001634|-0.28191304|-0.1955359|-0.21112041
0|3|-9.2e-05|0.002222|0.002266|0.23155752|0.436022|0.27045313
0|4|-0.001688|-0.001096|0.003086|0.22089238|0.14339907|-0.048106745
0|5|0.001992|-0.000989|0.002266|0.49252087|0.034028087|0.2704516
0|6|0.000712|0.004958|-0.000657|-0.17172582|-0.23298848|-0.076488785
0|7|0.004818|-0.001368|-0.000657|-0.28271413|-0.06202504|-0.0764884
0|8|-0.000377|-0.002268|0.000458|-0.013801482|0.39731717|0.33883762
0|9|-0.001098|-0.000713|0.000603|0.35474628|0.23029223|-0.8280828
0|10|-0.002225|0.000579|0.000458|0.3572972|-0.17432535|0.33883786
0|11|0.002065|0.00134|0.002197|-0.15643632|-0.1015549|0.12269214
0|12|0.000129|8.4e-05|0.001686|0.0421914|0.027391532|0.3614472
0|13|-0.010452|-0.006785|-0.005672|-0.07541278|-0.048956547|-0.023875816
0|14|0.001907|0.001238|-0.003291|0.07898463|0.051275015|-0.333092
0|0|0.002739|-0.003246|-0.00241|-0.37015843|0.32271278|0.35276127
0|1|-0.00185|-0.001201|0.004357|-0.031662725|-0.082444824|-0.72264373
0|2|-0.00185|0.003823|-0.00241|0.25203526|-0.47926795|0.32562906
0|3|-0.002739|0.003246|0.00241|0.6123598|-0.26443195|-0.015842825
0|4|0.00185|0.001201|-0.004357|-0.35517758|-0.12620395|0.41721117
0|5|0.00185|-0.003823|0.00241|0.055031482|0.7459274|-0.18849413
0|6|0.009017|-0.010125|-0.007517|-0.10941456|-0.39730176|-0.15096578
0|7|-0.005577|-0.003621|0.014004|-0.15692647|-0.2620423|-0.059254315
0|8|-0.005577|0.012358|-0.007517|-0.3925761|0.13276598|-0.14164649
0|9|-0.009017|0.010125|0.007517|-0.04655891|0.038492493|0.45135522
0|10|0.005577|0.003621|-0.014004|0.29268268|-0.00051698834|-0.13633269
0|11|0.005577|-0.012358|0.007517|0.048350275|-0.053011257|0.2969105
0|12|-0.0|0.0|0.0|0.21833423|0.28663832|-0.010009829
0|13|0.002386|0.001549|0.00115|-0.29262024|0.27379972|0.5403123
0|14|-0.002386|-0.001549|-0.00115|0.27630115|-0.13511533|-0.95898986
0|0|1.865242|-1.150921|-0.281192|0.83182836|-0.6139436|0.0077931434
0|1|1.976157|-1.408041|0.399755|1.1230378|-0.61759|0.39452237
0|2|-1.879461|-1.655354|-0.013088|-0.94162047|-0.6360007|-0.4677896
0|3|-1.517572|-1.839578|-0.228598|-0.8845826|-0.81167245|-0.53976244
0|4|0.085137|2.068255|0.024446|-0.028617699|0.66574097|0.6608025
0|5|0.189109|2.20441|0.094183|-0.24020047|0.6272551|0.4927795
0|6|-1.924521|1.114553|-0.367071|-0.82844406|0.45946264|-0.24473098
0|7|-1.973833|1.366811|-0.369708|-1.0915843|0.54224503|-0.45039216
0|8|1.898271|1.563589|-0.270535|0.8353536|0.7361907|0.07278685
0|9|2.105142|1.794775|-0.034723|0.92837334|0.6576972|0.5388861
0|10|-0.344797|-2.235607|0.020085|0.15911387|-0.64202523|-0.3887403
0|11|-0.611631|-0.068576|1.39696|-0.15314204|0.02394855|0.50753695
0|12|-0.459242|-0.116098|1.452227|-0.17073742|-0.1646393|0.56013256
0|13|-0.008196|0.118095|1.144562|-0.12564905|-0.32538444|1.0365416
0|14|0.03165|0.395628|1.177573|-0.18588392|-0.30013722|0.9132128
0|15|0.126524|-0.188547|1.319731|0.24409047|0.14724189|0.51367044
0|16|-0.092599|-0.362757|1.420331|-0.054404236|0.20667821|0.51375586
0|17|0.026398|-0.553248|-0.65822|0.07160085|0.21861255|-0.5351175
0|18|0.49512|0.165069|-1.484283|0.09664333|0.18607804|-0.6762395
0|19|0.122292|0.303798|-0.985691|0.002057001|0.39179927|-1.2356824
0|20|-0.155365|-0.141645|-1.171191|0.0077314368|0.3936242|-1.0739504
0|21|0.037768|0.441478|-1.30849|-0.19464466|-0.070539445|-0.6632803
0|22|-0.137206|0.175218|-1.442336|-0.029145394|-0.24419953|-0.5454179
0|23|0.455916|-1.427226|0.664595|0.44137615|-0.16543941|0.20241082
0|24|-2.152943|-0.57929|0.66925|-0.7341143|-0.13339493|0.11437829
0|25|-1.872132|-0.613619|0.726307|-0.45769078|-0.22917104|0.017568126
0|26|1.681391|-0.33746|-1.182816|0.8161895|-0.044043258|0.009889305
0|27|1.970988|0.794852|-0.844377|0.3484178|0.28873|0.044755623
0|28|0.24216|0.67019|0.12754|0.0938831|-0.48313862|0.2824719
0|29|-0.179766|-0.498751|0.004773|0.12076478|-0.063985236|-0.06279066
0|0|1.290812|0.212214|-0.913736|0.7192266|0.5551672|-1.1358702
0|1|1.053763|-0.418658|-0.809953|0.34114295|-0.20552129|-0.47077888
0|2|-0.20825|0.712118|0.681314|-0.7064483|0.98246825|0.28806585
0|3|-0.562799|0.401344|0.744761|0.20346911|1.1724919|-0.09693976
0|4|-1.462149|0.244006|-1.272057|-0.7005478|0.030601364|-1.1048629
0|5|-1.17351|-0.128098|-0.282416|0.1257234|-0.67201984|-0.50725484
0|6|-1.313617|-0.244377|1.414058|-0.51846784|-0.34119883|1.2472236
0|7|-1.563725|-0.652473|0.057398|-0.10185892|-0.7748145|0.3989384
0|8|0.392998|-0.654707|-0.579992|0.81669366|-0.77883995|-0.3182788
0|9|0.301157|-0.359182|-0.675697|-0.07980622|-0.075180404|0.34749085
0|10|1.411626|0.492462|1.005429|0.9807707|-0.24423844|0.8170258
0|11|1.867463|0.159962|0.571428|0.15668093|0.245493|0.25894168
0|12|0.10173|0.803175|-0.105455|0.54817003|0.09026936|0.544888
0|13|0.927321|0.21811|0.157629|0.77839047|-0.3142417|0.36220253
0|14|0.081576|0.100911|-0.27067|0.68910795|0.43201184|0.292145
0|15|0.176793|0.625885|-0.607886|-0.27497783|0.03624083|-0.29881322
0|16|-0.031174|1.019117|0.199409|-0.6876881|0.45987642|0.36221164
0|17|-0.755037|0.365916|-0.39738|0.031323627|0.28878748|0.005381033
0|18|-0.129441|-0.713797|-0.443462|-0.834453|-0.2112056|-0.82744
0|19|-0.776361|-1.003446|0.658956|-0.6899352|-0.020693135|-0.06293451
0|20|0.053988|-0.799026|0.776837|-0.42933112|-0.05694527|0.06753737
0|21|-0.121686|-0.62064|-0.013935|-0.1841234|0.078895606|-0.09273268
0|22|0.743466|-0.375379|0.007479|0.7348783|-0.8219462|0.32884425
0|23|0.48525|-1.115554|0.351155|0.0702377|-0.107319675|0.20742042
0|24|-0.047852|1.810129|-0.7571|-1.3539351|0.098007776|-0.73094857
0|25|-0.119747|0.043419|0.053173|-0.01094736|0.26213557|0.08785953
0|26|-0.076555|1.244632|-0.11805|0.20540696|-0.2435433|-0.41183966
0|27|-1.081365|-0.444032|0.232529|-0.0046145692|-0.971956|1.0788405
0|28|-0.465974|-1.080821|0.614261|0.023126327|0.092393264|0.24654254
0|29|1.001297|0.156793|-0.278026|0.15278538|1.0148244|-0.8828658
0|0|-0.229101|0.492711|-1.250092|-0.42128015|0.39052233|-2.017513
0|1|-0.424266|0.292074|-1.276428|-0.112579785|-0.3323723|-1.1624995
0|2|-0.473694|0.285955|-1.304346|-0.74935573|0.09304522|-1.0818055
0|3|-0.491413|0.323408|-1.34929|0.04773598|0.21398804|-1.5525377
0|4|-0.425524|0.351058|-1.402781|0.20140812|0.07809816|-1.5529606
0|5|-0.776379|1.490497|-2.687873|-0.38690758|-0.14400779|-1.0836818
0|6|-0.412023|0.300488|-1.282739|-0.4346542|-0.50733876|-1.5522312
0|7|-0.461784|0.259862|-1.289179|0.23470926|0.15328258|-1.4635285
0|8|0.254433|1.208231|0.508831|-0.5387656|1.139147|-0.14306621
0|9|0.219507|1.108605|0.719367|-0.3360766|0.84121084|0.004168786
0|10|0.181933|1.136532|0.665889|-0.39802617|0.692991|-0.13170493
0|11|0.150104|1.140673|0.684246|-0.88610196|0.9546073|0.35239664
0|12|0.183871|1.149845|0.685832|-0.1069509|0.90335065|0.06082742
0|13|0.432905|2.455797|1.268524|0.30014944|1.3630202|-0.24573317
0|14|0.151887|1.110164|0.603739|-0.43785784|0.91753274|0.10396599
0|15|0.106338|1.203953|0.692945|-0.16150233|0.7632872|-0.31668735
0|16|0.234953|-0.012599|-0.605166|0.34550753|-0.197741|0.37204468
0|17|0.211476|0.03384|-0.604765|0.31542936|0.10523774|0.363196
0|18|0.23964|0.011411|-0.654037|-0.0949243|0.039311163|-0.50001216
0|19|0.240332|-0.070275|-0.783736|-0.4130289|-0.11152145|0.29823428
0|20|0.298065|0.022565|-0.721694|0.09103092|-0.20999494|0.58725595
0|21|0.034671|-0.167335|-1.512514|-0.27518395|0.11639372|-0.37523198
0|22|0.266341|0.018084|-0.692748|0.077012785|-0.064532295|0.3593374
0|23|0.254991|-0.039588|-0.622513|-0.37145823|0.34150526|0.11381989
0|24|0.739908|0.297448|1.964781|0.10212125|-0.128668|0.76029056
0|25|0.708752|0.301936|1.927583|-0.41290724|-0.09911492|0.6434835
0|26|0.820387|0.260389|1.999145|-0.4818286|-0.13704051|0.91223925
0|27|0.639999|0.32719|1.916536|0.48923573|0.13556832|0.8946501
0|28|0.68466|0.194226|2.040983|0.0028417557|0.24730927|0.34843752
0|29|0.653335|0.269751|1.988917|0.31700754|-0.53358793|-0.039629277
0|30|0.688279|0.322301|1.907375|-0.44600934|-0.00686099|0.657918
0|31|0.594955|0.183019|1.779868|0.4332994|0.022275772|0.71039355
0|32|0.165782|-1.192208|-0.070145|0.53466344|-0.5788247|0.3720361
0|33|0.02884|-1.263747|-0.011228|0.78654057|-0.7061776|0.9201221
0|34|-0.044939|-1.367819|-0.076845|0.4126072|-0.55789393|0.053042546
0|35|0.138833|-1.22415|-0.093812|0.5934871|-0.30766562|-0.21784593
0|36|0.117845|-1.233351|-0.151626|0.4339491|-0.4661494|0.7141176
0|37|0.231311|-1.106467|-0.135242|-0.11166242|-0.6952865|0.38476622
0|38|0.119587|-1.244005|-0.12337|0.5282011|-0.22327147|0.4464895
0|39|0.003041|-1.378977|0.033076|0.7514138|-0.6034006|-0.032784604
0|40|-1.099412|-0.20535|0.640876|0.18529916|-0.15505324|0.4059867
0|41|-0.961431|-0.289883|0.779534|-0.21027774|-0.5455384|1.1316131
0|42|-0.977375|-0.377607|0.848874|0.6884173|-0.7020451|0.15046
0|43|-1.079672|-0.197673|0.662954|0.11180416|0.05301485|0.452058
0|44|-0.769462|-0.548965|0.74589|0.019235335|-0.65712166|0.19885194
0|45|-1.014596|-0.144936|0.710053|0.999465|-0.12225689|0.4803131
0|46|-1.134754|-0.213769|0.648746|0.47199398|0.009621065|0.7082811
0|47|-1.077564|-0.197208|0.651408|0.13458642|-0.05387102|-0.00022801012
0|48|-0.475153|-0.053203|0.554365|0.23811442|-0.3399905|-0.13160044
0|49|-0.583507|0.052967|0.404804|0.86455375|-0.73106354|0.7200377
0|50|-0.514006|-0.085173|0.493757|0.42609584|-0.6663705|0.40307632
0|51|-0.536215|-0.064325|0.553855|0.0633269|-0.20871425|0.35836077
0|52|-0.533823|0.13019|0.45459|0.30979604|-0.21723402|-0.16014455
0|53|-0.471911|-0.029094|0.456573|-0.16738887|-0.30459785|-0.23798802
0|54|-0.477591|-0.170807|0.489574|0.71270406|-0.28924143|0.5284405
0|55|-0.315553|-0.12364|0.470801|0.51700175|-0.6154653|0.06410274
0|56|0.836186|-0.267259|0.021622|0.80304575|-0.7945973|0.9515323
0|57|0.735772|-0.008501|0.103248|0.63659793|-0.43497026|0.95645237
0|58|0.766537|-0.260144|0.023983|0.32714593|-0.8461752|1.5169672
0|59|0.854068|-0.242709|-0.153508|0.5874854|-1.5868654|1.1323501
0|60|0.544686|-0.1713|0.253711|0.5255769|-0.7201363|1.2688715
0|61|0.710494|-0.232557|0.09584|1.0640668|-0.54640067|1.2534773
0|62|0.802824|-0.316275|0.012194|1.0133823|0.075355336|0.80716515
0|63|0.834177|-0.38469|0.209374|0.6328497|-0.787995|1.1039119
0|64|-0.219188|-0.447047|-1.260224|0.2539696|-0.80575234|-0.7362746
0|65|-0.310999|-0.586257|-1.291322|-0.032301478|-0.29134345|-0.62402153
0|66|-0.15737|-0.36766|-1.25667|-0.10419429|-0.457711|-0.7756384
0|67|-0.138059|-0.337469|-1.23117|0.5169608|-0.50724316|-0.7518246
0|68|-0.641377|-0.806058|-0.678915|0.30125046|-0.5158399|-0.18508461
0|69|-0.199956|-0.484537|-1.231323|0.008743219|-0.5674821|-0.7560631
0|70|-0.161843|-0.302874|-1.24108|-0.118882276|-0.19371253|-0.13256593
0|71|-0.112016|-0.428979|-1.207794|-0.2713426|-0.7473701|-1.3903292
0|72|0.250723|0.618729|-0.649485|-0.42450932|0.34357578|-0.11955853
0|73|0.329374|0.588136|-0.5923|-0.78449|0.19903749|-0.33877963
0|74|0.313015|0.564327|-0.55747|-0.88629365|-0.20527291|0.012839384
0|75|0.383896|0.58206|-0.561161|-0.4664784|0.4704818|-0.28269297
0|76|0.33963|0.610345|-0.61051|-0.7332891|0.51098233|-0.540362
0|77|0.262277|0.686698|-0.557485|-0.11519055|0.8652653|0.23177893
0|78|0.456414|0.680212|-0.552009|-0.36993742|0.46837056|-0.08133622
0|79|0.331188|0.549896|-0.617727|-0.64323723|0.489905|0.047180798
0|80|-1.272603|0.49382|-0.112045|-0.3647436|0.80747306|-0.40233946
0|81|-1.124705|0.493444|0.054994|-0.5911727|0.72300315|-0.88142145
0|82|-1.207716|0.466104|-0.041312|0.3460527|0.86215913|-0.6792564
0|83|-1.215185|0.427073|-0.041569|-0.8388705|0.32134768|-0.7754749
0|84|-1.216717|0.523677|-0.041658|-0.50146437|0.07818732|-1.0875168
0|85|-1.243698|0.474096|-0.007419|0.31499162|0.7233392|-0.7969315
0|86|-1.225518|0.628032|-0.026695|0.19752644|0.27940056|-0.69637674
0|87|-1.168877|0.541707|0.14481|-0.45702988|0.68722624|-0.7423136
0|88|0.236295|0.98331|1.116777|0.32608944|0.45126384|0.044867523
0|89|0.176308|0.802324|1.039443|-0.12510514|0.64338607|-0.0742852
0|90|0.210242|0.981329|1.130811|-0.24159208|0.8810407|-0.23050813
0|91|0.177021|0.960047|1.115297|-0.27502036|0.9035918|0.2563389
0|92|0.203985|0.871262|0.97474|-0.8284276|0.9154296|0.1255202
0|93|0.192895|1.015834|1.038096|-0.86443555|1.1786156|-0.23669009
0|94|0.159983|0.952676|1.135457|-0.7775455|1.1343329|0.6264287
0|95|0.215914|0.951236|1.11266|-0.30510247|0.45456076|0.1238159
0|96|0.360846|-2.30459|0.746757|-1.0334558|-0.1140258|0.6783516
0|97|0.148437|0.091243|-1.968135|-0.41879523|0.28154394|-1.410795
0|98|0.130288|0.082015|-1.851485|-0.12846303|0.12409731|-1.559497
0|99|0.190039|0.305306|-2.140834|-0.21872036|-0.24958119|-1.9391236
0|100|0.230796|0.123931|-1.935827|0.6775944|0.18622416|-1.6515875
0|101|0.282075|0.024058|-1.933104|0.42400727|0.067644976|-2.470104
0|102|0.079956|-0.43401|-1.539417|-1.1129092|-0.8973924|-0.4345712
0|103|0.221032|0.08993|-1.949914|0.16287309|0.71397054|-1.6405325
0|104|0.133904|0.077062|-2.013574|0.07176288|-0.18941079|-1.9227055
0|105|0.637213|-0.538423|0.116374|-0.020642877|0.46320492|0.7550315
0|106|0.668352|-0.532478|0.155567|0.528648|0.19294928|1.0110612
0|107|0.668421|-0.560338|0.079886|0.6050377|0.6561129|0.5407425
0|108|0.686499|-0.451169|0.192338|-0.45290828|0.68010986|0.7951566
0|109|0.659861|-0.49861|0.184372|0.45550555|0.4830035|0.5691644
0|110|0.382522|-0.013358|0.407927|-1.2532461|-0.283566|0.49558693
0|111|0.67837|-0.478136|0.163643|-0.393885|0.45805764|1.1796837
0|112|0.7069|-0.456818|0.186551|0.39032722|0.7131654|0.56542265
0|113|-0.036165|-1.491766|0.830633|0.2441313|-0.72082925|1.3754151
0|114|0.039433|-1.234144|0.772123|0.43655965|-0.7422267|1.0154113
0|115|0.09456|-1.294909|0.898271|0.10576722|-0.5842932|0.9746352
0|116|0.087897|-1.265881|0.882607|-0.10299687|-0.6879527|0.8583639
0|117|0.031837|-1.253784|0.793578|-0.09112203|-0.5987887|0.77120537
0|118|0.116339|-1.267054|0.818474|-0.16931075|-0.9077147|1.1529433
0|119|0.056694|-1.25315|0.788866|-0.22685505|-0.85707355|1.1134846
0|0|0.69611|0.627805|-0.677662|1.3345058|-0.7643711|-0.7362096
0|1|0.543131|0.685995|-0.528664|1.0336554|0.0047840998|-0.42699134
0|2|0.109249|0.738933|-0.695588|0.95919347|-0.20592567|-0.8016814
0|3|0.391947|0.597374|-0.765154|1.218502|-1.0523496|0.15611935
0|4|0.243749|0.716076|-0.745943|1.997457|-1.1403794|-0.7171731
0|5|0.27476|0.713099|-0.510177|1.2042443|-0.36870784|-0.93329066
0|6|0.299841|0.662976|-0.665226|1.1075575|-0.4392907|-0.18365791
0|7|0.217116|0.758637|-0.733132|1.2722585|-0.22065113|-0.8074172
0|8|0.19907|0.836099|2.289463|-0.35056344|1.0928534|1.7117629
0|9|0.382722|1.077335|2.263708|-0.15044603|-0.5178655|0.8245902
0|10|0.431472|1.047383|2.198475|-0.5546751|0.08776751|1.2183151
0|11|0.448393|0.994075|2.379811|-0.75657845|-0.71204865|0.50762033
0|12|0.562747|0.995026|2.262153|-0.5631497|-0.21350975|1.2818933
0|13|0.572069|1.120881|2.340092|-0.84311384|0.7181699|0.9399573
0|14|0.543711|1.151944|2.405289|-1.6767163|-0.06190884|0.8880497
0|15|0.344569|1.099846|2.316815|-0.6792275|0.44695377|1.1646154
0|16|-0.469216|-0.948341|-0.610511|-0.29656175|0.46447682|-1.3485305
0|17|-1.316976|-0.783281|-0.852354|-0.76568246|-0.6334919|-0.06172951
0|18|-1.335026|-1.061182|-1.079633|-0.48900053|-0.11027526|-0.055923015
0|19|-1.320063|-1.074053|-0.924878|-0.5949853|0.4938165|-1.068387
0|20|-1.08121|-1.063597|-1.31432|-1.0840693|0.3062578|-0.258085
0|21|-1.419215|-0.868511|-1.23336|-0.2623179|-0.82924205|-0.60879695
0|22|-1.253377|-1.127133|-1.125013|0.2210716|0.29599077|-1.078013
0|23|-1.305167|-0.925925|-1.150015|-0.45379588|-0.8997527|-0.9160515
0|24|-0.117022|-0.210271|0.806287|-0.15406668|0.46179456|-0.15512154
0|25|-0.153808|-0.689102|0.419735|-0.4420793|0.683541|1.2675557
0|26|-0.445325|-0.594199|0.482745|-1.7854557|0.38100556|0.69122034
0|27|-0.288072|-0.680272|0.605827|-1.1752079|1.019595|0.7482649
0|28|-0.401084|-0.698913|0.757143|-1.2881732|1.3058031|1.1441393
0|29|-0.242281|-0.764604|0.839391|-1.6134199|1.0356483|1.4473705
0|30|-0.358406|-0.677639|0.721625|-1.3516283|1.186289|1.2623471
0|31|-0.213328|-0.679327|0.787472|-1.2288158|0.37002856|1.5985358
0|32|-1.572492|-1.669242|-1.773137|0.27314618|-0.21960303|-1.4348739
0|33|-0.44431|-1.091209|-2.405807|1.1406913|0.15486154|-1.3103044
0|34|-0.607312|-0.9491|-2.45064|0.11655866|-0.35622692|-0.91073096
0|35|-0.459639|-1.035725|-2.351939|0.09549853|-0.034698177|-1.060501
0|36|-0.568428|-1.043856|-2.281884|0.74899054|0.3899356|-0.8885398
0|37|-0.348932|-1.294257|-2.316919|1.3316212|-0.3850025|-1.0373961
0|38|-0.436247|-1.055143|-2.279243|1.4263089|0.031400524|-0.8332794
0|39|-0.408282|-1.078363|-2.248483|0.102096975|0.724191|-1.0968555
0|40|1.738867|0.386288|1.678966|0.022442818|-0.0019206442|0.54340255
0|41|1.361124|1.279755|0.747972|0.930814|-0.23485844|0.887413
0|42|1.346547|0.905034|1.234796|0.54231817|0.24663559|0.41006696
0|43|1.310483|1.032032|1.072011|1.1844301|0.5935397|0.73433435
0|44|1.007257|1.151699|1.116699|-0.5090767|0.2585556|0.31685716
0|45|1.225116|1.114234|1.030899|0.15141621|-0.11952402|0.5380635
0|46|1.30369|0.945683|1.100433|0.1820659|0.090624705|0.55833507
0|47|1.375231|1.005746|1.20677|0.16974239|0.12397051|0.82151634
0|48|-1.593752|1.874519|-0.878883|-0.24421787|-0.20641704|-0.31924582
0|49|-1.573806|1.818494|-0.857702|0.09009117|0.50174415|-0.6306761
0|50|-1.377997|1.716881|-0.971554|-0.44466817|0.5525756|-0.60647047
0|51|-1.231897|1.547325|-0.546338|-0.9894433|0.049276933|-0.26943332
0|52|-1.62955|1.785944|-0.861807|-0.98238426|-0.1561058|0.40562573
0|53|-1.659511|1.537955|-0.888787|-0.47640738|0.1553961|-0.6872696
0|54|-1.373137|1.480892|-1.062126|-0.3214339|-0.22623204|0.60266215
0|55|-1.484318|1.643333|-0.843257|0.47106364|0.39197737|-0.5561837
0|56|0.314201|1.339752|-0.185623|-0.17573321|0.117530555|-0.19970602
0|57|0.15588|1.27195|-0.024486|0.45376092|0.6092123|0.8305796
0|58|0.281546|1.198224|0.501276|0.20578477|0.39479858|-0.12558684
0|59|0.021159|1.353748|0.057017|-0.19276164|0.9816554|0.10256904
0|60|0.331296|1.425529|0.278849|-0.044221174|0.56059116|-0.57773507
0|61|0.04565|1.048716|-0.212863|-0.1868265|0.6356272|-0.19133711
0|62|-0.034534|0.867459|0.789367|0.5457165|0.9345715|-0.31023073
0|63|0.210915|1.277837|0.377798|-0.14575964|-0.035065122|0.19295359
0|64|-0.135035|-1.749884|-1.055943|-0.44576997|-0.49383897|-0.11277796
0|65|-0.108029|-1.902258|-1.206845|-1.0956995|-1.7196727|-0.9266144
0|66|-0.214564|-1.755057|-1.102913|-1.4272461|-1.280069|-0.22447997
0|67|-0.160189|-1.333056|-1.127217|-0.9433313|-0.78109235|-0.965909
0|68|-0.213316|-1.683035|-0.936378|-0.9869049|-0.63575095|-1.0976124
0|69|0.667724|-1.101622|-0.405626|-0.13090776|-1.1735306|-0.7230646
0|70|-0.210317|-1.326638|-1.113256|-1.4126039|-1.4197285|-1.1004399
0|71|-0.084097|-1.21929|-1.08289|-1.209171|-0.9715716|-0.6448629
0|72|1.484312|-1.572795|0.857011|-0.06719783|-0.54186344|0.873658
0|73|1.542996|-1.656864|1.44581|0.29120323|-0.292762|0.6875508
0|74|1.278817|-1.807025|1.143845|0.6457531|-0.13495736|0.65125704
0|75|1.469674|-1.865005|1.105637|0.40924847|0.11714749|0.61152065
0|76|1.421974|-1.676486|0.774632|0.2449489|-0.07105218|0.6104393
0|77|1.547106|-1.563946|0.805107|1.4564939|-0.21514219|-0.18879478
0|78|1.668534|-1.791398|0.906968|1.2222259|0.21086195|-0.12201587
0|79|1.547965|-1.728513|0.830045|0.39053482|0.20872727|0.19212592
0|80|-0.344578|-1.275005|-0.113928|0.18022095|-0.4614131|-0.7145748
0|81|-0.21993|-1.197341|-0.364013|-0.41594213|-0.5194682|0.1477923
0|82|-0.070062|-1.347647|-0.402894|-0.21839368|-0.50514877|-0.36204538
0|83|-0.143832|-1.291616|0.124206|0.08471113|-0.67544943|-0.3307383
0|84|-0.086217|-1.34356|-0.177252|-0.5651691|-1.1663071|-0.015340855
0|85|-0.165764|-1.135067|0.116672|-0.73342866|-0.07522591|0.3899219
0|86|0.149353|-1.242374|-0.007295|-0.6590172|-1.0538923|-0.2992734
0|87|-0.234646|-1.265255|0.102783|0.35537165|-0.7110703|0.12949966
0|88|0.025364|0.830683|1.196423|0.8028177|1.4516865|0.6731223
0|89|0.301184|1.721746|1.367661|0.4833489|1.373934|0.9969218
0|90|-0.058862|1.274761|0.977402|0.87948895|0.98577106|0.7262295
0|91|0.239908|1.390682|1.064317|1.4550166|0.26419812|0.42111027
0|92|0.116464|1.716284|1.044332|1.2402303|1.5481243|0.7236278
0|93|-0.008869|1.628591|1.101601|0.4425488|1.0669272|0.07993716
0|94|0.089984|1.55989|1.10928|0.9035783|0.85231817|1.0797604
0|95|0.211296|1.628103|1.100827|0.70882213|1.1404161|0.7929922
0|96|-1.203585|1.284599|-1.73192|-0.48595983|0.15404716|-0.87310123
0|97|0.298535|0.574606|-0.727134|0.4814039|-1.0534929|0.2531256
0|98|0.163501|0.120526|-0.184418|-0.5450438|-0.12121907|-0.31061158
0|99|0.092192|0.067978|0.003683|-0.30749476|0.39766714|-0.59723973
0|100|-0.035297|-0.114611|0.014321|-0.016703367|0.12996227|-0.21264255
0|101|0.00211|0.087305|0.025525|-0.19078976|-0.4902388|-0.319343
0|102|-0.056436|-0.013621|0.047548|0.09188388|-0.40351924|0.26116058
0|103|-0.083484|-0.078169|0.065025|-0.40071967|-0.23730841|0.15927668
0|104|0.025027|0.041655|-0.057347|-0.5811472|-0.5093832|-0.69362915
0|105|-0.043965|-0.430598|-1.667476|0.05655557|-0.16402581|-0.31316754
0|106|0.555201|0.140012|-2.356528|-0.8362145|-0.34583127|-1.1908667
0|107|0.866368|0.287438|-2.238713|0.09533951|0.39469266|-0.35576174
0|108|0.854931|0.3606|-2.131384|0.093836|-0.8013559|0.36994115
0|109|0.863607|0.198431|-2.223388|-0.19591567|-0.15477824|0.56619877
0|110|0.938178|0.288184|-2.10823|-0.22900052|0.03912151|0.44902167
0|111|0.864002|0.307025|-2.27308|-0.38933605|-0.6238888|0.047853798
0|112|0.849163|0.33016|-2.210847|-0.25657123|0.29331023|0.0028793812
0|113|-0.930811|-0.379832|2.314538|0.6156758|0.83486086|-0.44391927
0|114|-0.868518|-0.187071|2.185385|0.5536723|-0.35878122|0.16971354
0|115|-0.753268|-0.279225|2.262324|0.87130564|0.4722097|0.09943059
0|116|-0.841745|-0.36426|2.183271|0.7962966|-0.8012672|0.8011118
0|117|-0.847496|-0.270948|2.160454|-0.0025478676|-0.897303|-0.39451325
0|118|-0.838258|-0.253951|2.274748|0.795042|0.56699526|-0.010279156
0|119|-0.940202|-0.4055|2.279761|0.8403148|0.6503976|-0.016882656
0|0|-0.490381|-0.07788|-0.036985|0.04982572|0.20585349|0.115680575
0|1|0.304134|0.195388|0.146404|0.25058416|-0.07480779|-0.267787
0|2|-0.055757|0.145858|0.032978|0.2008191|-0.30383757|-0.009888506
0|3|0.549409|-0.066543|0.030953|-0.066711545|-0.1602967|-0.11437271
0|4|-0.232433|-0.046426|0.205339|-0.17629547|0.051861044|0.2976879
0|5|-0.110272|-0.11082|-0.132972|-0.57103|0.259309|-0.26933348
0|6|0.660674|0.076405|0.136301|0.4838873|-0.2638333|-0.3661127
0|7|0.448719|-0.134675|-0.080614|0.04337548|-0.09790449|-0.36735466
0|8|0.348663|-0.027954|0.004701|0.16742267|0.12742646|-0.03783075
0|9|-0.612757|-0.153274|-0.140128|-0.6376451|0.0917685|0.1434222
0|10|-0.479107|0.13167|0.021978|-0.28199777|0.13319403|0.3505305
0|11|-0.219071|0.054957|-0.156037|0.8721303|0.23510098|-0.050899632
0|12|-1.057759|-1.605305|-1.432087|0.34071046|-0.13574858|-0.1358336
0|13|1.072109|1.510888|1.266886|-0.6184292|0.032129288|0.45188272
0|14|-0.126171|0.10771|0.133284|-0.056646094|-0.100214146|0.260209
0|0|0.138731|0.221853|0.067593|0.017780224|-0.040948786|0.1530348
0|1|0.125069|0.220245|0.048645|-0.002913652|-0.114365384|0.19993421
0|2|0.145514|0.234066|0.101336|0.03769777|-0.091605|0.15505244
0|3|0.027161|0.268082|0.159139|0.020241054|-0.2923634|-0.12772386
0|4|-0.058689|0.244264|-0.281887|-0.11570873|0.09098456|-0.25166717
0|5|-0.089689|0.141566|-0.328524|0.07965048|0.0297889|-0.23552093
0|6|-0.152112|0.303838|-0.316945|-0.028339501|0.24098663|-0.20375751
0|7|-0.183498|0.282331|-0.635279|-0.32653564|-0.09706433|-0.31014436
0|8|0.031781|0.096559|0.31725|-0.26930746|-0.09347534|0.45821035
0|9|0.018017|0.114722|0.291097|-0.2068821|-0.026871|0.41108274
0|10|0.008308|0.11317|0.307691|-0.3084021|-0.04993333|0.345527
0|11|0.068438|-0.117553|0.609599|-0.267124|-0.030468365|0.32686478
0|12|-0.138731|-0.221853|-0.067593|-0.017778933|0.040945284|-0.15303436
0|13|-0.125069|-0.220245|-0.048645|0.0029095234|0.11436594|-0.19993478
0|14|-0.145514|-0.234066|-0.101336|-0.03769768|0.09160493|-0.15505344
0|15|-0.027161|-0.268082|-0.159139|-0.020239798|0.29236257|0.12772588
0|16|0.058689|-0.244264|0.281887|0.11570456|-0.09098282|0.25166404
0|17|0.089689|-0.141566|0.328524|-0.079653084|-0.029788857|0.2355161
0|18|0.152112|-0.303838|0.316945|0.028335977|-0.24099028|0.20375672
0|19|0.183498|-0.282331|0.635279|0.32652804|0.097062364|0.31014502
0|20|-0.031781|-0.096559|-0.31725|0.2693095|0.09347831|-0.45821035
0|21|-0.018017|-0.114722|-0.291097|0.20688707|0.02687301|-0.4110817
0|22|-0.008308|-0.11317|-0.307691|0.30839762|0.049932543|-0.34553212
0|23|-0.068438|0.117553|-0.609599|0.2671225|0.03046628|-0.3268734
0|24|0.373483|0.17221|0.255934|-0.64819944|0.091167584|0.14444816
0|25|0.326896|0.171415|0.266296|-0.71569335|0.06060104|0.1511394
0|26|0.425239|0.284214|0.293984|-0.72385925|0.10136818|0.117534116
0|27|0.450896|0.250765|0.362629|-0.666093|0.063230604|0.07244423
0|28|0.355962|0.065064|0.14221|-0.033151872|0.37035102|0.7955942
0|29|0.450709|0.114009|0.221591|-0.13778318|0.4313358|0.8996676
0|30|0.429954|0.089089|0.198547|-0.07466428|0.21100517|0.91681063
0|31|0.378186|0.046319|0.14227|-0.16068158|0.28085396|0.9307804
0|32|0.25235|0.14535|0.317413|-0.4940973|-0.6445235|0.12429722
0|33|0.279568|0.186372|0.262677|-0.47079933|-0.6378024|0.17545214
0|34|0.216406|0.143307|0.315082|-0.45038855|-0.5581648|0.15338011
0|35|0.291251|0.136563|0.320707|-0.54185057|-0.58607936|0.15187386
0|36|-0.373483|-0.17221|-0.255934|0.6482043|-0.09117007|-0.14444521
0|37|-0.326896|-0.171415|-0.266296|0.71569216|-0.060605496|-0.15114143
0|38|-0.425239|-0.284214|-0.293984|0.7238624|-0.10136922|-0.11753334
0|39|-0.450896|-0.250765|-0.362629|0.6660882|-0.06323661|-0.0724375
0|40|-0.355962|-0.065064|-0.14221|0.033158332|-0.37034774|-0.79558945
0|41|-0.450709|-0.114009|-0.221591|0.13778222|-0.43133384|-0.8996668
0|42|-0.429954|-0.089089|-0.198547|0.074667975|-0.21100238|-0.9168106
0|43|-0.378186|-0.046319|-0.14227|0.16068275|-0.2808504|-0.9307833
0|44|-0.25235|-0.14535|-0.317413|0.49410266|0.64452744|-0.12428953
0|45|-0.279568|-0.186372|-0.262677|0.47079903|0.63780034|-0.17544447
0|46|-0.216406|-0.143307|-0.315082|0.45038986|0.55817|-0.15338147
0|47|-0.291251|-0.136563|-0.320707|0.5418464|0.58608073|-0.15187864
0|48|0.0|-0.0|-0.0|-6.8801455e-07|-7.5879507e-07|4.9098526e-07
0|49|0.0|-0.0|-0.0|-8.030329e-07|-1.5297846e-06|1.1576776e-06
0|50|0.0|-0.0|-0.0|-1.3086246e-06|-3.16184e-07|-2.307835e-06
0|51|-0.928069|-1.44799|-0.604792|0.1252994|-0.4196439|0.04255283
0|52|-0.920917|-1.412371|-0.593868|0.19508721|-0.47888097|0.05130616
0|53|-0.907466|-1.440266|-0.620572|0.16001967|-0.49841785|0.056203805
0|54|-1.617201|-1.676514|-0.885438|0.55401355|0.02778798|-0.1331125
0|55|0.928069|1.44799|0.604792|-0.12530075|0.41964093|-0.04254932
0|56|0.920917|1.412371|0.593868|-0.19509038|0.47888142|-0.05130309
0|57|0.907466|1.440266|0.620572|-0.16001728|0.49841845|-0.056205377
0|58|1.617201|1.676514|0.885438|-0.55400634|-0.027785648|0.13311115
0|59|0.0|-0.0|-0.0|1.3131648e-06|2.2388995e-06|-2.47173e-06
0|0|-0.229101|0.492711|-1.250092|-0.15810446|0.6285604|-1.4643719
0|1|-0.424266|0.292074|-1.276428|-0.60352415|0.07818507|-1.133374
0|2|-0.473694|0.285955|-1.304346|-0.4279166|-0.35790092|-0.46181715
0|3|-0.491413|0.323408|-1.34929|0.15226382|-0.20763765|-1.0134783
0|4|-0.425524|0.351058|-1.402781|0.3327037|-0.11967472|-1.2131083
0|5|-0.776379|1.490497|-2.687873|-0.40370384|-0.1439954|-1.6890262
0|6|-0.412023|0.300488|-1.282739|-0.7037835|-1.0928335|-1.1258905
0|7|-0.461784|0.259862|-1.289179|0.07569912|-0.39888966|-1.5148544
0|8|0.254433|1.208231|0.508831|-0.3354953|0.94155836|-0.07900693
0|9|0.219507|1.108605|0.719367|-0.3537113|1.0759258|0.029384542
0|10|0.181933|1.136532|0.665889|-0.1570435|0.9428861|-0.25492105
0|11|0.150104|1.140673|0.684246|-1.2010496|0.7889229|1.383918
0|12|0.183871|1.149845|0.685832|-0.28784633|1.2367659|0.58938867
0|13|0.432905|2.455797|1.268524|0.10084878|1.1827428|-0.14041181
0|14|0.151887|1.110164|0.603739|-0.29491293|0.4440581|0.46549708
0|15|0.106338|1.203953|0.692945|-0.5687536|0.2847106|-0.59264433
0|16|0.234953|-0.012599|-0.605166|0.23975429|0.79102373|0.52934784
0|17|0.211476|0.03384|-0.604765|0.3982056|0.35501462|0.07785021
0|18|0.23964|0.011411|-0.654037|-0.014850201|-0.031184845|-0.42613566
0|19|0.240332|-0.070275|-0.783736|-0.018808091|0.07223365|0.06991701
0|20|0.298065|0.022565|-0.721694|0.12764561|-0.20364012|0.43277472
0|21|0.034671|-0.167335|-1.512514|-0.51036835|0.46902338|-0.5665317
0|22|0.266341|0.018084|-0.692748|0.8488178|-0.42207664|0.26084003
0|23|0.254991|-0.039588|-0.622513|-0.35895598|0.24053927|0.105911724
0|24|0.739908|0.297448|1.964781|0.67427146|-0.25632378|0.5562614
0|25|0.708752|0.301936|1.927583|-0.5948492|-0.02179901|0.16294172
0|26|0.820387|0.260389|1.999145|-0.45687568|0.43329263|0.74641013
0|27|0.639999|0.32719|1.916536|0.13008252|-0.25182515|1.082387
0|28|0.68466|0.194226|2.040983|0.61022425|0.4932807|0.47515732
0|29|0.653335|0.269751|1.988917|0.18082023|-0.42962176|-0.19278799
0|30|0.688279|0.322301|1.907375|-0.7888974|-0.4691435|0.42134094
0|31|0.594955|0.183019|1.779868|0.6245259|-0.3155054|1.1216401
0|32|0.165782|-1.192208|-0.070145|0.8002625|-0.23775452|0.4069966
0|33|0.02884|-1.263747|-0.011228|0.64959705|-0.26212552|0.8815016
0|34|-0.044939|-1.367819|-0.076845|0.5135119|-0.8762255|-0.6071419
0|35|0.138833|-1.22415|-0.093812|0.79685766|-0.43407556|-0.67992127
0|36|0.117845|-1.233351|-0.151626|0.34147084|-0.605202|0.22739871
0|37|0.231311|-1.106467|-0.135242|-0.10989094|-0.15617388|0.24230923
0|38|0.119587|-1.244005|-0.12337|0.46398953|0.079429746|0.37816495
0|39|0.003041|-1.378977|0.033076|0.72695154|-0.32141417|-0.7247266
0|40|-1.099412|-0.20535|0.640876|-0.06673685|-0.5795453|0.3576873
0|41|-0.961431|-0.289883|0.779534|-0.68443406|-0.14137743|1.480741
0|42|-0.977375|-0.377607|0.848874|0.16475798|-0.4362908|0.04936047
0|43|-1.079672|-0.197673|0.662954|0.46598592|-0.2945997|0.7392955
0|44|-0.769462|-0.548965|0.74589|-0.024885874|-0.76039946|0.46148574
0|45|-1.014596|-0.144936|0.710053|0.8175667|0.061419517|0.99043906
0|46|-1.134754|-0.213769|0.648746|-0.25821128|-0.2798153|1.3747652
0|47|-1.077564|-0.197208|0.651408|0.69828576|-0.5843354|0.5058648
0|48|-0.475153|-0.053203|0.554365|-0.33876708|-0.57833457|0.13083066
0|49|-0.583507|0.052967|0.404804|0.86079407|-0.4210404|0.29838848
0|50|-0.514006|-0.085173|0.493757|0.064284384|-0.8021898|0.33045447
0|51|-0.536215|-0.064325|0.553855|-0.16550277|-0.23943177|0.6460753
0|52|-0.533823|0.13019|0.45459|0.13071392|-0.2062568|-0.3464418
0|53|-0.471911|-0.029094|0.456573|-0.2046495|-0.2718143|0.25640136
0|54|-0.477591|-0.170807|0.489574|0.33760387|-0.12361993|0.50412863
0|55|-0.315553|-0.12364|0.470801|-0.27132952|-0.19251643|0.0040002465
0|56|0.836186|-0.267259|0.021622|0.46745616|0.3471828|0.7755792
0|57|0.735772|-0.008501|0.103248|0.38320717|-0.4419343|1.1743191
0|58|0.766537|-0.260144|0.023983|0.28600883|-1.1031761|1.6367744
0|59|0.854068|-0.242709|-0.153508|0.6434362|-1.6505606|0.7165648
0|60|0.544686|-0.1713|0.253711|0.14713746|0.04374677|1.1128801
0|61|0.710494|-0.232557|0.09584|0.83750355|-0.1957263|0.99583566
0|62|0.802824|-0.316275|0.012194|0.6291307|0.06550873|0.73099977
0|63|0.834177|-0.38469|0.209374|0.3865862|0.32217297|0.7813336
0|64|-0.219188|-0.447047|-1.260224|0.23345973|-0.6204598|-0.5922438
0|65|-0.310999|-0.586257|-1.291322|0.22201812|-0.44481725|-0.49726242
0|66|-0.15737|-0.36766|-1.25667|-0.7205875|-0.41570234|-0.801914
0|67|-0.138059|-0.337469|-1.23117|0.753562|-0.18139449|-0.66725236
0|68|-0.641377|-0.806058|-0.678915|0.42354536|-0.44730496|-0.39870948
0|69|-0.199956|-0.484537|-1.231323|-0.3360616|-0.84206057|-1.0907849
0|70|-0.161843|-0.302874|-1.24108|0.58967674|-0.18040687|-0.2568127
0|71|-0.112016|-0.428979|-1.207794|0.08618358|-1.5594492|-1.4440026
0|72|0.250723|0.618729|-0.649485|-0.39249107|0.22454767|-0.462355
0|73|0.329374|0.588136|-0.5923|-0.5269115|0.3894276|-0.19350208
0|74|0.313015|0.564327|-0.55747|-0.9799342|0.3457961|-0.07801467
0|75|0.383896|0.58206|-0.561161|-0.22476067|0.4589973|-0.3939242
0|76|0.33963|0.610345|-0.61051|-0.94263697|0.6977867|-0.7916552
0|77|0.262277|0.686698|-0.557485|0.49913508|1.0304182|0.10457221
0|78|0.456414|0.680212|-0.552009|0.21125771|0.54997563|0.33901638
0|79|0.331188|0.549896|-0.617727|-0.5745614|0.25985944|-0.29600304
0|80|-1.272603|0.49382|-0.112045|-0.5733756|0.5095824|-0.5327848
0|81|-1.124705|0.493444|0.054994|0.15395263|0.3742783|-0.58845544
0|82|-1.207716|0.466104|-0.041312|-0.030731952|0.6217303|-0.54541934
0|83|-1.215185|0.427073|-0.041569|-0.5446143|0.58731973|-0.57724345
0|84|-1.216717|0.523677|-0.041658|-0.64978135|-0.27082616|-0.85409594
0|85|-1.243698|0.474096|-0.007419|0.18751687|0.69397235|-0.5690857
0|86|-1.225518|0.628032|-0.026695|0.094640896|0.05228551|-0.60108674
0|87|-1.168877|0.541707|0.14481|-0.26048824|0.33465362|-0.92476666
0|88|0.236295|0.98331|1.116777|1.011955|0.41755643|-0.8700005
0|89|0.176308|0.802324|1.039443|-0.15107846|0.32522312|-0.07315413
0|90|0.210242|0.981329|1.130811|0.34446722|0.7073027|-0.12545067
0|91|0.177021|0.960047|1.115297|-0.42645478|0.34541225|0.4424188
0|92|0.203985|0.871262|0.97474|-0.37783724|0.589069|-0.1473079
0|93|0.192895|1.015834|1.038096|-1.1097431|0.83053493|-0.4915542
0|94|0.159983|0.952676|1.135457|-1.0543559|1.0430266|1.0040126
0|95|0.215914|0.951236|1.11266|-0.20764783|0.5998696|-0.19106176
0|96|0.360846|-2.30459|0.746757|0.29870427|-0.547256|0.7678342
0|97|0.148437|0.091243|-1.968135|-0.58279145|0.108792424|-1.8470211
0|98|0.130288|0.082015|-1.851485|-0.15967117|0.3260011|-1.1355753
0|99|0.190039|0.305306|-2.140834|-0.8427255|-0.07050745|-0.8899608
0|100|0.230796|0.123931|-1.935827|0.05838109|-0.008290891|-1.6642293
0|101|0.282075|0.024058|-1.933104|0.37288836|0.31831735|-2.324194
0|102|0.079956|-0.43401|-1.539417|-1.4217567|-0.4938077|-0.65223277
0|103|0.221032|0.08993|-1.949914|-0.10371891|0.5407664|-1.7069361
0|104|0.133904|0.077062|-2.013574|-0.25404468|-0.23593713|-1.3998363
0|105|0.637213|-0.538423|0.116374|-0.29796952|0.44896454|0.57275534
0|106|0.668352|-0.532478|0.155567|0.34889245|0.078711934|1.1215065
0|107|0.668421|-0.560338|0.079886|0.83707374|0.4319821|0.43112642
0|108|0.686499|-0.451169|0.192338|-0.18010336|1.1873857|0.108120196
0|109|0.659861|-0.49861|0.184372|0.28924134|0.66623414|0.35494962
0|110|0.382522|-0.013358|0.407927|-0.89003384|-0.643413|1.0858585
0|111|0.67837|-0.478136|0.163643|-0.019486077|0.32415205|1.1537539
0|112|0.7069|-0.456818|0.186551|0.12996148|0.91081434|0.48671556
0|113|-0.036165|-1.491766|0.830633|0.3489208|-1.0974811|0.946203
0|114|0.039433|-1.234144|0.772123|0.32160744|-0.46145782|1.1264967
0|115|0.09456|-1.294909|0.898271|0.6054288|-0.5880658|0.7345891
0|116|0.087897|-1.265881|0.882607|0.34281415|-0.45607287|0.6721967
0|117|0.031837|-1.253784|0.793578|0.15228501|-1.0227816|0.37707162
0|118|0.116339|-1.267054|0.818474|0.23552874|-0.53928006|1.1932498
0|119|0.056694|-1.25315|0.788866|-0.061848596|-0.66417056|1.1784902
0|0|0.264808|0.675881|-0.195794|0.27056333|0.21200828|-0.014330283
0|1|0.387155|0.532709|-0.326715|0.12889141|0.584711|-0.19481273
0|2|0.415025|0.537286|-0.380453|0.29404598|0.18752885|-0.3770676
0|3|0.297957|0.515614|-0.323949|0.15853834|0.38011104|-0.27984962
0|4|-0.964065|0.308525|-0.399886|-0.848663|0.20886168|-0.18005282
0|5|-0.896838|0.356322|-0.488697|-0.50696737|0.0044626743|-0.23652071
0|6|-0.861616|0.281017|-0.266951|-0.45449203|0.20341924|-0.4608493
0|7|-0.811085|0.377495|-0.324919|-0.062468313|0.43296382|-0.37434387
0|8|-0.133469|-0.314014|0.319585|-0.776512|0.38371032|-0.09518907
0|9|0.048576|-0.361897|0.427726|-0.63303626|0.049469884|-0.27021474
0|10|-0.278823|0.009356|0.222315|-0.8744864|0.54564536|-0.35652494
0|11|-0.075731|-0.397646|0.356327|-0.40077606|0.11509234|0.1651079
0|12|-0.33626|-0.557718|0.426667|-0.27480438|0.17407644|0.4096158
0|13|-0.269306|-0.578828|0.359204|-0.34480608|-0.44089085|0.17640989
0|14|-0.076675|-0.243547|0.054531|-0.11169708|-0.30302954|0.15890053
0|15|-0.316896|-0.498589|0.387287|-0.15630622|-0.53777796|-0.030451588
0|16|0.561678|-0.508843|0.390566|0.33983734|-0.4998778|-0.09137873
0|17|0.702223|-0.357699|0.279827|0.0054832688|-0.41236007|-0.021973671
0|18|0.954576|-0.241269|0.312297|0.5321004|-0.32616547|0.035188463
0|19|0.820053|-0.375654|0.49669|0.6023307|-0.41805863|0.38916072
0|20|-0.043257|0.254211|-0.239729|0.98195565|-0.5767878|0.23381308
0|21|0.048788|0.356306|-0.380495|0.62805384|-0.10555801|0.14603873
0|22|0.188726|0.297994|-0.314617|1.302139|-0.4693236|0.40803072
0|23|0.098548|0.364526|-0.371812|0.32345623|-0.3107168|0.14926589
0|24|-0.241537|-0.164246|0.17714|0.32224023|0.2266415|-0.048719976
0|25|0.033757|-0.340147|0.33553|-0.09916643|-0.073541455|-0.21409416
0|26|-0.049545|-0.241061|0.333705|0.6575948|0.042110052|-0.40442288
0|27|0.164828|-0.282822|0.05207|0.20304303|0.4141544|-0.22843766
0|28|-0.212736|-0.390771|-0.007433|-0.19109653|-0.1325253|-0.018051095
0|29|-0.227453|-0.43123|-0.072047|-0.12614381|0.40822783|-0.18450183
0|30|-0.154513|-0.375587|-0.158917|-0.2182039|0.17486669|0.072670005
0|31|-0.802293|-0.033248|-0.041677|-0.4647887|0.22002718|-0.03187349
0|32|-0.787374|0.08573|-0.04535|-0.21105167|0.2278779|-0.03502621
0|33|-0.556471|0.092643|0.022257|-0.535091|-0.10029234|-0.13867569
0|34|-0.715209|-0.071681|0.226723|-0.7150824|-0.028375212|0.046591356
0|35|-0.025551|0.268222|-0.350555|-0.06770672|0.11763175|-0.003326118
0|36|0.015932|0.265766|-0.32595|0.029234268|0.10465334|0.16417286
0|37|0.093582|0.280232|-0.374904|-0.26121867|-0.06762077|0.22459292
0|38|0.276621|0.102883|0.421389|0.23829395|-0.27576274|0.24403116
0|39|0.249969|0.292586|-0.226991|0.31690365|-0.24646917|0.22295648
0|40|0.269348|0.471431|0.074812|-0.10016275|0.47541654|0.4266786
0|41|0.221001|0.473648|0.112903|0.33008444|0.044020213|0.08480963
0|42|0.605741|0.034691|0.124974|0.1211448|0.6214042|0.17828944
0|43|0.871455|0.01149|0.053622|0.28942698|-0.37551972|0.35213423
0|44|0.719248|-0.11825|0.071148|0.47700652|-0.33813155|0.3299055
0|45|-0.227511|-0.201393|-0.251516|-0.4478772|-0.3054859|-0.61769134
0|46|0.435557|0.026725|-0.138219|-0.13778481|-0.34873286|0.23880291
0|47|0.304798|-0.066149|-0.047259|0.5531422|0.16870433|-0.025547162
0|48|1.385706|0.057409|1.436334|0.5551892|-0.6314732|0.62089705
0|49|1.303026|0.12908|1.307232|0.47991922|-0.40383884|0.64731276
0|50|1.220962|0.302411|1.316286|0.12660907|-0.21607405|0.7141046
0|51|1.261764|0.18653|1.305357|0.44760877|-0.27420774|0.7276192
0|52|-1.442672|-0.185768|-1.264507|0.058247223|0.10994914|-0.4832517
0|53|-1.169918|-0.148876|-1.21039|-0.6397597|0.5840141|-0.9342383
0|54|-1.255692|-0.164435|-1.349109|-0.18860108|0.39909905|-0.7082919
0|55|-1.312812|-0.171589|-1.410881|-0.48100787|0.5501736|-0.6478484
0|56|0.174459|0.02178|-0.124957|-0.15546736|-0.24991879|-0.15864578
0|57|-0.096235|0.040358|-0.048762|-0.2000444|0.39145902|0.040889546
0|58|-0.002566|-0.257242|-0.005765|-0.21363631|-0.17650397|0.13149852
0|59|-0.05176|0.06934|0.064705|0.12582274|-0.11747232|0.12671456
0|0|0.69611|0.627805|-0.677662|0.86069345|-1.0554441|-1.8632717
0|1|0.543131|0.685995|-0.528664|1.2950256|-0.5755735|-0.24248137
0|2|0.109249|0.738933|-0.695588|1.0519093|-0.61957896|-0.8643804
0|3|0.391947|0.597374|-0.765154|1.202599|-0.7316855|-0.7610232
0|4|0.243749|0.716076|-0.745943|1.6275426|-0.58667576|-0.0038545094
0|5|0.27476|0.713099|-0.510177|1.5605993|-0.98019624|-1.0205461
0|6|0.299841|0.662976|-0.665226|1.7044172|-0.75981843|-0.13730092
0|7|0.217116|0.758637|-0.733132|1.6521982|-0.7213434|-0.7116303
0|8|0.19907|0.836099|2.289463|-0.28215945|0.12129256|1.2235358
0|9|0.382722|1.077335|2.263708|-1.0976127|-0.31880695|0.90107906
0|10|0.431472|1.047383|2.198475|-1.400228|-0.13666958|0.91538405
0|11|0.448393|0.994075|2.379811|-0.7854582|0.04488238|0.7318722
0|12|0.562747|0.995026|2.262153|-0.9052151|-0.6647898|1.0206417
0|13|0.572069|1.120881|2.340092|-1.211009|0.087165505|0.821996
0|14|0.543711|1.151944|2.405289|-0.20654075|-0.22657366|0.8851253
0|15|0.344569|1.099846|2.316815|0.11180592|0.16150723|1.531728
0|16|-0.469216|-0.948341|-0.610511|-0.00080817007|0.11218121|-0.7879302
0|17|-1.316976|-0.783281|-0.852354|-0.9783765|-0.11574397|-0.4377451
0|18|-1.335026|-1.061182|-1.079633|-0.20701106|-1.0692906|-0.9065466
0|19|-1.320063|-1.074053|-0.924878|-0.46558854|-0.30478936|-0.49854824
0|20|-1.08121|-1.063597|-1.31432|-1.0974857|0.064915374|0.013687618
0|21|-1.419215|-0.868511|-1.23336|-0.4953293|-0.4965491|-1.0108801
0|22|-1.253377|-1.127133|-1.125013|-0.62086606|0.007137805|-0.39396408
0|23|-1.305167|-0.925925|-1.150015|-0.3129443|-0.21259615|-0.7749271
0|24|-0.117022|-0.210271|0.806287|-0.011063417|0.6739571|0.3830022
0|25|-0.153808|-0.689102|0.419735|-1.7039903|0.8661299|0.4243835
0|26|-0.445325|-0.594199|0.482745|-1.8598768|0.70062447|1.1443988
0|27|-0.288072|-0.680272|0.605827|-1.3191037|1.1731334|1.2064509
0|28|-0.401084|-0.698913|0.757143|-1.0357108|0.6942756|0.45266283
0|29|-0.242281|-0.764604|0.839391|-1.2723458|1.0257282|1.1305203
0|30|-0.358406|-0.677639|0.721625|-1.5283487|1.6358206|1.3514318
0|31|-0.213328|-0.679327|0.787472|-0.6000621|0.54618335|1.1211151
0|32|-1.572492|-1.669242|-1.773137|0.4000777|0.16465889|-0.83319676
0|33|-0.44431|-1.091209|-2.405807|0.5410172|-0.40533516|-1.1164999
0|34|-0.607312|-0.9491|-2.45064|0.69749933|-0.37702072|-1.302551
0|35|-0.459639|-1.035725|-2.351939|0.68229544|0.2787896|-1.2792838
0|36|-0.568428|-1.043856|-2.281884|0.524538|0.6842569|-0.5619917
0|37|-0.348932|-1.294257|-2.316919|1.4876006|0.06865138|-1.372761
0|38|-0.436247|-1.055143|-2.279243|1.2551556|0.21498546|-0.8457644
0|39|-0.408282|-1.078363|-2.248483|1.2574208|0.22034344|-0.72003186
0|40|1.738867|0.386288|1.678966|0.4797454|-0.24975216|0.54425704
0|41|1.361124|1.279755|0.747972|0.86712503|0.10817911|0.63264966
0|42|1.346547|0.905034|1.234796|0.16839048|0.35212722|0.6014446
0|43|1.310483|1.032032|1.072011|0.29667193|0.43474668|1.1293582
0|44|1.007257|1.151699|1.116699|0.7385919|0.527713|0.4820903
0|45|1.225116|1.114234|1.030899|0.79537797|0.12294798|0.57892835
0|46|1.30369|0.945683|1.100433|0.28655875|-0.54860055|0.6745106
0|47|1.375231|1.005746|1.20677|0.50396854|0.20209524|-0.026144095
0|48|-1.593752|1.874519|-0.878883|-0.40347332|-0.029263677|-1.0155051
0|49|-1.573806|1.818494|-0.857702|0.0863577|-0.014877856|0.18350199
0|50|-1.377997|1.716881|-0.971554|-0.3423847|-0.066992015|-0.3649395
0|51|-1.231897|1.547325|-0.546338|-0.56967443|0.12548494|0.12886257
0|52|-1.62955|1.785944|-0.861807|-0.9195723|0.23762143|-0.3130568
0|53|-1.659511|1.537955|-0.888787|-0.5394851|0.36452198|-0.7275354
0|54|-1.373137|1.480892|-1.062126|0.0699512|-0.346312|-0.74223804
0|55|-1.484318|1.643333|-0.843257|-0.44892383|-0.027182378|-0.6023643
0|56|0.314201|1.339752|-0.185623|-0.14909925|0.2848455|-0.63596594
0|57|0.15588|1.27195|-0.024486|-0.352809|-0.10984013|-0.02113916
0|58|0.281546|1.198224|0.501276|-0.18217283|0.7451439|0.58225167
0|59|0.021159|1.353748|0.057017|-0.90550005|0.77398074|-0.23005134
0|60|0.331296|1.425529|0.278849|0.17931524|0.71994114|0.32244784
0|61|0.04565|1.048716|-0.212863|-0.2504234|-0.048924632|-0.141913
0|62|-0.034534|0.867459|0.789367|0.8048466|0.8813793|-0.06551749
0|63|0.210915|1.277837|0.377798|0.14604358|0.6096811|0.42041603
0|64|-0.135035|-1.749884|-1.055943|-0.89246964|-0.99456686|-0.8728718
0|65|-0.108029|-1.902258|-1.206845|-1.0773569|-1.0846543|-1.3900132
0|66|-0.214564|-1.755057|-1.102913|-0.99260664|-1.5072192|-1.3026985
0|67|-0.160189|-1.333056|-1.127217|-0.97480786|-0.025493478|-0.6055408
0|68|-0.213316|-1.683035|-0.936378|-1.6275496|-0.8062108|-0.91856986
0|69|0.667724|-1.101622|-0.405626|-0.25377157|-1.7403456|-0.28138
0|70|-0.210317|-1.326638|-1.113256|-1.0447564|-0.84565985|-1.3092768
0|71|-0.084097|-1.21929|-1.08289|-1.0953614|-0.99659455|-0.9654162
0|72|1.484312|-1.572795|0.857011|0.38189316|-0.27665138|-0.19084328
0|73|1.542996|-1.656864|1.44581|-0.27663356|-0.090582184|0.5729191
0|74|1.278817|-1.807025|1.143845|0.9587201|0.18780345|0.5339187
0|75|1.469674|-1.865005|1.105637|0.4870395|0.09664586|0.57081985
0|76|1.421974|-1.676486|0.774632|0.1015743|0.37642872|0.26596466
0|77|1.547106|-1.563946|0.805107|0.7348306|-0.22107252|0.1888632
0|78|1.668534|-1.791398|0.906968|-0.14865336|0.14037465|0.2548826
0|79|1.547965|-1.728513|0.830045|0.14320785|0.17422622|0.26767814
0|80|-0.344578|-1.275005|-0.113928|-0.86385775|-0.5490027|-0.21746382
0|81|-0.21993|-1.197341|-0.364013|-0.36135542|-0.27936685|-0.3260362
0|82|-0.070062|-1.347647|-0.402894|0.20860513|-0.22168343|-0.02397655
0|83|-0.143832|-1.291616|0.124206|0.32616806|-0.26846072|0.07231488
0|84|-0.086217|-1.34356|-0.177252|0.4830509|-0.6924684|0.026418403
0|85|-0.165764|-1.135067|0.116672|-0.0039188415|-0.34594083|-0.47063893
0|86|0.149353|-1.242374|-0.007295|-0.29960617|-0.4725133|0.8588623
0|87|-0.234646|-1.265255|0.102783|-0.27158228|-0.86514044|-0.24687627
0|88|0.025364|0.830683|1.196423|0.9069623|1.5870705|1.544884
0|89|0.301184|1.721746|1.367661|1.1516303|1.2456198|1.1910436
0|90|-0.058862|1.274761|0.977402|0.5827968|0.90572524|0.38307324
0|91|0.239908|1.390682|1.064317|0.8724139|0.27816227|0.86258894
0|92|0.116464|1.716284|1.044332|1.0662322|0.44148096|0.79217184
0|93|-0.008869|1.628591|1.101601|0.79328084|1.4608757|0.689007
0|94|0.089984|1.55989|1.10928|1.6989431|0.88786507|1.478329
0|95|0.211296|1.628103|1.100827|1.3776257|0.80689317|0.78040457
0|96|-1.203585|1.284599|-1.73192|-0.71760225|0.15480772|-0.48588458
0|97|0.298535|0.574606|-0.727134|0.78155285|-0.76437676|0.50318193
0|98|0.163501|0.120526|-0.184418|-0.05796647|0.26203385|-0.62584317
0|99|0.092192|0.067978|0.003683|0.20732361|0.14530537|-0.019297536
0|100|-0.035297|-0.114611|0.014321|0.028672777|0.07148048|0.1379185
0|101|0.00211|0.087305|0.025525|0.3654561|-0.15484154|-0.32063788
0|102|-0.056436|-0.013621|0.047548|0.114513054|-0.16888735|-0.25474972
0|103|-0.083484|-0.078169|0.065025|-0.1841439|-0.341735|0.18333858
0|104|0.025027|0.041655|-0.057347|-0.47907743|-0.59353065|-0.34668446
0|105|-0.043965|-0.430598|-1.667476|-0.0023486167|0.65329695|-0.34875542
0|106|0.555201|0.140012|-2.356528|-0.77521557|-0.5659821|-0.2310793
0|107|0.866368|0.287438|-2.238713|-0.44886273|0.45165205|-0.15230577
0|108|0.854931|0.3606|-2.131384|-0.8815867|-0.050757855|-0.07176412
0|109|0.863607|0.198431|-2.223388|-0.85559934|-0.30370378|0.3472891
0|110|0.938178|0.288184|-2.10823|-0.71036416|-0.10592705|-0.07629514
0|111|0.864002|0.307025|-2.27308|-0.88911617|-0.019694328|-0.07317643
0|112|0.849163|0.33016|-2.210847|-0.4918046|-0.1769946|0.21897666
0|113|-0.930811|-0.379832|2.314538|0.94230235|0.46959925|1.0340712
0|114|-0.868518|-0.187071|2.185385|-0.029208839|-0.76151925|0.06624627
0|115|-0.753268|-0.279225|2.262324|0.5055696|0.48601192|0.009874351
0|116|-0.841745|-0.36426|2.183271|0.5734479|0.77854145|0.054420605
0|117|-0.847496|-0.270948|2.160454|0.34203434|-0.27372253|-0.3380567
0|118|-0.838258|-0.253951|2.274748|0.9446466|0.14248237|0.008643754
0|119|-0.940202|-0.4055|2.279761|0.75200194|0.12411529|0.3617753
0|0|0.138731|0.221853|0.067593|0.017780224|-0.040948786|0.1530348
0|1|0.125069|0.220245|0.048645|-0.002913652|-0.114365384|0.19993421
0|2|0.145514|0.234066|0.101336|0.03769777|-0.091605|0.15505244
0|3|0.027161|0.268082|0.159139|0.020241054|-0.2923634|-0.12772386
0|4|-0.058689|0.244264|-0.281887|-0.11570873|0.09098456|-0.25166717
0|5|-0.089689|0.141566|-0.328524|0.07965048|0.0297889|-0.23552093
0|6|-0.152112|0.303838|-0.316945|-0.028339501|0.24098663|-0.20375751
0|7|-0.183498|0.282331|-0.635279|-0.32653564|-0.09706433|-0.31014436
0|8|0.031781|0.096559|0.31725|-0.26930746|-0.09347534|0.45821035
0|9|0.018017|0.114722|0.291097|-0.2068821|-0.026871|0.41108274
0|10|0.008308|0.11317|0.307691|-0.3084021|-0.04993333|0.345527
0|11|0.068438|-0.117553|0.609599|-0.267124|-0.030468365|0.32686478
0|12|-0.138731|-0.221853|-0.067593|-0.017778933|0.040945284|-0.15303436
0|13|-0.125069|-0.220245|-0.048645|0.0029095234|0.11436594|-0.19993478
0|14|-0.145514|-0.234066|-0.101336|-0.03769768|0.09160493|-0.15505344
0|15|-0.027161|-0.268082|-0.159139|-0.020239798|0.29236257|0.12772588
0|16|0.058689|-0.244264|0.281887|0.11570456|-0.09098282|0.25166404
0|17|0.089689|-0.141566|0.328524|-0.079653084|-0.029788857|0.2355161
0|18|0.152112|-0.303838|0.316945|0.028335977|-0.24099028|0.20375672
0|19|0.183498|-0.282331|0.635279|0.32652804|0.097062364|0.31014502
0|20|-0.031781|-0.096559|-0.31725|0.2693095|0.09347831|-0.45821035
0|21|-0.018017|-0.114722|-0.291097|0.20688707|0.02687301|-0.4110817
0|22|-0.008308|-0.11317|-0.307691|0.30839762|0.049932543|-0.34553212
0|23|-0.068438|0.117553|-0.609599|0.2671225|0.03046628|-0.3268734
0|24|0.373483|0.17221|0.255934|-0.64819944|0.091167584|0.14444816
0|25|0.326896|0.171415|0.266296|-0.71569335|0.06060104|0.1511394
0|26|0.425239|0.284214|0.293984|-0.72385925|0.10136818|0.117534116
0|27|0.450896|0.250765|0.362629|-0.666093|0.063230604|0.07244423
0|28|0.355962|0.065064|0.14221|-0.033151872|0.37035102|0.7955942
0|29|0.450709|0.114009|0.221591|-0.13778318|0.4313358|0.8996676
0|30|0.429954|0.089089|0.198547|-0.07466428|0.21100517|0.91681063
0|31|0.378186|0.046319|0.14227|-0.16068158|0.28085396|0.9307804
0|32|0.25235|0.14535|0.317413|-0.4940973|-0.6445235|0.12429722
0|33|0.279568|0.186372|0.262677|-0.47079933|-0.6378024|0.17545214
0|34|0.216406|0.143307|0.315082|-0.45038855|-0.5581648|0.15338011
0|35|0.291251|0.136563|0.320707|-0.54185057|-0.58607936|0.15187386
0|36|-0.373483|-0.17221|-0.255934|0.6482043|-0.09117007|-0.14444521
0|37|-0.326896|-0.171415|-0.266296|0.71569216|-0.060605496|-0.15114143
0|38|-0.425239|-0.284214|-0.293984|0.7238624|-0.10136922|-0.11753334
0|39|-0.450896|-0.250765|-0.362629|0.6660882|-0.06323661|-0.0724375
0|40|-0.355962|-0.065064|-0.14221|0.033158332|-0.37034774|-0.79558945
0|41|-0.450709|-0.114009|-0.221591|0.13778222|-0.43133384|-0.8996668
0|42|-0.429954|-0.089089|-0.198547|0.074667975|-0.21100238|-0.9168106
0|43|-0.378186|-0.046319|-0.14227|0.16068275|-0.2808504|-0.9307833
0|44|-0.25235|-0.14535|-0.317413|0.49410266|0.64452744|-0.12428953
0|45|-0.279568|-0.186372|-0.262677|0.47079903|0.63780034|-0.17544447
0|46|-0.216406|-0.143307|-0.315082|0.45038986|0.55817|-0.15338147
0|47|-0.291251|-0.136563|-0.320707|0.5418464|0.58608073|-0.15187864
0|48|0.0|-0.0|-0.0|-6.8801455e-07|-7.5879507e-07|4.9098526e-07
0|49|0.0|-0.0|-0.0|-8.030329e-07|-1.5297846e-06|1.1576776e-06
0|50|0.0|-0.0|-0.0|-1.3086246e-06|-3.16184e-07|-2.307835e-06
0|51|-0.928069|-1.44799|-0.604792|0.1252994|-0.4196439|0.04255283
0|52|-0.920917|-1.412371|-0.593868|0.19508721|-0.47888097|0.05130616
0|53|-0.907466|-1.440266|-0.620572|0.16001967|-0.49841785|0.056203805
0|54|-1.617201|-1.676514|-0.885438|0.55401355|0.02778798|-0.1331125
0|55|0.928069|1.44799|0.604792|-0.12530075|0.41964093|-0.04254932
0|56|0.920917|1.412371|0.593868|-0.19509038|0.47888142|-0.05130309
0|57|0.907466|1.440266|0.620572|-0.16001728|0.49841845|-0.056205377
0|58|1.617201|1.676514|0.885438|-0.55400634|-0.027785648|0.13311115
0|59|0.0|-0.0|-0.0|1.3131648e-06|2.2388995e-06|-2.47173e-06
0|0|0.69611|0.627805|-0.677662|0.86069345|-1.0554441|-1.8632716
0|1|0.543131|0.685995|-0.528664|1.2950256|-0.5755734|-0.2424815
0|2|0.109249|0.738933|-0.695588|1.0519093|-0.619579|-0.8643806
0|3|0.391947|0.597374|-0.765154|1.202599|-0.73168546|-0.76102316
0|4|0.243749|0.716076|-0.745943|1.6275429|-0.58667576|-0.003854556
0|5|0.27476|0.713099|-0.510177|1.5605992|-0.9801965|-1.0205461
0|6|0.299841|0.662976|-0.665226|1.7044172|-0.7598187|-0.13730098
0|7|0.217116|0.758637|-0.733132|1.6521984|-0.72134334|-0.7116303
0|8|0.19907|0.836099|2.289463|-0.2821594|0.12129261|1.2235363
0|9|0.382722|1.077335|2.263708|-1.0976127|-0.3188069|0.9010792
0|10|0.431472|1.047383|2.198475|-1.4002278|-0.13666964|0.91538405
0|11|0.448393|0.994075|2.379811|-0.7854582|0.04488241|0.7318721
0|12|0.562747|0.995026|2.262153|-0.90521514|-0.6647898|1.0206418
0|13|0.572069|1.120881|2.340092|-1.2110089|0.087165505|0.82199615
0|14|0.543711|1.151944|2.405289|-0.2065407|-0.22657365|0.88512516
0|15|0.344569|1.099846|2.316815|0.11180594|0.16150725|1.5317281
0|16|-0.469216|-0.948341|-0.610511|-0.00080827065|0.11218113|-0.7879301
0|17|-1.316976|-0.783281|-0.852354|-0.97837657|-0.115744|-0.43774512
0|18|-1.335026|-1.061182|-1.079633|-0.20701101|-1.0692906|-0.9065467
0|19|-1.320063|-1.074053|-0.924878|-0.46558857|-0.30478927|-0.49854824
0|20|-1.08121|-1.063597|-1.31432|-1.0974855|0.064915314|0.013687767
0|21|-1.419215|-0.868511|-1.23336|-0.4953292|-0.49654907|-1.0108802
0|22|-1.253377|-1.127133|-1.125013|-0.6208661|0.0071379542|-0.39396384
0|23|-1.305167|-0.925925|-1.150015|-0.31294423|-0.21259606|-0.7749272
0|24|-0.117022|-0.210271|0.806287|-0.011063298|0.67395735|0.3830021
0|25|-0.153808|-0.689102|0.419735|-1.7039902|0.86612976|0.4243834
0|26|-0.445325|-0.594199|0.482745|-1.8598766|0.7006245|1.1443988
0|27|-0.288072|-0.680272|0.605827|-1.3191038|1.1731336|1.2064509
0|28|-0.401084|-0.698913|0.757143|-1.0357108|0.6942756|0.45266286
0|29|-0.242281|-0.764604|0.839391|-1.2723457|1.0257282|1.1305202
0|30|-0.358406|-0.677639|0.721625|-1.5283487|1.6358205|1.3514316
0|31|-0.213328|-0.679327|0.787472|-0.6000622|0.54618347|1.121115
0|32|-1.572492|-1.669242|-1.773137|0.4000776|0.16465898|-0.8331969
0|33|-0.44431|-1.091209|-2.405807|0.54101706|-0.40533522|-1.1164998
0|34|-0.607312|-0.9491|-2.45064|0.69749933|-0.37702078|-1.302551
0|35|-0.459639|-1.035725|-2.351939|0.68229544|0.27878952|-1.2792839
0|36|-0.568428|-1.043856|-2.281884|0.52453804|0.68425685|-0.56199163
0|37|-0.348932|-1.294257|-2.316919|1.4876008|0.068651415|-1.372761
0|38|-0.436247|-1.055143|-2.279243|1.2551558|0.21498547|-0.84576446
0|39|-0.408282|-1.078363|-2.248483|1.257421|0.22034341|-0.72003186
0|40|1.738867|0.386288|1.678966|0.47974536|-0.24975199|0.544257
0|41|1.361124|1.279755|0.747972|0.8671249|0.10817912|0.63264966
0|42|1.346547|0.905034|1.234796|0.16839053|0.35212708|0.6014448
0|43|1.310483|1.032032|1.072011|0.2966719|0.43474662|1.129358
0|44|1.007257|1.151699|1.116699|0.73859185|0.52771306|0.48209023
0|45|1.225116|1.114234|1.030899|0.7953781|0.122947864|0.57892835
0|46|1.30369|0.945683|1.100433|0.28655863|-0.54860055|0.67451054
0|47|1.375231|1.005746|1.20677|0.5039685|0.20209531|-0.026144128
0|48|-1.593752|1.874519|-0.878883|-0.40347332|-0.029263714|-1.0155051
0|49|-1.573806|1.818494|-0.857702|0.08635766|-0.014877744|0.18350202
0|50|-1.377997|1.716881|-0.971554|-0.34238458|-0.066991955|-0.36493957
0|51|-1.231897|1.547325|-0.546338|-0.56967455|0.12548494|0.12886256
0|52|-1.62955|1.785944|-0.861807|-0.9195723|0.23762146|-0.31305677
0|53|-1.659511|1.537955|-0.888787|-0.53948563|0.36452192|-0.72753537
0|54|-1.373137|1.480892|-1.062126|0.06995118|-0.346312|-0.74223787
0|55|-1.484318|1.643333|-0.843257|-0.44892383|-0.02718237|-0.60236424
0|56|0.314201|1.339752|-0.185623|-0.14909934|0.28484553|-0.6359662
0|57|0.15588|1.27195|-0.024486|-0.352809|-0.10984018|-0.021139085
0|58|0.281546|1.198224|0.501276|-0.18217283|0.7451439|0.5822517
0|59|0.021159|1.353748|0.057017|-0.90550005|0.77398074|-0.23005128
0|60|0.331296|1.425529|0.278849|0.17931522|0.71994114|0.32244775
0|61|0.04565|1.048716|-0.212863|-0.25042346|-0.048924744|-0.141913
0|62|-0.034534|0.867459|0.789367|0.80484676|0.8813791|-0.065517396
0|63|0.210915|1.277837|0.377798|0.14604369|0.60968107|0.42041606
0|64|-0.135035|-1.749884|-1.055943|-0.89246964|-0.9945667|-0.8728719
0|65|-0.108029|-1.902258|-1.206845|-1.077357|-1.0846542|-1.3900132
0|66|-0.214564|-1.755057|-1.102913|-0.9926065|-1.5072191|-1.3026986
0|67|-0.160189|-1.333056|-1.127217|-0.97480774|-0.025493545|-0.605541
0|68|-0.213316|-1.683035|-0.936378|-1.6275498|-0.8062108|-0.91857
0|69|0.667724|-1.101622|-0.405626|-0.2537715|-1.7403455|-0.2813801
0|70|-0.210317|-1.326638|-1.113256|-1.0447564|-0.84565973|-1.3092766
0|71|-0.084097|-1.21929|-1.08289|-1.0953615|-0.9965945|-0.9654162
0|72|1.484312|-1.572795|0.857011|0.3818931|-0.27665147|-0.19084331
0|73|1.542996|-1.656864|1.44581|-0.2766336|-0.0905821|0.57291937
0|74|1.278817|-1.807025|1.143845|0.95872|0.18780354|0.53391874
0|75|1.469674|-1.865005|1.105637|0.4870394|0.09664589|0.57081985
0|76|1.421974|-1.676486|0.774632|0.101574264|0.37642872|0.2659647
0|77|1.547106|-1.563946|0.805107|0.7348306|-0.22107255|0.18886311
0|78|1.668534|-1.791398|0.906968|-0.14865324|0.14037463|0.25488263
0|79|1.547965|-1.728513|0.830045|0.14320797|0.17422614|0.26767805
0|80|-0.344578|-1.275005|-0.113928|-0.86385775|-0.5490027|-0.2174639
0|81|-0.21993|-1.197341|-0.364013|-0.3613554|-0.2793669|-0.32603633
0|82|-0.070062|-1.347647|-0.402894|0.20860511|-0.22168337|-0.023976475
0|83|-0.143832|-1.291616|0.124206|0.326168|-0.26846063|0.07231496
0|84|-0.086217|-1.34356|-0.177252|0.48305088|-0.6924685|0.026418455
0|85|-0.165764|-1.135067|0.116672|-0.003918752|-0.34594083|-0.47063887
0|86|0.149353|-1.242374|-0.007295|-0.29960626|-0.47251347|0.8588624
0|87|-0.234646|-1.265255|0.102783|-0.2715823|-0.86514044|-0.24687624
0|88|0.025364|0.830683|1.196423|0.9069623|1.5870705|1.544884
0|89|0.301184|1.721746|1.367661|1.1516303|1.2456198|1.1910436
0|90|-0.058862|1.274761|0.977402|0.5827968|0.90572524|0.38307336
0|91|0.239908|1.390682|1.064317|0.8724138|0.27816212|0.8625889
0|92|0.116464|1.716284|1.044332|1.0662322|0.44148093|0.792172
0|93|-0.008869|1.628591|1.101601|0.7932809|1.4608757|0.6890069
0|94|0.089984|1.55989|1.10928|1.6989433|0.8878652|1.4783292
0|95|0.211296|1.628103|1.100827|1.3776257|0.8068931|0.78040457
0|96|-1.203585|1.284599|-1.73192|-0.71760213|0.15480775|-0.48588458
0|97|0.298535|0.574606|-0.727134|0.78155303|-0.7643769|0.50318193
0|98|0.163501|0.120526|-0.184418|-0.057966456|0.26203373|-0.6258432
0|99|0.092192|0.067978|0.003683|0.20732358|0.14530537|-0.019297596
0|100|-0.035297|-0.114611|0.014321|0.028672807|0.07148045|0.13791846
0|101|0.00211|0.087305|0.025525|0.3654561|-0.1548415|-0.32063788
0|102|-0.056436|-0.013621|0.047548|0.11451301|-0.16888738|-0.25474977
0|103|-0.083484|-0.078169|0.065025|-0.18414381|-0.34173492|0.18333861
0|104|0.025027|0.041655|-0.057347|-0.4790774|-0.59353065|-0.34668446
0|105|-0.043965|-0.430598|-1.667476|-0.0023486465|0.65329707|-0.34875554
0|106|0.555201|0.140012|-2.356528|-0.7752156|-0.5659822|-0.23107933
0|107|0.866368|0.287438|-2.238713|-0.44886258|0.4516521|-0.1523057
0|108|0.854931|0.3606|-2.131384|-0.8815866|-0.05075787|-0.071764156
0|109|0.863607|0.198431|-2.223388|-0.8555992|-0.30370378|0.34728906
0|110|0.938178|0.288184|-2.10823|-0.7103643|-0.10592699|-0.076295
0|111|0.864002|0.307025|-2.27308|-0.88911605|-0.019694313|-0.07317642
0|112|0.849163|0.33016|-2.210847|-0.49180454|-0.17699468|0.21897669
0|113|-0.930811|-0.379832|2.314538|0.9423023|0.46959916|1.0340713
0|114|-0.868518|-0.187071|2.185385|-0.029208824|-0.76151925|0.06624618
0|115|-0.753268|-0.279225|2.262324|0.50556964|0.48601186|0.009874254
0|116|-0.841745|-0.36426|2.183271|0.5734478|0.7785415|0.054420613
0|117|-0.847496|-0.270948|2.160454|0.34203434|-0.2737225|-0.33805668
0|118|-0.838258|-0.253951|2.274748|0.9446465|0.14248234|0.0086437445
0|119|-0.940202|-0.4055|2.279761|0.75200206|0.12411523|0.3617753
0|0|-0.229101|0.492711|-1.250092|-0.22483765|0.12105932|-2.2824533
0|1|-0.424266|0.292074|-1.276428|-0.23551066|-0.59722614|-1.0643405
0|2|-0.473694|0.285955|-1.304346|-0.37684157|0.14452921|-1.6178751
0|3|-0.491413|0.323408|-1.34929|0.09203478|-0.14163454|-1.398259
0|4|-0.425524|0.351058|-1.402781|-0.23301274|0.096838176|-0.78966886
0|5|-0.776379|1.490497|-2.687873|-0.9083421|0.42660794|-0.8257756
0|6|-0.412023|0.300488|-1.282739|-0.25584364|0.62966985|-1.5415804
0|7|-0.461784|0.259862|-1.289179|-0.31093654|0.5871731|-1.7700328
0|8|0.254433|1.208231|0.508831|-0.35304523|0.47554463|0.21969488
0|9|0.219507|1.108605|0.719367|-0.22987401|0.7887046|0.2672238
0|10|0.181933|1.136532|0.665889|-0.6859176|0.26705346|0.2188445
0|11|0.150104|1.140673|0.684246|-0.29443687|0.63897437|-0.10225327
0|12|0.183871|1.149845|0.685832|-0.457448|0.59750384|0.3724178
0|13|0.432905|2.455797|1.268524|-0.12082429|0.05613027|0.24313886
0|14|0.151887|1.110164|0.603739|-0.51612043|1.0046284|-0.07696304
0|15|0.106338|1.203953|0.692945|-0.8784361|0.9771617|0.02906321
0|16|0.234953|-0.012599|-0.605166|-0.12422679|-0.30368495|0.45454514
0|17|0.211476|0.03384|-0.604765|0.48975605|-0.1641608|-0.021685306
0|18|0.23964|0.011411|-0.654037|-0.35002476|0.18926656|0.054893013
0|19|0.240332|-0.070275|-0.783736|-0.6937219|0.21823527|0.18966478
0|20|0.298065|0.022565|-0.721694|-0.110735685|-0.1898276|0.5486626
0|21|0.034671|-0.167335|-1.512514|-0.6460897|0.5128116|0.085648105
0|22|0.266341|0.018084|-0.692748|-0.6329744|0.2136657|0.18936752
0|23|0.254991|-0.039588|-0.622513|-0.18405037|0.13737112|0.24599719
0|24|0.739908|0.297448|1.964781|0.19790983|-0.33221826|0.5878422
0|25|0.708752|0.301936|1.927583|0.18571979|-0.15128484|0.22694659
0|26|0.820387|0.260389|1.999145|-0.38731694|-0.6143734|0.27752978
0|27|0.639999|0.32719|1.916536|0.5792248|0.09133581|0.5880361
0|28|0.68466|0.194226|2.040983|-0.1097589|-0.21139213|0.18142788
0|29|0.653335|0.269751|1.988917|0.34567848|-0.12856649|0.91885674
0|30|0.688279|0.322301|1.907375|-0.46338266|-0.13330838|0.9630533
0|31|0.594955|0.183019|1.779868|-0.17592968|-0.16547628|0.89942396
0|32|0.165782|-1.192208|-0.070145|0.3341208|-0.5937988|0.7233449
0|33|0.02884|-1.263747|-0.011228|0.80339074|-0.7742287|0.46255204
0|34|-0.044939|-1.367819|-0.076845|0.46346498|-0.060556196|0.5022562
0|35|0.138833|-1.22415|-0.093812|0.6441426|-0.2318398|-0.21884505
0|36|0.117845|-1.233351|-0.151626|-0.046170466|-0.62383777|1.2043593
0|37|0.231311|-1.106467|-0.135242|0.50241816|-0.88758564|-0.16993403
0|38|0.119587|-1.244005|-0.12337|0.49709612|-0.5050824|1.1129464
0|39|0.003041|-1.378977|0.033076|0.45326132|-0.43786067|0.9325869
0|40|-1.099412|-0.20535|0.640876|0.30044833|-0.90637696|0.024988838
0|41|-0.961431|-0.289883|0.779534|0.74316865|-0.64554954|1.0261776
0|42|-0.977375|-0.377607|0.848874|0.9002912|0.012986263|0.07821459
0|43|-1.079672|-0.197673|0.662954|0.9945113|-0.05267021|0.554091
0|44|-0.769462|-0.548965|0.74589|0.33828735|-0.142844|0.19690311
0|45|-1.014596|-0.144936|0.710053|0.77172494|-0.12467985|1.3696663
0|46|-1.134754|-0.213769|0.648746|0.48679796|0.05143839|-0.412271
0|47|-1.077564|-0.197208|0.651408|0.5751637|0.13186915|0.5150241
0|48|-0.475153|-0.053203|0.554365|0.36538124|-0.69424677|0.047603145
0|49|-0.583507|0.052967|0.404804|0.30940452|-0.5491885|-0.02538649
0|50|-0.514006|-0.085173|0.493757|-0.104516275|0.036320865|0.46062788
0|51|-0.536215|-0.064325|0.553855|0.4181649|-0.663444|0.23167644
0|52|-0.533823|0.13019|0.45459|-0.011634972|-0.114851154|-0.32025832
0|53|-0.471911|-0.029094|0.456573|0.05133445|-0.11553213|0.24424253
0|54|-0.477591|-0.170807|0.489574|0.16460726|-0.21206893|-0.07911211
0|55|-0.315553|-0.12364|0.470801|0.49084532|-0.08697377|0.3203683
0|56|0.836186|-0.267259|0.021622|1.3368278|0.19576794|0.75387156
0|57|0.735772|-0.008501|0.103248|-0.16671261|-0.9282557|0.6860452
0|58|0.766537|-0.260144|0.023983|0.614287|-0.33370203|1.1328368
0|59|0.854068|-0.242709|-0.153508|0.4911085|-0.44675398|0.5677845
0|60|0.544686|-0.1713|0.253711|0.46558824|-0.56465006|0.899986
0|61|0.710494|-0.232557|0.09584|0.51709056|-1.1682594|0.999835
0|62|0.802824|-0.316275|0.012194|0.2958011|-0.99995667|0.96381724
0|63|0.834177|-0.38469|0.209374|0.6885267|-1.198355|0.5448494
0|64|-0.219188|-0.447047|-1.260224|-0.4115514|-0.9969082|-0.3100231
0|65|-0.310999|-0.586257|-1.291322|-0.7674241|-0.55580354|-0.7910374
0|66|-0.15737|-0.36766|-1.25667|0.075222716|-1.3416581|-0.6572634
0|67|-0.138059|-0.337469|-1.23117|-0.1647746|-0.81115055|-0.8266984
0|68|-0.641377|-0.806058|-0.678915|0.17368318|-0.8505453|-0.6835792
0|69|-0.199956|-0.484537|-1.231323|0.2964524|-1.3915954|-1.0289756
0|70|-0.161843|-0.302874|-1.24108|-0.535617|-0.29214|-1.3999453
0|71|-0.112016|-0.428979|-1.207794|-0.052614152|-0.73408353|-0.87626684
0|72|0.250723|0.618729|-0.649485|-0.639928|0.65741986|-0.03789624
0|73|0.329374|0.588136|-0.5923|-0.67747843|0.4012422|-0.03559542
0|74|0.313015|0.564327|-0.55747|-0.4324836|0.747323|-0.2022465
0|75|0.383896|0.58206|-0.561161|-0.010860585|0.5711073|0.2550664
0|76|0.33963|0.610345|-0.61051|-0.8262348|0.46440053|-0.3959912
0|77|0.262277|0.686698|-0.557485|-0.24287456|0.471266|0.23328328
0|78|0.456414|0.680212|-0.552009|-0.75774|0.5137389|-0.5043097
0|79|0.331188|0.549896|-0.617727|-1.0299957|0.80410445|-0.2785202
0|80|-1.272603|0.49382|-0.112045|-0.030859284|-0.30141374|-0.5661012
0|81|-1.124705|0.493444|0.054994|-0.023388226|1.2665393|-0.5064883
0|82|-1.207716|0.466104|-0.041312|0.50114787|1.3574486|-0.54421186
0|83|-1.215185|0.427073|-0.041569|-0.16743116|-0.47081298|-0.15376355
0|84|-1.216717|0.523677|-0.041658|0.029269848|0.79417646|-0.8145322
0|85|-1.243698|0.474096|-0.007419|0.095806025|0.99162155|-0.95577085
0|86|-1.225518|0.628032|-0.026695|-0.23560613|0.3664443|-0.9073661
0|87|-1.168877|0.541707|0.14481|0.3575557|1.1709709|-0.7013297
0|88|0.236295|0.98331|1.116777|0.26708564|0.54152626|-0.123414665
0|89|0.176308|0.802324|1.039443|-0.39808458|1.0571502|0.50878507
0|90|0.210242|0.981329|1.130811|0.047385965|0.438995|0.44607052
0|91|0.177021|0.960047|1.115297|-0.2717724|0.6589072|-0.14251786
0|92|0.203985|0.871262|0.97474|-0.27762628|1.0636896|0.015303083
0|93|0.192895|1.015834|1.038096|-0.69435096|0.9376673|0.41610134
0|94|0.159983|0.952676|1.135457|-0.0008852631|1.3303657|0.017474376
0|95|0.215914|0.951236|1.11266|0.28185564|0.60237616|0.32890576
0|96|0.360846|-2.30459|0.746757|-0.49482247|0.011115655|0.28888416
0|97|0.148437|0.091243|-1.968135|-0.36455604|0.04284794|-1.9755147
0|98|0.130288|0.082015|-1.851485|-0.6781968|0.034533158|-1.4152766
0|99|0.190039|0.305306|-2.140834|-0.26480097|-0.3534761|-2.3550086
0|100|0.230796|0.123931|-1.935827|0.50651336|0.008509055|-1.590548
0|101|0.282075|0.024058|-1.933104|0.33372104|-0.14784236|-2.2400765
0|102|0.079956|-0.43401|-1.539417|-0.9848471|-1.168117|-0.47170025
0|103|0.221032|0.08993|-1.949914|-0.51433134|0.5174537|-0.7080624
0|104|0.133904|0.077062|-2.013574|0.123097844|-0.140141|-1.7397354
0|105|0.637213|-0.538423|0.116374|0.70288646|0.99552095|0.19176768
0|106|0.668352|-0.532478|0.155567|0.50584775|1.2964232|0.2761343
0|107|0.668421|-0.560338|0.079886|0.38822812|0.96431905|0.32359368
0|108|0.686499|-0.451169|0.192338|0.009592816|0.4137966|0.89999795
0|109|0.659861|-0.49861|0.184372|0.41535833|0.5009872|1.0338266
0|110|0.382522|-0.013358|0.407927|-0.69128203|-0.113439076|0.66072035
0|111|0.67837|-0.478136|0.163643|-0.5449827|0.15459058|0.81616944
0|112|0.7069|-0.456818|0.186551|0.66244113|1.0167768|0.41204762
0|113|-0.036165|-1.491766|0.830633|-0.15458563|-0.55463773|1.0568371
0|114|0.039433|-1.234144|0.772123|0.5732462|-0.67272365|1.0116807
0|115|0.09456|-1.294909|0.898271|0.19445828|-0.70476496|0.95682794
0|116|0.087897|-1.265881|0.882607|0.00064203143|-1.0063279|1.0713403
0|117|0.031837|-1.253784|0.793578|-0.20240217|-0.6646206|0.8128768
0|118|0.116339|-1.267054|0.818474|0.5339472|-0.5665003|1.0435513
0|119|0.056694|-1.25315|0.788866|-0.1499631|-0.73299885|1.2602816
0|0|1.290812|0.212214|-0.913736|0.1652656|0.2869553|-1.1338797
0|1|1.053763|-0.418658|-0.809953|-0.08472337|0.44551986|-0.26888478
0|2|-0.20825|0.712118|0.681314|-0.90079683|0.990228|0.023468303
0|3|-0.562799|0.401344|0.744761|-0.15385738|0.7357042|-0.49594682
0|4|-1.462149|0.244006|-1.272057|-0.25634402|-0.36059487|-0.8673495
0|5|-1.17351|-0.128098|-0.282416|0.09969094|-0.85224986|-0.63332605
0|6|-1.313617|-0.244377|1.414058|-0.039618134|-0.23921941|1.042196
0|7|-1.563725|-0.652473|0.057398|-0.37885767|-0.92658406|0.482441
0|8|0.392998|-0.654707|-0.579992|0.42705604|-0.51435304|-0.24006295
0|9|0.301157|-0.359182|-0.675697|-0.6800193|0.18863434|0.68287015
0|10|1.411626|0.492462|1.005429|0.3093448|0.37856257|0.76491416
0|11|1.867463|0.159962|0.571428|1.0383484|-0.35910448|-0.11789653
0|12|0.10173|0.803175|-0.105455|0.53164196|0.039381053|0.31425643
0|13|0.927321|0.21811|0.157629|0.7549968|-0.42926162|0.71648157
0|14|0.081576|0.100911|-0.27067|0.6055515|1.002966|0.008974984
0|15|0.176793|0.625885|-0.607886|0.39251605|-0.18234211|0.26227728
0|16|-0.031174|1.019117|0.199409|-0.272802|-0.31869942|0.15540487
0|17|-0.755037|0.365916|-0.39738|0.41079205|0.22692382|0.10747494
0|18|-0.129441|-0.713797|-0.443462|-1.1755686|-0.20616391|-0.6422925
0|19|-0.776361|-1.003446|0.658956|-0.052045308|-0.10121037|0.036798
0|20|0.053988|-0.799026|0.776837|0.08096874|-0.062446352|0.25903213
0|21|-0.121686|-0.62064|-0.013935|-0.464777|0.6915421|-0.057448365
0|22|0.743466|-0.375379|0.007479|0.7322451|-0.50912875|-0.13167536
0|23|0.48525|-1.115554|0.351155|-0.3296062|0.039129276|-0.057681955
0|24|-0.047852|1.810129|-0.7571|-1.331641|-0.058743723|-1.0125365
0|25|-0.119747|0.043419|0.053173|0.037945673|-0.26243567|0.44995758
0|26|-0.076555|1.244632|-0.11805|0.3435377|-0.24205703|-0.6471852
0|27|-1.081365|-0.444032|0.232529|0.02599907|-0.4470532|1.5177268
0|28|-0.465974|-1.080821|0.614261|0.005614966|-0.24110495|0.33435935
0|29|1.001297|0.156793|-0.278026|0.15914074|1.2872056|-0.852468
0|0|0.264808|0.675881|-0.195794|0.27056333|0.21200828|-0.014330283
0|1|0.387155|0.532709|-0.326715|0.12889141|0.584711|-0.19481273
0|2|0.415025|0.537286|-0.380453|0.29404598|0.18752885|-0.3770676
0|3|0.297957|0.515614|-0.323949|0.15853834|0.38011104|-0.27984962
0|4|-0.964065|0.308525|-0.399886|-0.848663|0.20886168|-0.18005282
0|5|-0.896838|0.356322|-0.488697|-0.50696737|0.0044626743|-0.23652071
0|6|-0.861616|0.281017|-0.266951|-0.45449203|0.20341924|-0.4608493
0|7|-0.811085|0.377495|-0.324919|-0.062468313|0.43296382|-0.37434387
0|8|-0.133469|-0.314014|0.319585|-0.776512|0.38371032|-0.09518907
0|9|0.048576|-0.361897|0.427726|-0.63303626|0.049469884|-0.27021474
0|10|-0.278823|0.009356|0.222315|-0.8744864|0.54564536|-0.35652494
0|11|-0.075731|-0.397646|0.356327|-0.40077606|0.11509234|0.1651079
0|12|-0.33626|-0.557718|0.426667|-0.27480438|0.17407644|0.4096158
0|13|-0.269306|-0.578828|0.359204|-0.34480608|-0.44089085|0.17640989
0|14|-0.076675|-0.243547|0.054531|-0.11169708|-0.30302954|0.15890053
0|15|-0.316896|-0.498589|0.387287|-0.15630622|-0.53777796|-0.030451588
0|16|0.561678|-0.508843|0.390566|0.33983734|-0.4998778|-0.09137873
0|17|0.702223|-0.357699|0.279827|0.0054832688|-0.41236007|-0.021973671
0|18|0.954576|-0.241269|0.312297|0.5321004|-0.32616547|0.035188463
0|19|0.820053|-0.375654|0.49669|0.6023307|-0.41805863|0.38916072
0|20|-0.043257|0.254211|-0.239729|0.98195565|-0.5767878|0.23381308
0|21|0.048788|0.356306|-0.380495|0.62805384|-0.10555801|0.14603873
0|22|0.188726|0.297994|-0.314617|1.302139|-0.4693236|0.40803072
0|23|0.098548|0.364526|-0.371812|0.32345623|-0.3107168|0.14926589
0|24|-0.241537|-0.164246|0.17714|0.32224023|0.2266415|-0.048719976
0|25|0.033757|-0.340147|0.33553|-0.09916643|-0.073541455|-0.21409416
0|26|-0.049545|-0.241061|0.333705|0.6575948|0.042110052|-0.40442288
0|27|0.164828|-0.282822|0.05207|0.20304303|0.4141544|-0.22843766
0|28|-0.212736|-0.390771|-0.007433|-0.19109653|-0.1325253|-0.018051095
0|29|-0.227453|-0.43123|-0.072047|-0.12614381|0.40822783|-0.18450183
0|30|-0.154513|-0.375587|-0.158917|-0.2182039|0.17486669|0.072670005
0|31|-0.802293|-0.033248|-0.041677|-0.4647887|0.22002718|-0.03187349
0|32|-0.787374|0.08573|-0.04535|-0.21105167|0.2278779|-0.03502621
0|33|-0.556471|0.092643|0.022257|-0.535091|-0.10029234|-0.13867569
0|34|-0.715209|-0.071681|0.226723|-0.7150824|-0.028375212|0.046591356
0|35|-0.025551|0.268222|-0.350555|-0.06770672|0.11763175|-0.003326118
0|36|0.015932|0.265766|-0.32595|0.029234268|0.10465334|0.16417286
0|37|0.093582|0.280232|-0.374904|-0.26121867|-0.06762077|0.22459292
0|38|0.276621|0.102883|0.421389|0.23829395|-0.27576274|0.24403116
0|39|0.249969|0.292586|-0.226991|0.31690365|-0.24646917|0.22295648
0|40|0.269348|0.471431|0.074812|-0.10016275|0.47541654|0.4266786
0|41|0.221001|0.473648|0.112903|0.33008444|0.044020213|0.08480963
0|42|0.605741|0.034691|0.124974|0.1211448|0.6214042|0.17828944
0|43|0.871455|0.01149|0.053622|0.28942698|-0.37551972|0.35213423
0|44|0.719248|-0.11825|0.071148|0.47700652|-0.33813155|0.3299055
0|45|-0.227511|-0.201393|-0.251516|-0.4478772|-0.3054859|-0.61769134
0|46|0.435557|0.026725|-0.138219|-0.13778481|-0.34873286|0.23880291
0|47|0.304798|-0.066149|-0.047259|0.5531422|0.16870433|-0.025547162
0|48|1.385706|0.057409|1.436334|0.5551892|-0.6314732|0.62089705
0|49|1.303026|0.12908|1.307232|0.47991922|-0.40383884|0.64731276
0|50|1.220962|0.302411|1.316286|0.12660907|-0.21607405|0.7141046
0|51|1.261764|0.18653|1.305357|0.44760877|-0.27420774|0.7276192
0|52|-1.442672|-0.185768|-1.264507|0.058247223|0.10994914|-0.4832517
0|53|-1.169918|-0.148876|-1.21039|-0.6397597|0.5840141|-0.9342383
0|54|-1.255692|-0.164435|-1.349109|-0.18860108|0.39909905|-0.7082919
0|55|-1.312812|-0.171589|-1.410881|-0.48100787|0.5501736|-0.6478484
0|56|0.174459|0.02178|-0.124957|-0.15546736|-0.24991879|-0.15864578
0|57|-0.096235|0.040358|-0.048762|-0.2000444|0.39145902|0.040889546
0|58|-0.002566|-0.257242|-0.005765|-0.21363631|-0.17650397|0.13149852
0|59|-0.05176|0.06934|0.064705|0.12582274|-0.11747232|0.12671456
0|0|-0.490381|-0.07788|-0.036985|0.049825683|0.20585343|0.11568048
0|1|0.304134|0.195388|0.146404|0.25058413|-0.07480773|-0.26778695
0|2|-0.055757|0.145858|0.032978|0.200819|-0.3038374|-0.009888599
0|3|0.549409|-0.066543|0.030953|-0.066711485|-0.16029657|-0.11437243
0|4|-0.232433|-0.046426|0.205339|-0.17629531|0.0518611|0.29768768
0|5|-0.110272|-0.11082|-0.132972|-0.57103|0.2593089|-0.26933354
0|6|0.660674|0.076405|0.136301|0.48388743|-0.2638334|-0.3661126
0|7|0.448719|-0.134675|-0.080614|0.043375473|-0.0979045|-0.36735475
0|8|0.348663|-0.027954|0.004701|0.16742271|0.12742637|-0.03783064
0|9|-0.612757|-0.153274|-0.140128|-0.6376452|0.09176847|0.14342217
0|10|-0.479107|0.13167|0.021978|-0.28199786|0.13319397|0.35053056
0|11|-0.219071|0.054957|-0.156037|0.87213016|0.23510087|-0.05089958
0|12|-1.057759|-1.605305|-1.432087|0.3407103|-0.1357486|-0.13583373
0|13|1.072109|1.510888|1.266886|-0.61842895|0.032129318|0.4518826
0|14|-0.126171|0.10771|0.133284|-0.056646194|-0.100214124|0.26020914
0|0|0.002739|-0.003246|-0.00241|-0.29966858|0.062181648|0.46296215
0|1|-0.00185|-0.001201|0.004357|-0.05082163|-0.0013398826|-0.6252799
0|2|-0.00185|0.003823|-0.00241|0.44868207|-0.89783883|0.30346894
0|3|-0.002739|0.003246|0.00241|0.6668018|-0.37472925|-0.1440092
0|4|0.00185|0.001201|-0.004357|-0.35244018|0.25447035|-0.24057588
0|5|0.00185|-0.003823|0.00241|0.08059144|0.74751693|-0.15739116
0|6|0.009017|-0.010125|-0.007517|-0.22791779|-0.28653836|-0.18482633
0|7|-0.005577|-0.003621|0.014004|-0.28344604|-0.050141074|-0.27025327
0|8|-0.005577|0.012358|-0.007517|-0.38099462|0.084386066|-0.23159072
0|9|-0.009017|0.010125|0.007517|-0.23649904|0.086373195|0.70492417
0|10|0.005577|0.003621|-0.014004|0.4462319|-0.10721139|-0.13323304
0|11|0.005577|-0.012358|0.007517|0.1058565|-0.2921375|0.6158111
0|12|-0.0|0.0|0.0|-0.061351765|0.5256164|0.0028651995
0|13|0.002386|0.001549|0.00115|-0.44817108|0.15686208|0.41382727
0|14|-0.002386|-0.001549|-0.00115|0.5931471|0.092529416|-0.51669973
0|0|0.264808|0.675881|-0.195794|-0.0041847974|0.25012952|-0.11330272
0|1|0.387155|0.532709|-0.326715|0.0016165972|0.48806646|-0.30349717
0|2|0.415025|0.537286|-0.380453|-0.098782554|0.18556608|-0.19440424
0|3|0.297957|0.515614|-0.323949|0.6490438|0.10900261|-0.4551422
0|4|-0.964065|0.308525|-0.399886|-0.26109383|-0.31533957|-0.25447714
0|5|-0.896838|0.356322|-0.488697|-0.42692444|-0.22346993|-0.38233677
0|6|-0.861616|0.281017|-0.266951|-0.5723798|-0.08038135|-0.33398235
0|7|-0.811085|0.377495|-0.324919|-0.28658342|0.38772446|-0.4637642
0|8|-0.133469|-0.314014|0.319585|-0.758268|0.45994174|-0.1566584
0|9|0.048576|-0.361897|0.427726|-0.64078057|-0.044293657|-0.28711867
0|10|-0.278823|0.009356|0.222315|-0.8809943|0.35282338|-0.29076988
0|11|-0.075731|-0.397646|0.356327|-0.72242415|0.12692785|0.033072807
0|12|-0.33626|-0.557718|0.426667|0.107369035|0.24469027|0.31986815
0|13|-0.269306|-0.578828|0.359204|-0.42778227|-0.068398386|0.14451846
0|14|-0.076675|-0.243547|0.054531|0.07816841|-0.36407894|-0.07093403
0|15|-0.316896|-0.498589|0.387287|0.10998702|-0.4469362|-0.04052784
0|16|0.561678|-0.508843|0.390566|0.45129323|-0.35209483|-0.07754725
0|17|0.702223|-0.357699|0.279827|0.06132885|-0.39893624|0.009637937
0|18|0.954576|-0.241269|0.312297|0.713079|-0.1966622|0.081303015
0|19|0.820053|-0.375654|0.49669|0.30776677|-0.1586974|0.13274464
0|20|-0.043257|0.254211|-0.239729|1.0642916|-0.29730445|0.43183577
0|21|0.048788|0.356306|-0.380495|0.5928386|-0.12313254|0.25582573
0|22|0.188726|0.297994|-0.314617|1.0604782|-0.49825162|0.64283246
0|23|0.098548|0.364526|-0.371812|0.45516723|-0.30164585|-0.19978352
0|24|-0.241537|-0.164246|0.17714|0.10289134|-0.00010486692|-0.0513706
0|25|0.033757|-0.340147|0.33553|-0.31493077|-0.09920413|-0.060473796
0|26|-0.049545|-0.241061|0.333705|0.13973086|0.050533026|0.01642546
0|27|0.164828|-0.282822|0.05207|0.3282758|0.3410861|0.2100752
0|28|-0.212736|-0.390771|-0.007433|0.043040417|-0.10211108|-0.025964644
0|29|-0.227453|-0.43123|-0.072047|-0.13313095|0.044326633|-0.42414194
0|30|-0.154513|-0.375587|-0.158917|0.00892105|0.08464771|-0.29271716
0|31|-0.802293|-0.033248|-0.041677|-0.36811313|0.27546006|-0.11638015
0|32|-0.787374|0.08573|-0.04535|-0.33464354|0.48822016|-0.05190006
0|33|-0.556471|0.092643|0.022257|-0.4836855|-0.022845265|-0.28667462
0|34|-0.715209|-0.071681|0.226723|-0.7929082|-0.08727196|0.08668941
0|35|-0.025551|0.268222|-0.350555|-0.32897323|0.12603478|0.24077423
0|36|0.015932|0.265766|-0.32595|-0.26547012|0.034335822|0.38730323
0|37|0.093582|0.280232|-0.374904|-0.14080098|-0.17233965|0.78682554
0|38|0.276621|0.102883|0.421389|0.54649067|-0.11979154|0.55910105
0|39|0.249969|0.292586|-0.226991|0.3980808|0.062806375|0.11663004
0|40|0.269348|0.471431|0.074812|-0.06950117|0.5107832|0.3322683
0|41|0.221001|0.473648|0.112903|0.21949704|-0.39443547|0.35463026
0|42|0.605741|0.034691|0.124974|0.38388267|0.40820453|0.17269668
0|43|0.871455|0.01149|0.053622|0.41518927|-0.5464971|0.29223716
0|44|0.719248|-0.11825|0.071148|0.3542933|-0.19813356|0.33642134
0|45|-0.227511|-0.201393|-0.251516|-0.15024158|-0.23914957|-0.9612736
0|46|0.435557|0.026725|-0.138219|0.09030407|-0.15952122|0.010861382
0|47|0.304798|-0.066149|-0.047259|0.558437|0.38356167|0.00061436
0|48|1.385706|0.057409|1.436334|0.38063356|-0.6755034|0.55909455
0|49|1.303026|0.12908|1.307232|0.5129606|-0.43089038|0.83908606
0|50|1.220962|0.302411|1.316286|0.20658804|0.0153877735|0.25165948
0|51|1.261764|0.18653|1.305357|0.20707008|-0.27726778|0.79910994
0|52|-1.442672|-0.185768|-1.264507|-0.13111366|0.14261663|-0.4589956
0|53|-1.169918|-0.148876|-1.21039|-0.57725036|0.6396786|-0.85894185
0|54|-1.255692|-0.164435|-1.349109|-0.3584125|0.33968282|-0.4144047
0|55|-1.312812|-0.171589|-1.410881|-0.56721026|0.4704603|-0.48471645
0|56|0.174459|0.02178|-0.124957|-0.27423617|-0.011070859|-0.36311135
0|57|-0.096235|0.040358|-0.048762|-0.3062415|0.3630937|0.18094002
0|58|-0.002566|-0.257242|-0.005765|-0.04522281|0.17667672|0.09228648
0|59|-0.05176|0.06934|0.064705|0.17356926|-0.15670775|-0.20205593
0|0|0.308203|-1.151992|0.739795|-0.08675368|-0.36890444|0.4475786
0|1|0.413722|-1.641677|0.912001|-0.039190885|-0.4801346|0.24823198
0|2|-0.135711|-1.579713|0.161106|-0.28874552|-0.24288008|-0.1045189
0|3|-0.098443|-1.640407|0.075576|-0.26868403|-0.23688757|-0.0014977008
0|4|0.771634|0.93093|0.419663|-0.3566386|0.60012084|-0.3753431
0|5|0.785033|1.042362|0.32562|0.061622765|0.5194574|0.17734715
0|6|-0.337429|1.296786|-0.785542|0.27335486|0.30403915|-0.34582043
0|7|-0.364523|1.59585|-0.904348|0.110607|0.46343008|-0.3773275
0|8|0.229342|1.442729|-0.135444|0.2683384|0.23097546|0.25604087
0|9|0.258245|1.79472|-0.257741|0.27322137|0.27842605|-0.034294203
0|10|-0.794918|-1.117638|-0.223012|-0.002966199|-0.63974977|-0.183974
0|11|-0.386793|0.396412|0.506177|-0.41843972|-0.14603919|-0.21739782
0|12|-0.336005|0.419072|0.502306|-0.26802337|-0.11512676|-0.075521745
0|13|0.11497|0.171381|-0.227303|-0.32755107|-0.74521804|-0.9657515
0|14|0.173567|0.315824|-0.230211|-0.62252784|-0.7355495|-0.7027354
0|15|1.095131|-0.414101|0.986749|0.01921767|0.027691072|0.10248786
0|16|0.884708|-0.589679|1.018994|-0.09929123|0.13427912|-0.053271007
0|17|0.057279|-0.595436|-0.347122|0.095866136|0.1692965|0.059065513
0|18|0.379361|-0.389158|-0.538406|0.16559568|0.19081432|0.039523073
0|19|-0.182845|-0.212138|0.13926|0.27141106|0.70636845|0.93394184
0|20|-0.203343|-0.184821|0.266387|0.49289173|0.6810729|0.7512561
0|21|-0.987349|0.632233|-0.982772|0.11078245|-0.057234|-0.10120585
0|22|-1.110414|0.436248|-1.091376|0.10324036|-0.0014274642|0.015644848
0|23|-0.040807|-0.891945|0.100475|0.18772146|-0.36738586|0.3643522
0|24|-2.120047|-0.003862|-0.875126|-0.7433803|-0.113312215|-0.029132389
0|25|-1.988084|-0.020103|-0.743294|-0.39518243|-0.17580262|0.11195567
0|26|1.543664|-0.440766|0.4805|0.38772768|0.18829599|-0.019464314
0|27|1.986501|0.167838|0.694441|0.72854745|0.17164272|-0.19631924
0|28|0.170545|0.377124|0.034032|0.29231632|-0.15032527|0.25547642
0|29|-0.085192|-0.146073|-0.021386|0.07491258|-0.0899332|0.020672334
0|0|0.264808|0.675881|-0.195794|-0.004184924|0.25012958|-0.11330272
0|1|0.387155|0.532709|-0.326715|0.001616545|0.48806646|-0.30349717
0|2|0.415025|0.537286|-0.380453|-0.098782554|0.18556611|-0.19440427
0|3|0.297957|0.515614|-0.323949|0.6490438|0.109002605|-0.45514214
0|4|-0.964065|0.308525|-0.399886|-0.26109383|-0.31533957|-0.25447708
0|5|-0.896838|0.356322|-0.488697|-0.42692447|-0.22346985|-0.38233674
0|6|-0.861616|0.281017|-0.266951|-0.5723799|-0.08038144|-0.3339823
0|7|-0.811085|0.377495|-0.324919|-0.28658342|0.38772446|-0.46376422
0|8|-0.133469|-0.314014|0.319585|-0.758268|0.4599418|-0.15665834
0|9|0.048576|-0.361897|0.427726|-0.64078045|-0.044293635|-0.28711864
0|10|-0.278823|0.009356|0.222315|-0.88099444|0.35282344|-0.2907699
0|11|-0.075731|-0.397646|0.356327|-0.72242415|0.12692784|0.033072814
0|12|-0.33626|-0.557718|0.426667|0.10736902|0.2446903|0.31986815
0|13|-0.269306|-0.578828|0.359204|-0.42778236|-0.06839838|0.14451844
0|14|-0.076675|-0.243547|0.054531|0.078168385|-0.36407894|-0.070933975
0|15|-0.316896|-0.498589|0.387287|0.10998708|-0.44693625|-0.040527973
0|16|0.561678|-0.508843|0.390566|0.45129314|-0.3520947|-0.07754732
0|17|0.702223|-0.357699|0.279827|0.06132876|-0.3989364|0.009638041
0|18|0.954576|-0.241269|0.312297|0.7130791|-0.19666219|0.081303
0|19|0.820053|-0.375654|0.49669|0.30776665|-0.15869738|0.1327446
0|20|-0.043257|0.254211|-0.239729|1.0642916|-0.29730442|0.43183577
0|21|0.048788|0.356306|-0.380495|0.5928385|-0.12313253|0.25582582
0|22|0.188726|0.297994|-0.314617|1.0604783|-0.49825168|0.6428325
0|23|0.098548|0.364526|-0.371812|0.45516726|-0.30164573|-0.19978349
0|24|-0.241537|-0.164246|0.17714|0.10289133|-0.00010483712|-0.051370546
0|25|0.033757|-0.340147|0.33553|-0.3149308|-0.09920419|-0.06047384
0|26|-0.049545|-0.241061|0.333705|0.13973092|0.050533|0.016425446
0|27|0.164828|-0.282822|0.05207|0.32827574|0.34108615|0.21007523
0|28|-0.212736|-0.390771|-0.007433|0.043040425|-0.10211111|-0.025964666
0|29|-0.227453|-0.43123|-0.072047|-0.13313095|0.044326633|-0.42414194
0|30|-0.154513|-0.375587|-0.158917|0.008921105|0.08464769|-0.29271722
0|31|-0.802293|-0.033248|-0.041677|-0.36811325|0.27546|-0.11638017
0|32|-0.787374|0.08573|-0.04535|-0.33464348|0.4882202|-0.05190014
0|33|-0.556471|0.092643|0.022257|-0.4836855|-0.022845356|-0.2866746
0|34|-0.715209|-0.071681|0.226723|-0.7929083|-0.08727199|0.08668952
0|35|-0.025551|0.268222|-0.350555|-0.32897323|0.1260347|0.24077427
0|36|0.015932|0.265766|-0.32595|-0.2654701|0.034335874|0.3873033
0|37|0.093582|0.280232|-0.374904|-0.14080097|-0.17233962|0.78682554
0|38|0.276621|0.102883|0.421389|0.54649067|-0.11979154|0.55910105
0|39|0.249969|0.292586|-0.226991|0.3980807|0.06280633|0.11663004
0|40|0.269348|0.471431|0.074812|-0.06950113|0.5107832|0.33226824
0|41|0.221001|0.473648|0.112903|0.21949701|-0.39443558|0.35463023
0|42|0.605741|0.034691|0.124974|0.38388264|0.40820453|0.17269665
0|43|0.871455|0.01149|0.053622|0.41518933|-0.5464971|0.29223716
0|44|0.719248|-0.11825|0.071148|0.35429338|-0.19813357|0.33642134
0|45|-0.227511|-0.201393|-0.251516|-0.15024146|-0.23914953|-0.96127355
0|46|0.435557|0.026725|-0.138219|0.09030402|-0.15952122|0.010861374
0|47|0.304798|-0.066149|-0.047259|0.558437|0.38356167|0.00061436
0|48|1.385706|0.057409|1.436334|0.38063362|-0.6755035|0.5590945
0|49|1.303026|0.12908|1.307232|0.51296055|-0.4308905|0.839086
0|50|1.220962|0.302411|1.316286|0.20658806|0.015387721|0.25165945
0|51|1.261764|0.18653|1.305357|0.2070702|-0.277268|0.79910994
0|52|-1.442672|-0.185768|-1.264507|-0.13111368|0.14261667|-0.45899558
0|53|-1.169918|-0.148876|-1.21039|-0.5772503|0.63967854|-0.85894203
0|54|-1.255692|-0.164435|-1.349109|-0.3584124|0.33968276|-0.4144048
0|55|-1.312812|-0.171589|-1.410881|-0.5672102|0.4704603|-0.4847164
0|56|0.174459|0.02178|-0.124957|-0.27423608|-0.011070892|-0.36311138
0|57|-0.096235|0.040358|-0.048762|-0.30624145|0.36309376|0.18094009
0|58|-0.002566|-0.257242|-0.005765|-0.04522278|0.17667675|0.09228648
0|59|-0.05176|0.06934|0.064705|0.17356934|-0.15670775|-0.20205596
