Automatically generated mesh
     666
Reciprocal lattice
    0.00000000000000    0.00000000000000    0.00000000000000             1
    0.09090909090909    0.00000000000000    0.00000000000000             2
    0.18181818181818    0.00000000000000    0.00000000000000             2
    0.27272727272727    0.00000000000000    0.00000000000000             2
    0.36363636363636    0.00000000000000    0.00000000000000             2
    0.45454545454545    0.00000000000000    0.00000000000000             2
    0.00000000000000    0.09090909090909    0.00000000000000             2
    0.09090909090909    0.09090909090909   -0.00000000000000             2
    0.18181818181818    0.09090909090909    0.00000000000000             2
    0.27272727272727    0.09090909090909    0.00000000000000             2
    0.36363636363636    0.09090909090909    0.00000000000000             2
    0.45454545454545    0.09090909090909    0.00000000000000             2
   -0.45454545454545    0.09090909090909    0.00000000000000             2
   -0.36363636363636    0.09090909090909   -0.00000000000000             2
   -0.27272727272727    0.09090909090909    0.00000000000000             2
   -0.18181818181818    0.09090909090909   -0.00000000000000             2
   -0.09090909090909    0.09090909090909   -0.00000000000000             2
    0.00000000000000    0.18181818181818    0.00000000000000             2
    0.09090909090909    0.18181818181818    0.00000000000000             2
    0.18181818181818    0.18181818181818   -0.00000000000000             2
    0.27272727272727    0.18181818181818    0.00000000000000             2
    0.36363636363636    0.18181818181818    0.00000000000000             2
    0.45454545454545    0.18181818181818    0.00000000000000             2
   -0.45454545454545    0.18181818181818   -0.00000000000000             2
   -0.36363636363636    0.18181818181818   -0.00000000000000             2
   -0.27272727272727    0.18181818181818   -0.00000000000000             2
   -0.18181818181818    0.18181818181818   -0.00000000000000             2
   -0.09090909090909    0.18181818181818   -0.00000000000000             2
    0.00000000000000    0.27272727272727    0.00000000000000             2
    0.09090909090909    0.27272727272727    0.00000000000000             2
    0.18181818181818    0.27272727272727    0.00000000000000             2
    0.27272727272727    0.27272727272727    0.00000000000000             2
    0.36363636363636    0.27272727272727    0.00000000000000             2
    0.45454545454545    0.27272727272727    0.00000000000000             2
   -0.45454545454545    0.27272727272727   -0.00000000000000             2
   -0.36363636363636    0.27272727272727   -0.00000000000000             2
   -0.27272727272727    0.27272727272727    0.00000000000000             2
   -0.18181818181818    0.27272727272727   -0.00000000000000             2
   -0.09090909090909    0.27272727272727    0.00000000000000             2
    0.00000000000000    0.36363636363636    0.00000000000000             2
    0.09090909090909    0.36363636363636    0.00000000000000             2
    0.18181818181818    0.36363636363636    0.00000000000000             2
    0.27272727272727    0.36363636363636    0.00000000000000             2
    0.36363636363636    0.36363636363636   -0.00000000000000             2
    0.45454545454545    0.36363636363636    0.00000000000000             2
   -0.45454545454545    0.36363636363636    0.00000000000000             2
   -0.36363636363636    0.36363636363636   -0.00000000000000             2
   -0.27272727272727    0.36363636363636    0.00000000000000             2
   -0.18181818181818    0.36363636363636   -0.00000000000000             2
   -0.09090909090909    0.36363636363636    0.00000000000000             2
    0.00000000000000    0.45454545454545    0.00000000000000             2
    0.09090909090909    0.45454545454545    0.00000000000000             2
    0.18181818181818    0.45454545454545    0.00000000000000             2
    0.27272727272727    0.45454545454545    0.00000000000000             2
    0.36363636363636    0.45454545454545    0.00000000000000             2
    0.45454545454545    0.45454545454545    0.00000000000000             2
   -0.45454545454545    0.45454545454545    0.00000000000000             2
   -0.36363636363636    0.45454545454545    0.00000000000000             2
   -0.27272727272727    0.45454545454545   -0.00000000000000             2
   -0.18181818181818    0.45454545454545    0.00000000000000             2
   -0.09090909090909    0.45454545454545    0.00000000000000             2
    0.00000000000000    0.00000000000000    0.09090909090909             2
    0.09090909090909    0.00000000000000    0.09090909090909             2
    0.18181818181818    0.00000000000000    0.09090909090909             2
    0.27272727272727    0.00000000000000    0.09090909090909             2
    0.36363636363636    0.00000000000000    0.09090909090909             2
    0.45454545454545    0.00000000000000    0.09090909090909             2
   -0.45454545454545   -0.00000000000000    0.09090909090909             2
   -0.36363636363636    0.00000000000000    0.09090909090909             2
   -0.27272727272727   -0.00000000000000    0.09090909090909             2
   -0.18181818181818    0.00000000000000    0.09090909090909             2
   -0.09090909090909    0.00000000000000    0.09090909090909             2
    0.00000000000000    0.09090909090909    0.09090909090909             2
    0.09090909090909    0.09090909090909    0.09090909090909             2
    0.18181818181818    0.09090909090909    0.09090909090909             2
    0.27272727272727    0.09090909090909    0.09090909090909             2
    0.36363636363636    0.09090909090909    0.09090909090909             2
    0.45454545454545    0.09090909090909    0.09090909090909             2
   -0.45454545454545    0.09090909090909    0.09090909090909             2
   -0.36363636363636    0.09090909090909    0.09090909090909             2
   -0.27272727272727    0.09090909090909    0.09090909090909             2
   -0.18181818181818    0.09090909090909    0.09090909090909             2
   -0.09090909090909    0.09090909090909    0.09090909090909             2
    0.00000000000000    0.18181818181818    0.09090909090909             2
    0.09090909090909    0.18181818181818    0.09090909090909             2
    0.18181818181818    0.18181818181818    0.09090909090909             2
    0.27272727272727    0.18181818181818    0.09090909090909             2
    0.36363636363636    0.18181818181818    0.09090909090909             2
    0.45454545454545    0.18181818181818    0.09090909090909             2
   -0.45454545454545    0.18181818181818    0.09090909090909             2
   -0.36363636363636    0.18181818181818    0.09090909090909             2
   -0.27272727272727    0.18181818181818    0.09090909090909             2
   -0.18181818181818    0.18181818181818    0.09090909090909             2
   -0.09090909090909    0.18181818181818    0.09090909090909             2
    0.00000000000000    0.27272727272727    0.09090909090909             2
    0.09090909090909    0.27272727272727    0.09090909090909             2
    0.18181818181818    0.27272727272727    0.09090909090909             2
    0.27272727272727    0.27272727272727    0.09090909090909             2
    0.36363636363636    0.27272727272727    0.09090909090909             2
    0.45454545454545    0.27272727272727    0.09090909090909             2
   -0.45454545454545    0.27272727272727    0.09090909090909             2
   -0.36363636363636    0.27272727272727    0.09090909090909             2
   -0.27272727272727    0.27272727272727    0.09090909090909             2
   -0.18181818181818    0.27272727272727    0.09090909090909             2
   -0.09090909090909    0.27272727272727    0.09090909090909             2
    0.00000000000000    0.36363636363636    0.09090909090909             2
    0.09090909090909    0.36363636363636    0.09090909090909             2
    0.18181818181818    0.36363636363636    0.09090909090909             2
    0.27272727272727    0.36363636363636    0.09090909090909             2
    0.36363636363636    0.36363636363636    0.09090909090909             2
    0.45454545454545    0.36363636363636    0.09090909090909             2
   -0.45454545454545    0.36363636363636    0.09090909090909             2
   -0.36363636363636    0.36363636363636    0.09090909090909             2
   -0.27272727272727    0.36363636363636    0.09090909090909             2
   -0.18181818181818    0.36363636363636    0.09090909090909             2
   -0.09090909090909    0.36363636363636    0.09090909090909             2
    0.00000000000000    0.45454545454545    0.09090909090909             2
    0.09090909090909    0.45454545454545    0.09090909090909             2
    0.18181818181818    0.45454545454545    0.09090909090909             2
    0.27272727272727    0.45454545454545    0.09090909090909             2
    0.36363636363636    0.45454545454545    0.09090909090909             2
    0.45454545454545    0.45454545454545    0.09090909090909             2
   -0.45454545454545    0.45454545454545    0.09090909090909             2
   -0.36363636363636    0.45454545454545    0.09090909090909             2
   -0.27272727272727    0.45454545454545    0.09090909090909             2
   -0.18181818181818    0.45454545454545    0.09090909090909             2
   -0.09090909090909    0.45454545454545    0.09090909090909             2
    0.00000000000000   -0.45454545454545    0.09090909090909             2
    0.09090909090909   -0.45454545454545    0.09090909090909             2
    0.18181818181818   -0.45454545454546    0.09090909090909             2
    0.27272727272727   -0.45454545454545    0.09090909090909             2
    0.36363636363636   -0.45454545454546    0.09090909090909             2
    0.45454545454545   -0.45454545454546    0.09090909090909             2
   -0.45454545454545   -0.45454545454545    0.09090909090909             2
   -0.36363636363636   -0.45454545454546    0.09090909090909             2
   -0.27272727272727   -0.45454545454546    0.09090909090909             2
   -0.18181818181818   -0.45454545454545    0.09090909090909             2
   -0.09090909090909   -0.45454545454545    0.09090909090909             2
    0.00000000000000   -0.36363636363636    0.09090909090909             2
    0.09090909090909   -0.36363636363636    0.09090909090909             2
    0.18181818181818   -0.36363636363636    0.09090909090909             2
    0.27272727272727   -0.36363636363636    0.09090909090909             2
    0.36363636363636   -0.36363636363636    0.09090909090909             2
    0.45454545454545   -0.36363636363636    0.09090909090909             2
   -0.45454545454545   -0.36363636363636    0.09090909090909             2
   -0.36363636363636   -0.36363636363636    0.09090909090909             2
   -0.27272727272727   -0.36363636363636    0.09090909090909             2
   -0.18181818181818   -0.36363636363636    0.09090909090909             2
   -0.09090909090909   -0.36363636363636    0.09090909090909             2
    0.00000000000000   -0.27272727272727    0.09090909090909             2
    0.09090909090909   -0.27272727272727    0.09090909090909             2
    0.18181818181818   -0.27272727272727    0.09090909090909             2
    0.27272727272727   -0.27272727272727    0.09090909090909             2
    0.36363636363636   -0.27272727272727    0.09090909090909             2
    0.45454545454545   -0.27272727272727    0.09090909090909             2
   -0.45454545454545   -0.27272727272727    0.09090909090909             2
   -0.36363636363636   -0.27272727272727    0.09090909090909             2
   -0.27272727272727   -0.27272727272727    0.09090909090909             2
   -0.18181818181818   -0.27272727272727    0.09090909090909             2
   -0.09090909090909   -0.27272727272727    0.09090909090909             2
    0.00000000000000   -0.18181818181818    0.09090909090909             2
    0.09090909090909   -0.18181818181818    0.09090909090909             2
    0.18181818181818   -0.18181818181818    0.09090909090909             2
    0.27272727272727   -0.18181818181818    0.09090909090909             2
    0.36363636363636   -0.18181818181818    0.09090909090909             2
    0.45454545454545   -0.18181818181818    0.09090909090909             2
   -0.45454545454545   -0.18181818181818    0.09090909090909             2
   -0.36363636363636   -0.18181818181818    0.09090909090909             2
   -0.27272727272727   -0.18181818181818    0.09090909090909             2
   -0.18181818181818   -0.18181818181818    0.09090909090909             2
   -0.09090909090909   -0.18181818181818    0.09090909090909             2
    0.00000000000000   -0.09090909090909    0.09090909090909             2
    0.09090909090909   -0.09090909090909    0.09090909090909             2
    0.18181818181818   -0.09090909090909    0.09090909090909             2
    0.27272727272727   -0.09090909090909    0.09090909090909             2
    0.36363636363636   -0.09090909090909    0.09090909090909             2
    0.45454545454545   -0.09090909090909    0.09090909090909             2
   -0.45454545454545   -0.09090909090909    0.09090909090909             2
   -0.36363636363636   -0.09090909090909    0.09090909090909             2
   -0.27272727272727   -0.09090909090909    0.09090909090909             2
   -0.18181818181818   -0.09090909090909    0.09090909090909             2
   -0.09090909090909   -0.09090909090909    0.09090909090909             2
    0.00000000000000    0.00000000000000    0.18181818181818             2
    0.09090909090909    0.00000000000000    0.18181818181818             2
    0.18181818181818    0.00000000000000    0.18181818181818             2
    0.27272727272727    0.00000000000000    0.18181818181818             2
    0.36363636363636    0.00000000000000    0.18181818181818             2
    0.45454545454545    0.00000000000000    0.18181818181818             2
   -0.45454545454545   -0.00000000000000    0.18181818181818             2
   -0.36363636363636    0.00000000000000    0.18181818181818             2
   -0.27272727272727   -0.00000000000000    0.18181818181818             2
   -0.18181818181818    0.00000000000000    0.18181818181818             2
   -0.09090909090909    0.00000000000000    0.18181818181818             2
    0.00000000000000    0.09090909090909    0.18181818181818             2
    0.09090909090909    0.09090909090909    0.18181818181818             2
    0.18181818181818    0.09090909090909    0.18181818181818             2
    0.27272727272727    0.09090909090909    0.18181818181818             2
    0.36363636363636    0.09090909090909    0.18181818181818             2
    0.45454545454545    0.09090909090909    0.18181818181818             2
   -0.45454545454545    0.09090909090909    0.18181818181818             2
   -0.36363636363636    0.09090909090909    0.18181818181818             2
   -0.27272727272727    0.09090909090909    0.18181818181818             2
   -0.18181818181818    0.09090909090909    0.18181818181818             2
   -0.09090909090909    0.09090909090909    0.18181818181818             2
    0.00000000000000    0.18181818181818    0.18181818181818             2
    0.09090909090909    0.18181818181818    0.18181818181818             2
    0.18181818181818    0.18181818181818    0.18181818181818             2
    0.27272727272727    0.18181818181818    0.18181818181818             2
    0.36363636363636    0.18181818181818    0.18181818181818             2
    0.45454545454545    0.18181818181818    0.18181818181818             2
   -0.45454545454545    0.18181818181818    0.18181818181818             2
   -0.36363636363636    0.18181818181818    0.18181818181818             2
   -0.27272727272727    0.18181818181818    0.18181818181818             2
   -0.18181818181818    0.18181818181818    0.18181818181818             2
   -0.09090909090909    0.18181818181818    0.18181818181818             2
    0.00000000000000    0.27272727272727    0.18181818181818             2
    0.09090909090909    0.27272727272727    0.18181818181818             2
    0.18181818181818    0.27272727272727    0.18181818181818             2
    0.27272727272727    0.27272727272727    0.18181818181818             2
    0.36363636363636    0.27272727272727    0.18181818181818             2
    0.45454545454545    0.27272727272727    0.18181818181818             2
   -0.45454545454545    0.27272727272727    0.18181818181818             2
   -0.36363636363636    0.27272727272727    0.18181818181818             2
   -0.27272727272727    0.27272727272727    0.18181818181818             2
   -0.18181818181818    0.27272727272727    0.18181818181818             2
   -0.09090909090909    0.27272727272727    0.18181818181818             2
    0.00000000000000    0.36363636363636    0.18181818181818             2
    0.09090909090909    0.36363636363636    0.18181818181818             2
    0.18181818181818    0.36363636363636    0.18181818181818             2
    0.27272727272727    0.36363636363636    0.18181818181818             2
    0.36363636363636    0.36363636363636    0.18181818181818             2
    0.45454545454545    0.36363636363636    0.18181818181818             2
   -0.45454545454545    0.36363636363636    0.18181818181818             2
   -0.36363636363636    0.36363636363636    0.18181818181818             2
   -0.27272727272727    0.36363636363636    0.18181818181818             2
   -0.18181818181818    0.36363636363636    0.18181818181818             2
   -0.09090909090909    0.36363636363636    0.18181818181818             2
    0.00000000000000    0.45454545454545    0.18181818181818             2
    0.09090909090909    0.45454545454545    0.18181818181818             2
    0.18181818181818    0.45454545454545    0.18181818181818             2
    0.27272727272727    0.45454545454545    0.18181818181818             2
    0.36363636363636    0.45454545454545    0.18181818181818             2
    0.45454545454545    0.45454545454545    0.18181818181818             2
   -0.45454545454545    0.45454545454545    0.18181818181818             2
   -0.36363636363636    0.45454545454545    0.18181818181818             2
   -0.27272727272727    0.45454545454545    0.18181818181818             2
   -0.18181818181818    0.45454545454545    0.18181818181818             2
   -0.09090909090909    0.45454545454545    0.18181818181818             2
    0.00000000000000   -0.45454545454545    0.18181818181818             2
    0.09090909090909   -0.45454545454545    0.18181818181818             2
    0.18181818181818   -0.45454545454546    0.18181818181818             2
    0.27272727272727   -0.45454545454545    0.18181818181818             2
    0.36363636363636   -0.45454545454546    0.18181818181818             2
    0.45454545454545   -0.45454545454546    0.18181818181818             2
   -0.45454545454545   -0.45454545454545    0.18181818181818             2
   -0.36363636363636   -0.45454545454546    0.18181818181818             2
   -0.27272727272727   -0.45454545454546    0.18181818181818             2
   -0.18181818181818   -0.45454545454545    0.18181818181818             2
   -0.09090909090909   -0.45454545454545    0.18181818181818             2
    0.00000000000000   -0.36363636363636    0.18181818181818             2
    0.09090909090909   -0.36363636363636    0.18181818181818             2
    0.18181818181818   -0.36363636363636    0.18181818181818             2
    0.27272727272727   -0.36363636363636    0.18181818181818             2
    0.36363636363636   -0.36363636363636    0.18181818181818             2
    0.45454545454545   -0.36363636363636    0.18181818181818             2
   -0.45454545454545   -0.36363636363636    0.18181818181818             2
   -0.36363636363636   -0.36363636363636    0.18181818181818             2
   -0.27272727272727   -0.36363636363636    0.18181818181818             2
   -0.18181818181818   -0.36363636363636    0.18181818181818             2
   -0.09090909090909   -0.36363636363636    0.18181818181818             2
    0.00000000000000   -0.27272727272727    0.18181818181818             2
    0.09090909090909   -0.27272727272727    0.18181818181818             2
    0.18181818181818   -0.27272727272727    0.18181818181818             2
    0.27272727272727   -0.27272727272727    0.18181818181818             2
    0.36363636363636   -0.27272727272727    0.18181818181818             2
    0.45454545454545   -0.27272727272727    0.18181818181818             2
   -0.45454545454545   -0.27272727272727    0.18181818181818             2
   -0.36363636363636   -0.27272727272727    0.18181818181818             2
   -0.27272727272727   -0.27272727272727    0.18181818181818             2
   -0.18181818181818   -0.27272727272727    0.18181818181818             2
   -0.09090909090909   -0.27272727272727    0.18181818181818             2
    0.00000000000000   -0.18181818181818    0.18181818181818             2
    0.09090909090909   -0.18181818181818    0.18181818181818             2
    0.18181818181818   -0.18181818181818    0.18181818181818             2
    0.27272727272727   -0.18181818181818    0.18181818181818             2
    0.36363636363636   -0.18181818181818    0.18181818181818             2
    0.45454545454545   -0.18181818181818    0.18181818181818             2
   -0.45454545454545   -0.18181818181818    0.18181818181818             2
   -0.36363636363636   -0.18181818181818    0.18181818181818             2
   -0.27272727272727   -0.18181818181818    0.18181818181818             2
   -0.18181818181818   -0.18181818181818    0.18181818181818             2
   -0.09090909090909   -0.18181818181818    0.18181818181818             2
    0.00000000000000   -0.09090909090909    0.18181818181818             2
    0.09090909090909   -0.09090909090909    0.18181818181818             2
    0.18181818181818   -0.09090909090909    0.18181818181818             2
    0.27272727272727   -0.09090909090909    0.18181818181818             2
    0.36363636363636   -0.09090909090909    0.18181818181818             2
    0.45454545454545   -0.09090909090909    0.18181818181818             2
   -0.45454545454545   -0.09090909090909    0.18181818181818             2
   -0.36363636363636   -0.09090909090909    0.18181818181818             2
   -0.27272727272727   -0.09090909090909    0.18181818181818             2
   -0.18181818181818   -0.09090909090909    0.18181818181818             2
   -0.09090909090909   -0.09090909090909    0.18181818181818             2
    0.00000000000000    0.00000000000000    0.27272727272727             2
    0.09090909090909    0.00000000000000    0.27272727272727             2
    0.18181818181818    0.00000000000000    0.27272727272727             2
    0.27272727272727    0.00000000000000    0.27272727272727             2
    0.36363636363636    0.00000000000000    0.27272727272727             2
    0.45454545454545    0.00000000000000    0.27272727272727             2
   -0.45454545454545   -0.00000000000000    0.27272727272727             2
   -0.36363636363636    0.00000000000000    0.27272727272727             2
   -0.27272727272727   -0.00000000000000    0.27272727272727             2
   -0.18181818181818    0.00000000000000    0.27272727272727             2
   -0.09090909090909    0.00000000000000    0.27272727272727             2
    0.00000000000000    0.09090909090909    0.27272727272727             2
    0.09090909090909    0.09090909090909    0.27272727272727             2
    0.18181818181818    0.09090909090909    0.27272727272727             2
    0.27272727272727    0.09090909090909    0.27272727272727             2
    0.36363636363636    0.09090909090909    0.27272727272727             2
    0.45454545454545    0.09090909090909    0.27272727272727             2
   -0.45454545454545    0.09090909090909    0.27272727272727             2
   -0.36363636363636    0.09090909090909    0.27272727272727             2
   -0.27272727272727    0.09090909090909    0.27272727272727             2
   -0.18181818181818    0.09090909090909    0.27272727272727             2
   -0.09090909090909    0.09090909090909    0.27272727272727             2
    0.00000000000000    0.18181818181818    0.27272727272727             2
    0.09090909090909    0.18181818181818    0.27272727272727             2
    0.18181818181818    0.18181818181818    0.27272727272727             2
    0.27272727272727    0.18181818181818    0.27272727272727             2
    0.36363636363636    0.18181818181818    0.27272727272727             2
    0.45454545454545    0.18181818181818    0.27272727272727             2
   -0.45454545454545    0.18181818181818    0.27272727272727             2
   -0.36363636363636    0.18181818181818    0.27272727272727             2
   -0.27272727272727    0.18181818181818    0.27272727272727             2
   -0.18181818181818    0.18181818181818    0.27272727272727             2
   -0.09090909090909    0.18181818181818    0.27272727272727             2
    0.00000000000000    0.27272727272727    0.27272727272727             2
    0.09090909090909    0.27272727272727    0.27272727272727             2
    0.18181818181818    0.27272727272727    0.27272727272727             2
    0.27272727272727    0.27272727272727    0.27272727272727             2
    0.36363636363636    0.27272727272727    0.27272727272727             2
    0.45454545454545    0.27272727272727    0.27272727272727             2
   -0.45454545454545    0.27272727272727    0.27272727272727             2
   -0.36363636363636    0.27272727272727    0.27272727272727             2
   -0.27272727272727    0.27272727272727    0.27272727272727             2
   -0.18181818181818    0.27272727272727    0.27272727272727             2
   -0.09090909090909    0.27272727272727    0.27272727272727             2
    0.00000000000000    0.36363636363636    0.27272727272727             2
    0.09090909090909    0.36363636363636    0.27272727272727             2
    0.18181818181818    0.36363636363636    0.27272727272727             2
    0.27272727272727    0.36363636363636    0.27272727272727             2
    0.36363636363636    0.36363636363636    0.27272727272727             2
    0.45454545454545    0.36363636363636    0.27272727272727             2
   -0.45454545454545    0.36363636363636    0.27272727272727             2
   -0.36363636363636    0.36363636363636    0.27272727272727             2
   -0.27272727272727    0.36363636363636    0.27272727272727             2
   -0.18181818181818    0.36363636363636    0.27272727272727             2
   -0.09090909090909    0.36363636363636    0.27272727272727             2
    0.00000000000000    0.45454545454545    0.27272727272727             2
    0.09090909090909    0.45454545454545    0.27272727272727             2
    0.18181818181818    0.45454545454545    0.27272727272727             2
    0.27272727272727    0.45454545454545    0.27272727272727             2
    0.36363636363636    0.45454545454545    0.27272727272727             2
    0.45454545454545    0.45454545454545    0.27272727272727             2
   -0.45454545454545    0.45454545454545    0.27272727272727             2
   -0.36363636363636    0.45454545454545    0.27272727272727             2
   -0.27272727272727    0.45454545454545    0.27272727272727             2
   -0.18181818181818    0.45454545454545    0.27272727272727             2
   -0.09090909090909    0.45454545454545    0.27272727272727             2
    0.00000000000000   -0.45454545454545    0.27272727272727             2
    0.09090909090909   -0.45454545454545    0.27272727272727             2
    0.18181818181818   -0.45454545454546    0.27272727272727             2
    0.27272727272727   -0.45454545454545    0.27272727272727             2
    0.36363636363636   -0.45454545454546    0.27272727272727             2
    0.45454545454545   -0.45454545454546    0.27272727272727             2
   -0.45454545454545   -0.45454545454545    0.27272727272727             2
   -0.36363636363636   -0.45454545454546    0.27272727272727             2
   -0.27272727272727   -0.45454545454546    0.27272727272727             2
   -0.18181818181818   -0.45454545454545    0.27272727272727             2
   -0.09090909090909   -0.45454545454545    0.27272727272727             2
    0.00000000000000   -0.36363636363636    0.27272727272727             2
    0.09090909090909   -0.36363636363636    0.27272727272727             2
    0.18181818181818   -0.36363636363636    0.27272727272727             2
    0.27272727272727   -0.36363636363636    0.27272727272727             2
    0.36363636363636   -0.36363636363636    0.27272727272727             2
    0.45454545454545   -0.36363636363636    0.27272727272727             2
   -0.45454545454545   -0.36363636363636    0.27272727272727             2
   -0.36363636363636   -0.36363636363636    0.27272727272727             2
   -0.27272727272727   -0.36363636363636    0.27272727272727             2
   -0.18181818181818   -0.36363636363636    0.27272727272727             2
   -0.09090909090909   -0.36363636363636    0.27272727272727             2
    0.00000000000000   -0.27272727272727    0.27272727272727             2
    0.09090909090909   -0.27272727272727    0.27272727272727             2
    0.18181818181818   -0.27272727272727    0.27272727272727             2
    0.27272727272727   -0.27272727272727    0.27272727272727             2
    0.36363636363636   -0.27272727272727    0.27272727272727             2
    0.45454545454545   -0.27272727272727    0.27272727272727             2
   -0.45454545454545   -0.27272727272727    0.27272727272727             2
   -0.36363636363636   -0.27272727272727    0.27272727272727             2
   -0.27272727272727   -0.27272727272727    0.27272727272727             2
   -0.18181818181818   -0.27272727272727    0.27272727272727             2
   -0.09090909090909   -0.27272727272727    0.27272727272727             2
    0.00000000000000   -0.18181818181818    0.27272727272727             2
    0.09090909090909   -0.18181818181818    0.27272727272727             2
    0.18181818181818   -0.18181818181818    0.27272727272727             2
    0.27272727272727   -0.18181818181818    0.27272727272727             2
    0.36363636363636   -0.18181818181818    0.27272727272727             2
    0.45454545454545   -0.18181818181818    0.27272727272727             2
   -0.45454545454545   -0.18181818181818    0.27272727272727             2
   -0.36363636363636   -0.18181818181818    0.27272727272727             2
   -0.27272727272727   -0.18181818181818    0.27272727272727             2
   -0.18181818181818   -0.18181818181818    0.27272727272727             2
   -0.09090909090909   -0.18181818181818    0.27272727272727             2
    0.00000000000000   -0.09090909090909    0.27272727272727             2
    0.09090909090909   -0.09090909090909    0.27272727272727             2
    0.18181818181818   -0.09090909090909    0.27272727272727             2
    0.27272727272727   -0.09090909090909    0.27272727272727             2
    0.36363636363636   -0.09090909090909    0.27272727272727             2
    0.45454545454545   -0.09090909090909    0.27272727272727             2
   -0.45454545454545   -0.09090909090909    0.27272727272727             2
   -0.36363636363636   -0.09090909090909    0.27272727272727             2
   -0.27272727272727   -0.09090909090909    0.27272727272727             2
   -0.18181818181818   -0.09090909090909    0.27272727272727             2
   -0.09090909090909   -0.09090909090909    0.27272727272727             2
    0.00000000000000    0.00000000000000    0.36363636363636             2
    0.09090909090909    0.00000000000000    0.36363636363636             2
    0.18181818181818    0.00000000000000    0.36363636363636             2
    0.27272727272727    0.00000000000000    0.36363636363636             2
    0.36363636363636    0.00000000000000    0.36363636363636             2
    0.45454545454545    0.00000000000000    0.36363636363636             2
   -0.45454545454545   -0.00000000000000    0.36363636363636             2
   -0.36363636363636    0.00000000000000    0.36363636363636             2
   -0.27272727272727   -0.00000000000000    0.36363636363636             2
   -0.18181818181818    0.00000000000000    0.36363636363636             2
   -0.09090909090909    0.00000000000000    0.36363636363636             2
    0.00000000000000    0.09090909090909    0.36363636363636             2
    0.09090909090909    0.09090909090909    0.36363636363636             2
    0.18181818181818    0.09090909090909    0.36363636363636             2
    0.27272727272727    0.09090909090909    0.36363636363636             2
    0.36363636363636    0.09090909090909    0.36363636363636             2
    0.45454545454545    0.09090909090909    0.36363636363636             2
   -0.45454545454545    0.09090909090909    0.36363636363636             2
   -0.36363636363636    0.09090909090909    0.36363636363636             2
   -0.27272727272727    0.09090909090909    0.36363636363636             2
   -0.18181818181818    0.09090909090909    0.36363636363636             2
   -0.09090909090909    0.09090909090909    0.36363636363636             2
    0.00000000000000    0.18181818181818    0.36363636363636             2
    0.09090909090909    0.18181818181818    0.36363636363636             2
    0.18181818181818    0.18181818181818    0.36363636363636             2
    0.27272727272727    0.18181818181818    0.36363636363636             2
    0.36363636363636    0.18181818181818    0.36363636363636             2
    0.45454545454545    0.18181818181818    0.36363636363636             2
   -0.45454545454545    0.18181818181818    0.36363636363636             2
   -0.36363636363636    0.18181818181818    0.36363636363636             2
   -0.27272727272727    0.18181818181818    0.36363636363636             2
   -0.18181818181818    0.18181818181818    0.36363636363636             2
   -0.09090909090909    0.18181818181818    0.36363636363636             2
    0.00000000000000    0.27272727272727    0.36363636363636             2
    0.09090909090909    0.27272727272727    0.36363636363636             2
    0.18181818181818    0.27272727272727    0.36363636363636             2
    0.27272727272727    0.27272727272727    0.36363636363636             2
    0.36363636363636    0.27272727272727    0.36363636363636             2
    0.45454545454545    0.27272727272727    0.36363636363636             2
   -0.45454545454545    0.27272727272727    0.36363636363636             2
   -0.36363636363636    0.27272727272727    0.36363636363636             2
   -0.27272727272727    0.27272727272727    0.36363636363636             2
   -0.18181818181818    0.27272727272727    0.36363636363636             2
   -0.09090909090909    0.27272727272727    0.36363636363636             2
    0.00000000000000    0.36363636363636    0.36363636363636             2
    0.09090909090909    0.36363636363636    0.36363636363636             2
    0.18181818181818    0.36363636363636    0.36363636363636             2
    0.27272727272727    0.36363636363636    0.36363636363636             2
    0.36363636363636    0.36363636363636    0.36363636363636             2
    0.45454545454545    0.36363636363636    0.36363636363636             2
   -0.45454545454545    0.36363636363636    0.36363636363636             2
   -0.36363636363636    0.36363636363636    0.36363636363636             2
   -0.27272727272727    0.36363636363636    0.36363636363636             2
   -0.18181818181818    0.36363636363636    0.36363636363636             2
   -0.09090909090909    0.36363636363636    0.36363636363636             2
    0.00000000000000    0.45454545454545    0.36363636363636             2
    0.09090909090909    0.45454545454545    0.36363636363636             2
    0.18181818181818    0.45454545454545    0.36363636363636             2
    0.27272727272727    0.45454545454545    0.36363636363636             2
    0.36363636363636    0.45454545454545    0.36363636363636             2
    0.45454545454545    0.45454545454545    0.36363636363636             2
   -0.45454545454545    0.45454545454545    0.36363636363636             2
   -0.36363636363636    0.45454545454545    0.36363636363636             2
   -0.27272727272727    0.45454545454545    0.36363636363636             2
   -0.18181818181818    0.45454545454545    0.36363636363636             2
   -0.09090909090909    0.45454545454545    0.36363636363636             2
    0.00000000000000   -0.45454545454545    0.36363636363636             2
    0.09090909090909   -0.45454545454545    0.36363636363636             2
    0.18181818181818   -0.45454545454546    0.36363636363636             2
    0.27272727272727   -0.45454545454545    0.36363636363636             2
    0.36363636363636   -0.45454545454546    0.36363636363636             2
    0.45454545454545   -0.45454545454546    0.36363636363636             2
   -0.45454545454545   -0.45454545454545    0.36363636363636             2
   -0.36363636363636   -0.45454545454546    0.36363636363636             2
   -0.27272727272727   -0.45454545454546    0.36363636363636             2
   -0.18181818181818   -0.45454545454545    0.36363636363636             2
   -0.09090909090909   -0.45454545454545    0.36363636363636             2
    0.00000000000000   -0.36363636363636    0.36363636363636             2
    0.09090909090909   -0.36363636363636    0.36363636363636             2
    0.18181818181818   -0.36363636363636    0.36363636363636             2
    0.27272727272727   -0.36363636363636    0.36363636363636             2
    0.36363636363636   -0.36363636363636    0.36363636363636             2
    0.45454545454545   -0.36363636363636    0.36363636363636             2
   -0.45454545454545   -0.36363636363636    0.36363636363636             2
   -0.36363636363636   -0.36363636363636    0.36363636363636             2
   -0.27272727272727   -0.36363636363636    0.36363636363636             2
   -0.18181818181818   -0.36363636363636    0.36363636363636             2
   -0.09090909090909   -0.36363636363636    0.36363636363636             2
    0.00000000000000   -0.27272727272727    0.36363636363636             2
    0.09090909090909   -0.27272727272727    0.36363636363636             2
    0.18181818181818   -0.27272727272727    0.36363636363636             2
    0.27272727272727   -0.27272727272727    0.36363636363636             2
    0.36363636363636   -0.27272727272727    0.36363636363636             2
    0.45454545454545   -0.27272727272727    0.36363636363636             2
   -0.45454545454545   -0.27272727272727    0.36363636363636             2
   -0.36363636363636   -0.27272727272727    0.36363636363636             2
   -0.27272727272727   -0.27272727272727    0.36363636363636             2
   -0.18181818181818   -0.27272727272727    0.36363636363636             2
   -0.09090909090909   -0.27272727272727    0.36363636363636             2
    0.00000000000000   -0.18181818181818    0.36363636363636             2
    0.09090909090909   -0.18181818181818    0.36363636363636             2
    0.18181818181818   -0.18181818181818    0.36363636363636             2
    0.27272727272727   -0.18181818181818    0.36363636363636             2
    0.36363636363636   -0.18181818181818    0.36363636363636             2
    0.45454545454545   -0.18181818181818    0.36363636363636             2
   -0.45454545454545   -0.18181818181818    0.36363636363636             2
   -0.36363636363636   -0.18181818181818    0.36363636363636             2
   -0.27272727272727   -0.18181818181818    0.36363636363636             2
   -0.18181818181818   -0.18181818181818    0.36363636363636             2
   -0.09090909090909   -0.18181818181818    0.36363636363636             2
    0.00000000000000   -0.09090909090909    0.36363636363636             2
    0.09090909090909   -0.09090909090909    0.36363636363636             2
    0.18181818181818   -0.09090909090909    0.36363636363636             2
    0.27272727272727   -0.09090909090909    0.36363636363636             2
    0.36363636363636   -0.09090909090909    0.36363636363636             2
    0.45454545454545   -0.09090909090909    0.36363636363636             2
   -0.45454545454545   -0.09090909090909    0.36363636363636             2
   -0.36363636363636   -0.09090909090909    0.36363636363636             2
   -0.27272727272727   -0.09090909090909    0.36363636363636             2
   -0.18181818181818   -0.09090909090909    0.36363636363636             2
   -0.09090909090909   -0.09090909090909    0.36363636363636             2
    0.00000000000000    0.00000000000000    0.45454545454545             2
    0.09090909090909    0.00000000000000    0.45454545454545             2
    0.18181818181818    0.00000000000000    0.45454545454545             2
    0.27272727272727    0.00000000000000    0.45454545454545             2
    0.36363636363636    0.00000000000000    0.45454545454545             2
    0.45454545454545    0.00000000000000    0.45454545454545             2
   -0.45454545454545   -0.00000000000000    0.45454545454545             2
   -0.36363636363636    0.00000000000000    0.45454545454545             2
   -0.27272727272727   -0.00000000000000    0.45454545454545             2
   -0.18181818181818    0.00000000000000    0.45454545454545             2
   -0.09090909090909    0.00000000000000    0.45454545454545             2
    0.00000000000000    0.09090909090909    0.45454545454545             2
    0.09090909090909    0.09090909090909    0.45454545454545             2
    0.18181818181818    0.09090909090909    0.45454545454545             2
    0.27272727272727    0.09090909090909    0.45454545454545             2
    0.36363636363636    0.09090909090909    0.45454545454545             2
    0.45454545454545    0.09090909090909    0.45454545454545             2
   -0.45454545454545    0.09090909090909    0.45454545454545             2
   -0.36363636363636    0.09090909090909    0.45454545454545             2
   -0.27272727272727    0.09090909090909    0.45454545454545             2
   -0.18181818181818    0.09090909090909    0.45454545454545             2
   -0.09090909090909    0.09090909090909    0.45454545454545             2
    0.00000000000000    0.18181818181818    0.45454545454545             2
    0.09090909090909    0.18181818181818    0.45454545454545             2
    0.18181818181818    0.18181818181818    0.45454545454545             2
    0.27272727272727    0.18181818181818    0.45454545454545             2
    0.36363636363636    0.18181818181818    0.45454545454545             2
    0.45454545454545    0.18181818181818    0.45454545454545             2
   -0.45454545454545    0.18181818181818    0.45454545454545             2
   -0.36363636363636    0.18181818181818    0.45454545454545             2
   -0.27272727272727    0.18181818181818    0.45454545454545             2
   -0.18181818181818    0.18181818181818    0.45454545454545             2
   -0.09090909090909    0.18181818181818    0.45454545454545             2
    0.00000000000000    0.27272727272727    0.45454545454546             2
    0.09090909090909    0.27272727272727    0.45454545454545             2
    0.18181818181818    0.27272727272727    0.45454545454545             2
    0.27272727272727    0.27272727272727    0.45454545454546             2
    0.36363636363636    0.27272727272727    0.45454545454545             2
    0.45454545454545    0.27272727272727    0.45454545454546             2
   -0.45454545454545    0.27272727272727    0.45454545454545             2
   -0.36363636363636    0.27272727272727    0.45454545454545             2
   -0.27272727272727    0.27272727272727    0.45454545454546             2
   -0.18181818181818    0.27272727272727    0.45454545454545             2
   -0.09090909090909    0.27272727272727    0.45454545454545             2
    0.00000000000000    0.36363636363636    0.45454545454545             2
    0.09090909090909    0.36363636363636    0.45454545454546             2
    0.18181818181818    0.36363636363636    0.45454545454546             2
    0.27272727272727    0.36363636363636    0.45454545454545             2
    0.36363636363636    0.36363636363636    0.45454545454545             2
    0.45454545454545    0.36363636363636    0.45454545454545             2
   -0.45454545454545    0.36363636363636    0.45454545454545             2
   -0.36363636363636    0.36363636363636    0.45454545454546             2
   -0.27272727272727    0.36363636363636    0.45454545454545             2
   -0.18181818181818    0.36363636363636    0.45454545454545             2
   -0.09090909090909    0.36363636363636    0.45454545454545             2
    0.00000000000000    0.45454545454545    0.45454545454546             2
    0.09090909090909    0.45454545454545    0.45454545454546             2
    0.18181818181818    0.45454545454545    0.45454545454546             2
    0.27272727272727    0.45454545454545    0.45454545454545             2
    0.36363636363636    0.45454545454545    0.45454545454546             2
    0.45454545454545    0.45454545454545    0.45454545454545             2
   -0.45454545454545    0.45454545454545    0.45454545454545             2
   -0.36363636363636    0.45454545454545    0.45454545454545             2
   -0.27272727272727    0.45454545454545    0.45454545454545             2
   -0.18181818181818    0.45454545454545    0.45454545454545             2
   -0.09090909090909    0.45454545454545    0.45454545454545             2
    0.00000000000000   -0.45454545454545    0.45454545454546             2
    0.09090909090909   -0.45454545454545    0.45454545454546             2
    0.18181818181818   -0.45454545454546    0.45454545454545             2
    0.27272727272727   -0.45454545454545    0.45454545454545             2
    0.36363636363636   -0.45454545454546    0.45454545454545             2
    0.45454545454545   -0.45454545454546    0.45454545454545             2
   -0.45454545454545   -0.45454545454545    0.45454545454545             2
   -0.36363636363636   -0.45454545454546    0.45454545454545             2
   -0.27272727272727   -0.45454545454546    0.45454545454545             2
   -0.18181818181818   -0.45454545454545    0.45454545454545             2
   -0.09090909090909   -0.45454545454545    0.45454545454545             2
    0.00000000000000   -0.36363636363636    0.45454545454545             2
    0.09090909090909   -0.36363636363636    0.45454545454545             2
    0.18181818181818   -0.36363636363636    0.45454545454545             2
    0.27272727272727   -0.36363636363636    0.45454545454545             2
    0.36363636363636   -0.36363636363636    0.45454545454546             2
    0.45454545454545   -0.36363636363636    0.45454545454545             2
   -0.45454545454545   -0.36363636363636    0.45454545454545             2
   -0.36363636363636   -0.36363636363636    0.45454545454545             2
   -0.27272727272727   -0.36363636363636    0.45454545454545             2
   -0.18181818181818   -0.36363636363636    0.45454545454545             2
   -0.09090909090909   -0.36363636363636    0.45454545454545             2
    0.00000000000000   -0.27272727272727    0.45454545454545             2
    0.09090909090909   -0.27272727272727    0.45454545454545             2
    0.18181818181818   -0.27272727272727    0.45454545454545             2
    0.27272727272727   -0.27272727272727    0.45454545454545             2
    0.36363636363636   -0.27272727272727    0.45454545454545             2
    0.45454545454545   -0.27272727272727    0.45454545454546             2
   -0.45454545454545   -0.27272727272727    0.45454545454545             2
   -0.36363636363636   -0.27272727272727    0.45454545454545             2
   -0.27272727272727   -0.27272727272727    0.45454545454545             2
   -0.18181818181818   -0.27272727272727    0.45454545454546             2
   -0.09090909090909   -0.27272727272727    0.45454545454545             2
    0.00000000000000   -0.18181818181818    0.45454545454545             2
    0.09090909090909   -0.18181818181818    0.45454545454545             2
    0.18181818181818   -0.18181818181818    0.45454545454545             2
    0.27272727272727   -0.18181818181818    0.45454545454545             2
    0.36363636363636   -0.18181818181818    0.45454545454545             2
    0.45454545454545   -0.18181818181818    0.45454545454545             2
   -0.45454545454545   -0.18181818181818    0.45454545454545             2
   -0.36363636363636   -0.18181818181818    0.45454545454545             2
   -0.27272727272727   -0.18181818181818    0.45454545454545             2
   -0.18181818181818   -0.18181818181818    0.45454545454546             2
   -0.09090909090909   -0.18181818181818    0.45454545454545             2
    0.00000000000000   -0.09090909090909    0.45454545454545             2
    0.09090909090909   -0.09090909090909    0.45454545454545             2
    0.18181818181818   -0.09090909090909    0.45454545454545             2
    0.27272727272727   -0.09090909090909    0.45454545454545             2
    0.36363636363636   -0.09090909090909    0.45454545454545             2
    0.45454545454545   -0.09090909090909    0.45454545454545             2
   -0.45454545454545   -0.09090909090909    0.45454545454545             2
   -0.36363636363636   -0.09090909090909    0.45454545454545             2
   -0.27272727272727   -0.09090909090909    0.45454545454546             2
   -0.18181818181818   -0.09090909090909    0.45454545454545             2
   -0.09090909090909   -0.09090909090909    0.45454545454545             2
Tetrahedra
      3990    0.00012521913348
         2         1         7         8        74
         2         1         2         8        74
         2         1         2        63        74
         2         1         7        73        74
         2         1        62        73        74
         2         1        62        63        74
         2         2         8         9        75
         2         2         3         9        75
         2         2         3        64        75
         2         2         8        74        75
         2         2        63        74        75
         2         2        63        64        75
         2         3         9        10        76
         2         3         4        10        76
         2         3         4        65        76
         2         3         9        75        76
         2         3        64        75        76
         2         3        64        65        76
         2         4        10        11        77
         2         4         5        11        77
         2         4         5        66        77
         2         4        10        76        77
         2         4        65        76        77
         2         4        65        66        77
         2         5        11        12        78
         2         5         6        12        78
         2         5         6        67        78
         2         5        11        77        78
         2         5        66        77        78
         2         5        66        67        78
         2         6        12        13        79
         2         6         6        13        79
         2         6         6        68        79
         2         6        12        78        79
         2         6        67        78        79
         2         6        67        68        79
         2         6        13        14        80
         2         5         6        14        80
         2         5         6        69        80
         2         6        13        79        80
         2         6        68        79        80
         2         6        68        69        80
         2         5        14        15        81
         2         4         5        15        81
         2         4         5        70        81
         2         5        14        80        81
         2         5        69        80        81
         2         5        69        70        81
         2         4        15        16        82
         2         3         4        16        82
         2         3         4        71        82
         2         4        15        81        82
         2         4        70        81        82
         2         4        70        71        82
         2         3        16        17        83
         2         2         3        17        83
         2         2         3        72        83
         2         3        16        82        83
         2         3        71        82        83
         2         3        71        72        83
         2         2         7        17        73
         2         1         2         7        73
         2         1         2        62        73
         2         2        17        73        83
         2         2        72        73        83
         2         2        62        72        73
         2         7        18        19        85
         2         7         8        19        85
         2         7         8        74        85
         2         7        18        84        85
         2         7        73        84        85
         2         7        73        74        85
         2         8        19        20        86
         2         8         9        20        86
         2         8         9        75        86
         2         8        19        85        86
         2         8        74        85        86
         2         8        74        75        86
         2         9        20        21        87
         2         9        10        21        87
         2         9        10        76        87
         2         9        20        86        87
         2         9        75        86        87
         2         9        75        76        87
         2        10        21        22        88
         2        10        11        22        88
         2        10        11        77        88
         2        10        21        87        88
         2        10        76        87        88
         2        10        76        77        88
         2        11        22        23        89
         2        11        12        23        89
         2        11        12        78        89
         2        11        22        88        89
         2        11        77        88        89
         2        11        77        78        89
         2        12        23        24        90
         2        12        13        24        90
         2        12        13        79        90
         2        12        23        89        90
         2        12        78        89        90
         2        12        78        79        90
         2        13        24        25        91
         2        13        14        25        91
         2        13        14        80        91
         2        13        24        90        91
         2        13        79        90        91
         2        13        79        80        91
         2        14        25        26        92
         2        14        15        26        92
         2        14        15        81        92
         2        14        25        91        92
         2        14        80        91        92
         2        14        80        81        92
         2        15        26        27        93
         2        15        16        27        93
         2        15        16        82        93
         2        15        26        92        93
         2        15        81        92        93
         2        15        81        82        93
         2        16        27        28        94
         2        16        17        28        94
         2        16        17        83        94
         2        16        27        93        94
         2        16        82        93        94
         2        16        82        83        94
         2        17        18        28        84
         2         7        17        18        84
         2         7        17        73        84
         2        17        28        84        94
         2        17        83        84        94
         2        17        73        83        84
         2        18        29        30        96
         2        18        19        30        96
         2        18        19        85        96
         2        18        29        95        96
         2        18        84        95        96
         2        18        84        85        96
         2        19        30        31        97
         2        19        20        31        97
         2        19        20        86        97
         2        19        30        96        97
         2        19        85        96        97
         2        19        85        86        97
         2        20        31        32        98
         2        20        21        32        98
         2        20        21        87        98
         2        20        31        97        98
         2        20        86        97        98
         2        20        86        87        98
         2        21        32        33        99
         2        21        22        33        99
         2        21        22        88        99
         2        21        32        98        99
         2        21        87        98        99
         2        21        87        88        99
         2        22        33        34       100
         2        22        23        34       100
         2        22        23        89       100
         2        22        33        99       100
         2        22        88        99       100
         2        22        88        89       100
         2        23        34        35       101
         2        23        24        35       101
         2        23        24        90       101
         2        23        34       100       101
         2        23        89       100       101
         2        23        89        90       101
         2        24        35        36       102
         2        24        25        36       102
         2        24        25        91       102
         2        24        35       101       102
         2        24        90       101       102
         2        24        90        91       102
         2        25        36        37       103
         2        25        26        37       103
         2        25        26        92       103
         2        25        36       102       103
         2        25        91       102       103
         2        25        91        92       103
         2        26        37        38       104
         2        26        27        38       104
         2        26        27        93       104
         2        26        37       103       104
         2        26        92       103       104
         2        26        92        93       104
         2        27        38        39       105
         2        27        28        39       105
         2        27        28        94       105
         2        27        38       104       105
         2        27        93       104       105
         2        27        93        94       105
         2        28        29        39        95
         2        18        28        29        95
         2        18        28        84        95
         2        28        39        95       105
         2        28        94        95       105
         2        28        84        94        95
         2        29        40        41       107
         2        29        30        41       107
         2        29        30        96       107
         2        29        40       106       107
         2        29        95       106       107
         2        29        95        96       107
         2        30        41        42       108
         2        30        31        42       108
         2        30        31        97       108
         2        30        41       107       108
         2        30        96       107       108
         2        30        96        97       108
         2        31        42        43       109
         2        31        32        43       109
         2        31        32        98       109
         2        31        42       108       109
         2        31        97       108       109
         2        31        97        98       109
         2        32        43        44       110
         2        32        33        44       110
         2        32        33        99       110
         2        32        43       109       110
         2        32        98       109       110
         2        32        98        99       110
         2        33        44        45       111
         2        33        34        45       111
         2        33        34       100       111
         2        33        44       110       111
         2        33        99       110       111
         2        33        99       100       111
         2        34        45        46       112
         2        34        35        46       112
         2        34        35       101       112
         2        34        45       111       112
         2        34       100       111       112
         2        34       100       101       112
         2        35        46        47       113
         2        35        36        47       113
         2        35        36       102       113
         2        35        46       112       113
         2        35       101       112       113
         2        35       101       102       113
         2        36        47        48       114
         2        36        37        48       114
         2        36        37       103       114
         2        36        47       113       114
         2        36       102       113       114
         2        36       102       103       114
         2        37        48        49       115
         2        37        38        49       115
         2        37        38       104       115
         2        37        48       114       115
         2        37       103       114       115
         2        37       103       104       115
         2        38        49        50       116
         2        38        39        50       116
         2        38        39       105       116
         2        38        49       115       116
         2        38       104       115       116
         2        38       104       105       116
         2        39        40        50       106
         2        29        39        40       106
         2        29        39        95       106
         2        39        50       106       116
         2        39       105       106       116
         2        39        95       105       106
         2        40        51        52       118
         2        40        41        52       118
         2        40        41       107       118
         2        40        51       117       118
         2        40       106       117       118
         2        40       106       107       118
         2        41        52        53       119
         2        41        42        53       119
         2        41        42       108       119
         2        41        52       118       119
         2        41       107       118       119
         2        41       107       108       119
         2        42        53        54       120
         2        42        43        54       120
         2        42        43       109       120
         2        42        53       119       120
         2        42       108       119       120
         2        42       108       109       120
         2        43        54        55       121
         2        43        44        55       121
         2        43        44       110       121
         2        43        54       120       121
         2        43       109       120       121
         2        43       109       110       121
         2        44        55        56       122
         2        44        45        56       122
         2        44        45       111       122
         2        44        55       121       122
         2        44       110       121       122
         2        44       110       111       122
         2        45        56        57       123
         2        45        46        57       123
         2        45        46       112       123
         2        45        56       122       123
         2        45       111       122       123
         2        45       111       112       123
         2        46        57        58       124
         2        46        47        58       124
         2        46        47       113       124
         2        46        57       123       124
         2        46       112       123       124
         2        46       112       113       124
         2        47        58        59       125
         2        47        48        59       125
         2        47        48       114       125
         2        47        58       124       125
         2        47       113       124       125
         2        47       113       114       125
         2        48        59        60       126
         2        48        49        60       126
         2        48        49       115       126
         2        48        59       125       126
         2        48       114       125       126
         2        48       114       115       126
         2        49        60        61       127
         2        49        50        61       127
         2        49        50       116       127
         2        49        60       126       127
         2        49       115       126       127
         2        49       115       116       127
         2        50        51        61       117
         2        40        50        51       117
         2        40        50       106       117
         2        50        61       117       127
         2        50       116       117       127
         2        50       106       116       117
         2        51        51        61       129
         2        51        52        61       129
         2        51        52       118       129
         2        51        51       128       129
         2        51       117       128       129
         2        51       117       118       129
         2        52        60        61       130
         2        52        53        60       130
         2        52        53       119       130
         2        52        61       129       130
         2        52       118       129       130
         2        52       118       119       130
         2        53        59        60       131
         2        53        54        59       131
         2        53        54       120       131
         2        53        60       130       131
         2        53       119       130       131
         2        53       119       120       131
         2        54        58        59       132
         2        54        55        58       132
         2        54        55       121       132
         2        54        59       131       132
         2        54       120       131       132
         2        54       120       121       132
         2        55        57        58       133
         2        55        56        57       133
         2        55        56       122       133
         2        55        58       132       133
         2        55       121       132       133
         2        55       121       122       133
         4        56        56        57       134
         2        56        57       123       134
         2        56        57       133       134
         2        56       122       133       134
         2        56       122       123       134
         2        55        56        57       135
         2        55        57        58       135
         2        57        58       124       135
         2        56        57       134       135
         2        57       123       134       135
         2        57       123       124       135
         2        54        55        58       136
         2        54        58        59       136
         2        58        59       125       136
         2        55        58       135       136
         2        58       124       135       136
         2        58       124       125       136
         2        53        54        59       137
         2        53        59        60       137
         2        59        60       126       137
         2        54        59       136       137
         2        59       125       136       137
         2        59       125       126       137
         2        52        53        60       138
         2        52        60        61       138
         2        60        61       127       138
         2        53        60       137       138
         2        60       126       137       138
         2        60       126       127       138
         2        51        52        61       128
         2        51        51        61       128
         2        51        61       117       128
         2        52        61       128       138
         2        61       127       128       138
         2        61       117       127       128
         2        40        50        51       140
         2        50        51        61       140
         2        51        61       129       140
         2        40        51       139       140
         2        51       128       139       140
         2        51       128       129       140
         2        49        50        61       141
         2        49        60        61       141
         2        60        61       130       141
         2        50        61       140       141
         2        61       129       140       141
         2        61       129       130       141
         2        48        49        60       142
         2        48        59        60       142
         2        59        60       131       142
         2        49        60       141       142
         2        60       130       141       142
         2        60       130       131       142
         2        47        48        59       143
         2        47        58        59       143
         2        58        59       132       143
         2        48        59       142       143
         2        59       131       142       143
         2        59       131       132       143
         2        46        47        58       144
         2        46        57        58       144
         2        57        58       133       144
         2        47        58       143       144
         2        58       132       143       144
         2        58       132       133       144
         2        45        46        57       145
         2        45        56        57       145
         2        56        57       134       145
         2        46        57       144       145
         2        57       133       144       145
         2        57       133       134       145
         2        44        45        56       146
         2        44        55        56       146
         2        55        56       135       146
         2        45        56       145       146
         2        56       134       145       146
         2        56       134       135       146
         2        43        44        55       147
         2        43        54        55       147
         2        54        55       136       147
         2        44        55       146       147
         2        55       135       146       147
         2        55       135       136       147
         2        42        43        54       148
         2        42        53        54       148
         2        53        54       137       148
         2        43        54       147       148
         2        54       136       147       148
         2        54       136       137       148
         2        41        42        53       149
         2        41        52        53       149
         2        52        53       138       149
         2        42        53       148       149
         2        53       137       148       149
         2        53       137       138       149
         2        40        41        52       139
         2        40        51        52       139
         2        51        52       128       139
         2        41        52       139       149
         2        52       138       139       149
         2        52       128       138       139
         2        29        39        40       151
         2        39        40        50       151
         2        40        50       140       151
         2        29        40       150       151
         2        40       139       150       151
         2        40       139       140       151
         2        38        39        50       152
         2        38        49        50       152
         2        49        50       141       152
         2        39        50       151       152
         2        50       140       151       152
         2        50       140       141       152
         2        37        38        49       153
         2        37        48        49       153
         2        48        49       142       153
         2        38        49       152       153
         2        49       141       152       153
         2        49       141       142       153
         2        36        37        48       154
         2        36        47        48       154
         2        47        48       143       154
         2        37        48       153       154
         2        48       142       153       154
         2        48       142       143       154
         2        35        36        47       155
         2        35        46        47       155
         2        46        47       144       155
         2        36        47       154       155
         2        47       143       154       155
         2        47       143       144       155
         2        34        35        46       156
         2        34        45        46       156
         2        45        46       145       156
         2        35        46       155       156
         2        46       144       155       156
         2        46       144       145       156
         2        33        34        45       157
         2        33        44        45       157
         2        44        45       146       157
         2        34        45       156       157
         2        45       145       156       157
         2        45       145       146       157
         2        32        33        44       158
         2        32        43        44       158
         2        43        44       147       158
         2        33        44       157       158
         2        44       146       157       158
         2        44       146       147       158
         2        31        32        43       159
         2        31        42        43       159
         2        42        43       148       159
         2        32        43       158       159
         2        43       147       158       159
         2        43       147       148       159
         2        30        31        42       160
         2        30        41        42       160
         2        41        42       149       160
         2        31        42       159       160
         2        42       148       159       160
         2        42       148       149       160
         2        29        30        41       150
         2        29        40        41       150
         2        40        41       139       150
         2        30        41       150       160
         2        41       149       150       160
         2        41       139       149       150
         2        18        28        29       162
         2        28        29        39       162
         2        29        39       151       162
         2        18        29       161       162
         2        29       150       161       162
         2        29       150       151       162
         2        27        28        39       163
         2        27        38        39       163
         2        38        39       152       163
         2        28        39       162       163
         2        39       151       162       163
         2        39       151       152       163
         2        26        27        38       164
         2        26        37        38       164
         2        37        38       153       164
         2        27        38       163       164
         2        38       152       163       164
         2        38       152       153       164
         2        25        26        37       165
         2        25        36        37       165
         2        36        37       154       165
         2        26        37       164       165
         2        37       153       164       165
         2        37       153       154       165
         2        24        25        36       166
         2        24        35        36       166
         2        35        36       155       166
         2        25        36       165       166
         2        36       154       165       166
         2        36       154       155       166
         2        23        24        35       167
         2        23        34        35       167
         2        34        35       156       167
         2        24        35       166       167
         2        35       155       166       167
         2        35       155       156       167
         2        22        23        34       168
         2        22        33        34       168
         2        33        34       157       168
         2        23        34       167       168
         2        34       156       167       168
         2        34       156       157       168
         2        21        22        33       169
         2        21        32        33       169
         2        32        33       158       169
         2        22        33       168       169
         2        33       157       168       169
         2        33       157       158       169
         2        20        21        32       170
         2        20        31        32       170
         2        31        32       159       170
         2        21        32       169       170
         2        32       158       169       170
         2        32       158       159       170
         2        19        20        31       171
         2        19        30        31       171
         2        30        31       160       171
         2        20        31       170       171
         2        31       159       170       171
         2        31       159       160       171
         2        18        19        30       161
         2        18        29        30       161
         2        29        30       150       161
         2        19        30       161       171
         2        30       160       161       171
         2        30       150       160       161
         2         7        17        18       173
         2        17        18        28       173
         2        18        28       162       173
         2         7        18       172       173
         2        18       161       172       173
         2        18       161       162       173
         2        16        17        28       174
         2        16        27        28       174
         2        27        28       163       174
         2        17        28       173       174
         2        28       162       173       174
         2        28       162       163       174
         2        15        16        27       175
         2        15        26        27       175
         2        26        27       164       175
         2        16        27       174       175
         2        27       163       174       175
         2        27       163       164       175
         2        14        15        26       176
         2        14        25        26       176
         2        25        26       165       176
         2        15        26       175       176
         2        26       164       175       176
         2        26       164       165       176
         2        13        14        25       177
         2        13        24        25       177
         2        24        25       166       177
         2        14        25       176       177
         2        25       165       176       177
         2        25       165       166       177
         2        12        13        24       178
         2        12        23        24       178
         2        23        24       167       178
         2        13        24       177       178
         2        24       166       177       178
         2        24       166       167       178
         2        11        12        23       179
         2        11        22        23       179
         2        22        23       168       179
         2        12        23       178       179
         2        23       167       178       179
         2        23       167       168       179
         2        10        11        22       180
         2        10        21        22       180
         2        21        22       169       180
         2        11        22       179       180
         2        22       168       179       180
         2        22       168       169       180
         2         9        10        21       181
         2         9        20        21       181
         2        20        21       170       181
         2        10        21       180       181
         2        21       169       180       181
         2        21       169       170       181
         2         8         9        20       182
         2         8        19        20       182
         2        19        20       171       182
         2         9        20       181       182
         2        20       170       181       182
         2        20       170       171       182
         2         7         8        19       172
         2         7        18        19       172
         2        18        19       161       172
         2         8        19       172       182
         2        19       171       172       182
         2        19       161       171       172
         2         1         2         7        63
         2         2         7        17        63
         2         7        17        63       173
         2         1         7        62        63
         2         7        62        63       172
         2         7        63       172       173
         2         2         3        17        64
         2         3        16        17        64
         2        16        17        64       174
         2         2        17        63        64
         2        17        63        64       173
         2        17        64       173       174
         2         3         4        16        65
         2         4        15        16        65
         2        15        16        65       175
         2         3        16        64        65
         2        16        64        65       174
         2        16        65       174       175
         2         4         5        15        66
         2         5        14        15        66
         2        14        15        66       176
         2         4        15        65        66
         2        15        65        66       175
         2        15        66       175       176
         2         5         6        14        67
         2         6        13        14        67
         2        13        14        67       177
         2         5        14        66        67
         2        14        66        67       176
         2        14        67       176       177
         2         6         6        13        68
         2         6        12        13        68
         2        12        13        68       178
         2         6        13        67        68
         2        13        67        68       177
         2        13        68       177       178
         2         5         6        12        69
         2         5        11        12        69
         2        11        12        69       179
         2         6        12        68        69
         2        12        68        69       178
         2        12        69       178       179
         2         4         5        11        70
         2         4        10        11        70
         2        10        11        70       180
         2         5        11        69        70
         2        11        69        70       179
         2        11        70       179       180
         2         3         4        10        71
         2         3         9        10        71
         2         9        10        71       181
         2         4        10        70        71
         2        10        70        71       180
         2        10        71       180       181
         2         2         3         9        72
         2         2         8         9        72
         2         8         9        72       182
         2         3         9        71        72
         2         9        71        72       181
         2         9        72       181       182
         2         1         2         8        62
         2         1         7         8        62
         2         7         8        62       172
         2         2         8        62        72
         2         8        62        72       182
         2         8        62       172       182
         2        62        73        74       195
         2        62        63        74       195
         2        62        63       184       195
         2        62        73       194       195
         2        62       183       194       195
         2        62       183       184       195
         2        63        74        75       196
         2        63        64        75       196
         2        63        64       185       196
         2        63        74       195       196
         2        63       184       195       196
         2        63       184       185       196
         2        64        75        76       197
         2        64        65        76       197
         2        64        65       186       197
         2        64        75       196       197
         2        64       185       196       197
         2        64       185       186       197
         2        65        76        77       198
         2        65        66        77       198
         2        65        66       187       198
         2        65        76       197       198
         2        65       186       197       198
         2        65       186       187       198
         2        66        77        78       199
         2        66        67        78       199
         2        66        67       188       199
         2        66        77       198       199
         2        66       187       198       199
         2        66       187       188       199
         2        67        78        79       200
         2        67        68        79       200
         2        67        68       189       200
         2        67        78       199       200
         2        67       188       199       200
         2        67       188       189       200
         2        68        79        80       201
         2        68        69        80       201
         2        68        69       190       201
         2        68        79       200       201
         2        68       189       200       201
         2        68       189       190       201
         2        69        80        81       202
         2        69        70        81       202
         2        69        70       191       202
         2        69        80       201       202
         2        69       190       201       202
         2        69       190       191       202
         2        70        81        82       203
         2        70        71        82       203
         2        70        71       192       203
         2        70        81       202       203
         2        70       191       202       203
         2        70       191       192       203
         2        71        82        83       204
         2        71        72        83       204
         2        71        72       193       204
         2        71        82       203       204
         2        71       192       203       204
         2        71       192       193       204
         2        72        73        83       194
         2        62        72        73       194
         2        62        72       183       194
         2        72        83       194       204
         2        72       193       194       204
         2        72       183       193       194
         2        73        84        85       206
         2        73        74        85       206
         2        73        74       195       206
         2        73        84       205       206
         2        73       194       205       206
         2        73       194       195       206
         2        74        85        86       207
         2        74        75        86       207
         2        74        75       196       207
         2        74        85       206       207
         2        74       195       206       207
         2        74       195       196       207
         2        75        86        87       208
         2        75        76        87       208
         2        75        76       197       208
         2        75        86       207       208
         2        75       196       207       208
         2        75       196       197       208
         2        76        87        88       209
         2        76        77        88       209
         2        76        77       198       209
         2        76        87       208       209
         2        76       197       208       209
         2        76       197       198       209
         2        77        88        89       210
         2        77        78        89       210
         2        77        78       199       210
         2        77        88       209       210
         2        77       198       209       210
         2        77       198       199       210
         2        78        89        90       211
         2        78        79        90       211
         2        78        79       200       211
         2        78        89       210       211
         2        78       199       210       211
         2        78       199       200       211
         2        79        90        91       212
         2        79        80        91       212
         2        79        80       201       212
         2        79        90       211       212
         2        79       200       211       212
         2        79       200       201       212
         2        80        91        92       213
         2        80        81        92       213
         2        80        81       202       213
         2        80        91       212       213
         2        80       201       212       213
         2        80       201       202       213
         2        81        92        93       214
         2        81        82        93       214
         2        81        82       203       214
         2        81        92       213       214
         2        81       202       213       214
         2        81       202       203       214
         2        82        93        94       215
         2        82        83        94       215
         2        82        83       204       215
         2        82        93       214       215
         2        82       203       214       215
         2        82       203       204       215
         2        83        84        94       205
         2        73        83        84       205
         2        73        83       194       205
         2        83        94       205       215
         2        83       204       205       215
         2        83       194       204       205
         2        84        95        96       217
         2        84        85        96       217
         2        84        85       206       217
         2        84        95       216       217
         2        84       205       216       217
         2        84       205       206       217
         2        85        96        97       218
         2        85        86        97       218
         2        85        86       207       218
         2        85        96       217       218
         2        85       206       217       218
         2        85       206       207       218
         2        86        97        98       219
         2        86        87        98       219
         2        86        87       208       219
         2        86        97       218       219
         2        86       207       218       219
         2        86       207       208       219
         2        87        98        99       220
         2        87        88        99       220
         2        87        88       209       220
         2        87        98       219       220
         2        87       208       219       220
         2        87       208       209       220
         2        88        99       100       221
         2        88        89       100       221
         2        88        89       210       221
         2        88        99       220       221
         2        88       209       220       221
         2        88       209       210       221
         2        89       100       101       222
         2        89        90       101       222
         2        89        90       211       222
         2        89       100       221       222
         2        89       210       221       222
         2        89       210       211       222
         2        90       101       102       223
         2        90        91       102       223
         2        90        91       212       223
         2        90       101       222       223
         2        90       211       222       223
         2        90       211       212       223
         2        91       102       103       224
         2        91        92       103       224
         2        91        92       213       224
         2        91       102       223       224
         2        91       212       223       224
         2        91       212       213       224
         2        92       103       104       225
         2        92        93       104       225
         2        92        93       214       225
         2        92       103       224       225
         2        92       213       224       225
         2        92       213       214       225
         2        93       104       105       226
         2        93        94       105       226
         2        93        94       215       226
         2        93       104       225       226
         2        93       214       225       226
         2        93       214       215       226
         2        94        95       105       216
         2        84        94        95       216
         2        84        94       205       216
         2        94       105       216       226
         2        94       215       216       226
         2        94       205       215       216
         2        95       106       107       228
         2        95        96       107       228
         2        95        96       217       228
         2        95       106       227       228
         2        95       216       227       228
         2        95       216       217       228
         2        96       107       108       229
         2        96        97       108       229
         2        96        97       218       229
         2        96       107       228       229
         2        96       217       228       229
         2        96       217       218       229
         2        97       108       109       230
         2        97        98       109       230
         2        97        98       219       230
         2        97       108       229       230
         2        97       218       229       230
         2        97       218       219       230
         2        98       109       110       231
         2        98        99       110       231
         2        98        99       220       231
         2        98       109       230       231
         2        98       219       230       231
         2        98       219       220       231
         2        99       110       111       232
         2        99       100       111       232
         2        99       100       221       232
         2        99       110       231       232
         2        99       220       231       232
         2        99       220       221       232
         2       100       111       112       233
         2       100       101       112       233
         2       100       101       222       233
         2       100       111       232       233
         2       100       221       232       233
         2       100       221       222       233
         2       101       112       113       234
         2       101       102       113       234
         2       101       102       223       234
         2       101       112       233       234
         2       101       222       233       234
         2       101       222       223       234
         2       102       113       114       235
         2       102       103       114       235
         2       102       103       224       235
         2       102       113       234       235
         2       102       223       234       235
         2       102       223       224       235
         2       103       114       115       236
         2       103       104       115       236
         2       103       104       225       236
         2       103       114       235       236
         2       103       224       235       236
         2       103       224       225       236
         2       104       115       116       237
         2       104       105       116       237
         2       104       105       226       237
         2       104       115       236       237
         2       104       225       236       237
         2       104       225       226       237
         2       105       106       116       227
         2        95       105       106       227
         2        95       105       216       227
         2       105       116       227       237
         2       105       226       227       237
         2       105       216       226       227
         2       106       117       118       239
         2       106       107       118       239
         2       106       107       228       239
         2       106       117       238       239
         2       106       227       238       239
         2       106       227       228       239
         2       107       118       119       240
         2       107       108       119       240
         2       107       108       229       240
         2       107       118       239       240
         2       107       228       239       240
         2       107       228       229       240
         2       108       119       120       241
         2       108       109       120       241
         2       108       109       230       241
         2       108       119       240       241
         2       108       229       240       241
         2       108       229       230       241
         2       109       120       121       242
         2       109       110       121       242
         2       109       110       231       242
         2       109       120       241       242
         2       109       230       241       242
         2       109       230       231       242
         2       110       121       122       243
         2       110       111       122       243
         2       110       111       232       243
         2       110       121       242       243
         2       110       231       242       243
         2       110       231       232       243
         2       111       122       123       244
         2       111       112       123       244
         2       111       112       233       244
         2       111       122       243       244
         2       111       232       243       244
         2       111       232       233       244
         2       112       123       124       245
         2       112       113       124       245
         2       112       113       234       245
         2       112       123       244       245
         2       112       233       244       245
         2       112       233       234       245
         2       113       124       125       246
         2       113       114       125       246
         2       113       114       235       246
         2       113       124       245       246
         2       113       234       245       246
         2       113       234       235       246
         2       114       125       126       247
         2       114       115       126       247
         2       114       115       236       247
         2       114       125       246       247
         2       114       235       246       247
         2       114       235       236       247
         2       115       126       127       248
         2       115       116       127       248
         2       115       116       237       248
         2       115       126       247       248
         2       115       236       247       248
         2       115       236       237       248
         2       116       117       127       238
         2       106       116       117       238
         2       106       116       227       238
         2       116       127       238       248
         2       116       237       238       248
         2       116       227       237       238
         2       117       128       129       250
         2       117       118       129       250
         2       117       118       239       250
         2       117       128       249       250
         2       117       238       249       250
         2       117       238       239       250
         2       118       129       130       251
         2       118       119       130       251
         2       118       119       240       251
         2       118       129       250       251
         2       118       239       250       251
         2       118       239       240       251
         2       119       130       131       252
         2       119       120       131       252
         2       119       120       241       252
         2       119       130       251       252
         2       119       240       251       252
         2       119       240       241       252
         2       120       131       132       253
         2       120       121       132       253
         2       120       121       242       253
         2       120       131       252       253
         2       120       241       252       253
         2       120       241       242       253
         2       121       132       133       254
         2       121       122       133       254
         2       121       122       243       254
         2       121       132       253       254
         2       121       242       253       254
         2       121       242       243       254
         2       122       133       134       255
         2       122       123       134       255
         2       122       123       244       255
         2       122       133       254       255
         2       122       243       254       255
         2       122       243       244       255
         2       123       134       135       256
         2       123       124       135       256
         2       123       124       245       256
         2       123       134       255       256
         2       123       244       255       256
         2       123       244       245       256
         2       124       135       136       257
         2       124       125       136       257
         2       124       125       246       257
         2       124       135       256       257
         2       124       245       256       257
         2       124       245       246       257
         2       125       136       137       258
         2       125       126       137       258
         2       125       126       247       258
         2       125       136       257       258
         2       125       246       257       258
         2       125       246       247       258
         2       126       137       138       259
         2       126       127       138       259
         2       126       127       248       259
         2       126       137       258       259
         2       126       247       258       259
         2       126       247       248       259
         2       127       128       138       249
         2       117       127       128       249
         2       117       127       238       249
         2       127       138       249       259
         2       127       248       249       259
         2       127       238       248       249
         2       128       139       140       261
         2       128       129       140       261
         2       128       129       250       261
         2       128       139       260       261
         2       128       249       260       261
         2       128       249       250       261
         2       129       140       141       262
         2       129       130       141       262
         2       129       130       251       262
         2       129       140       261       262
         2       129       250       261       262
         2       129       250       251       262
         2       130       141       142       263
         2       130       131       142       263
         2       130       131       252       263
         2       130       141       262       263
         2       130       251       262       263
         2       130       251       252       263
         2       131       142       143       264
         2       131       132       143       264
         2       131       132       253       264
         2       131       142       263       264
         2       131       252       263       264
         2       131       252       253       264
         2       132       143       144       265
         2       132       133       144       265
         2       132       133       254       265
         2       132       143       264       265
         2       132       253       264       265
         2       132       253       254       265
         2       133       144       145       266
         2       133       134       145       266
         2       133       134       255       266
         2       133       144       265       266
         2       133       254       265       266
         2       133       254       255       266
         2       134       145       146       267
         2       134       135       146       267
         2       134       135       256       267
         2       134       145       266       267
         2       134       255       266       267
         2       134       255       256       267
         2       135       146       147       268
         2       135       136       147       268
         2       135       136       257       268
         2       135       146       267       268
         2       135       256       267       268
         2       135       256       257       268
         2       136       147       148       269
         2       136       137       148       269
         2       136       137       258       269
         2       136       147       268       269
         2       136       257       268       269
         2       136       257       258       269
         2       137       148       149       270
         2       137       138       149       270
         2       137       138       259       270
         2       137       148       269       270
         2       137       258       269       270
         2       137       258       259       270
         2       138       139       149       260
         2       128       138       139       260
         2       128       138       249       260
         2       138       149       260       270
         2       138       259       260       270
         2       138       249       259       260
         2       139       150       151       272
         2       139       140       151       272
         2       139       140       261       272
         2       139       150       271       272
         2       139       260       271       272
         2       139       260       261       272
         2       140       151       152       273
         2       140       141       152       273
         2       140       141       262       273
         2       140       151       272       273
         2       140       261       272       273
         2       140       261       262       273
         2       141       152       153       274
         2       141       142       153       274
         2       141       142       263       274
         2       141       152       273       274
         2       141       262       273       274
         2       141       262       263       274
         2       142       153       154       275
         2       142       143       154       275
         2       142       143       264       275
         2       142       153       274       275
         2       142       263       274       275
         2       142       263       264       275
         2       143       154       155       276
         2       143       144       155       276
         2       143       144       265       276
         2       143       154       275       276
         2       143       264       275       276
         2       143       264       265       276
         2       144       155       156       277
         2       144       145       156       277
         2       144       145       266       277
         2       144       155       276       277
         2       144       265       276       277
         2       144       265       266       277
         2       145       156       157       278
         2       145       146       157       278
         2       145       146       267       278
         2       145       156       277       278
         2       145       266       277       278
         2       145       266       267       278
         2       146       157       158       279
         2       146       147       158       279
         2       146       147       268       279
         2       146       157       278       279
         2       146       267       278       279
         2       146       267       268       279
         2       147       158       159       280
         2       147       148       159       280
         2       147       148       269       280
         2       147       158       279       280
         2       147       268       279       280
         2       147       268       269       280
         2       148       159       160       281
         2       148       149       160       281
         2       148       149       270       281
         2       148       159       280       281
         2       148       269       280       281
         2       148       269       270       281
         2       149       150       160       271
         2       139       149       150       271
         2       139       149       260       271
         2       149       160       271       281
         2       149       270       271       281
         2       149       260       270       271
         2       150       161       162       283
         2       150       151       162       283
         2       150       151       272       283
         2       150       161       282       283
         2       150       271       282       283
         2       150       271       272       283
         2       151       162       163       284
         2       151       152       163       284
         2       151       152       273       284
         2       151       162       283       284
         2       151       272       283       284
         2       151       272       273       284
         2       152       163       164       285
         2       152       153       164       285
         2       152       153       274       285
         2       152       163       284       285
         2       152       273       284       285
         2       152       273       274       285
         2       153       164       165       286
         2       153       154       165       286
         2       153       154       275       286
         2       153       164       285       286
         2       153       274       285       286
         2       153       274       275       286
         2       154       165       166       287
         2       154       155       166       287
         2       154       155       276       287
         2       154       165       286       287
         2       154       275       286       287
         2       154       275       276       287
         2       155       166       167       288
         2       155       156       167       288
         2       155       156       277       288
         2       155       166       287       288
         2       155       276       287       288
         2       155       276       277       288
         2       156       167       168       289
         2       156       157       168       289
         2       156       157       278       289
         2       156       167       288       289
         2       156       277       288       289
         2       156       277       278       289
         2       157       168       169       290
         2       157       158       169       290
         2       157       158       279       290
         2       157       168       289       290
         2       157       278       289       290
         2       157       278       279       290
         2       158       169       170       291
         2       158       159       170       291
         2       158       159       280       291
         2       158       169       290       291
         2       158       279       290       291
         2       158       279       280       291
         2       159       170       171       292
         2       159       160       171       292
         2       159       160       281       292
         2       159       170       291       292
         2       159       280       291       292
         2       159       280       281       292
         2       160       161       171       282
         2       150       160       161       282
         2       150       160       271       282
         2       160       171       282       292
         2       160       281       282       292
         2       160       271       281       282
         2       161       172       173       294
         2       161       162       173       294
         2       161       162       283       294
         2       161       172       293       294
         2       161       282       293       294
         2       161       282       283       294
         2       162       173       174       295
         2       162       163       174       295
         2       162       163       284       295
         2       162       173       294       295
         2       162       283       294       295
         2       162       283       284       295
         2       163       174       175       296
         2       163       164       175       296
         2       163       164       285       296
         2       163       174       295       296
         2       163       284       295       296
         2       163       284       285       296
         2       164       175       176       297
         2       164       165       176       297
         2       164       165       286       297
         2       164       175       296       297
         2       164       285       296       297
         2       164       285       286       297
         2       165       176       177       298
         2       165       166       177       298
         2       165       166       287       298
         2       165       176       297       298
         2       165       286       297       298
         2       165       286       287       298
         2       166       177       178       299
         2       166       167       178       299
         2       166       167       288       299
         2       166       177       298       299
         2       166       287       298       299
         2       166       287       288       299
         2       167       178       179       300
         2       167       168       179       300
         2       167       168       289       300
         2       167       178       299       300
         2       167       288       299       300
         2       167       288       289       300
         2       168       179       180       301
         2       168       169       180       301
         2       168       169       290       301
         2       168       179       300       301
         2       168       289       300       301
         2       168       289       290       301
         2       169       180       181       302
         2       169       170       181       302
         2       169       170       291       302
         2       169       180       301       302
         2       169       290       301       302
         2       169       290       291       302
         2       170       181       182       303
         2       170       171       182       303
         2       170       171       292       303
         2       170       181       302       303
         2       170       291       302       303
         2       170       291       292       303
         2       171       172       182       293
         2       161       171       172       293
         2       161       171       282       293
         2       171       182       293       303
         2       171       292       293       303
         2       171       282       292       293
         2        62        63       172       184
         2        63       172       173       184
         2       172       173       184       294
         2        62       172       183       184
         2       172       183       184       293
         2       172       184       293       294
         2        63        64       173       185
         2        64       173       174       185
         2       173       174       185       295
         2        63       173       184       185
         2       173       184       185       294
         2       173       185       294       295
         2        64        65       174       186
         2        65       174       175       186
         2       174       175       186       296
         2        64       174       185       186
         2       174       185       186       295
         2       174       186       295       296
         2        65        66       175       187
         2        66       175       176       187
         2       175       176       187       297
         2        65       175       186       187
         2       175       186       187       296
         2       175       187       296       297
         2        66        67       176       188
         2        67       176       177       188
         2       176       177       188       298
         2        66       176       187       188
         2       176       187       188       297
         2       176       188       297       298
         2        67        68       177       189
         2        68       177       178       189
         2       177       178       189       299
         2        67       177       188       189
         2       177       188       189       298
         2       177       189       298       299
         2        68        69       178       190
         2        69       178       179       190
         2       178       179       190       300
         2        68       178       189       190
         2       178       189       190       299
         2       178       190       299       300
         2        69        70       179       191
         2        70       179       180       191
         2       179       180       191       301
         2        69       179       190       191
         2       179       190       191       300
         2       179       191       300       301
         2        70        71       180       192
         2        71       180       181       192
         2       180       181       192       302
         2        70       180       191       192
         2       180       191       192       301
         2       180       192       301       302
         2        71        72       181       193
         2        72       181       182       193
         2       181       182       193       303
         2        71       181       192       193
         2       181       192       193       302
         2       181       193       302       303
         2        62        72       182       183
         2        62       172       182       183
         2       172       182       183       293
         2        72       182       183       193
         2       182       183       193       303
         2       182       183       293       303
         2       183       194       195       316
         2       183       184       195       316
         2       183       184       305       316
         2       183       194       315       316
         2       183       304       315       316
         2       183       304       305       316
         2       184       195       196       317
         2       184       185       196       317
         2       184       185       306       317
         2       184       195       316       317
         2       184       305       316       317
         2       184       305       306       317
         2       185       196       197       318
         2       185       186       197       318
         2       185       186       307       318
         2       185       196       317       318
         2       185       306       317       318
         2       185       306       307       318
         2       186       197       198       319
         2       186       187       198       319
         2       186       187       308       319
         2       186       197       318       319
         2       186       307       318       319
         2       186       307       308       319
         2       187       198       199       320
         2       187       188       199       320
         2       187       188       309       320
         2       187       198       319       320
         2       187       308       319       320
         2       187       308       309       320
         2       188       199       200       321
         2       188       189       200       321
         2       188       189       310       321
         2       188       199       320       321
         2       188       309       320       321
         2       188       309       310       321
         2       189       200       201       322
         2       189       190       201       322
         2       189       190       311       322
         2       189       200       321       322
         2       189       310       321       322
         2       189       310       311       322
         2       190       201       202       323
         2       190       191       202       323
         2       190       191       312       323
         2       190       201       322       323
         2       190       311       322       323
         2       190       311       312       323
         2       191       202       203       324
         2       191       192       203       324
         2       191       192       313       324
         2       191       202       323       324
         2       191       312       323       324
         2       191       312       313       324
         2       192       203       204       325
         2       192       193       204       325
         2       192       193       314       325
         2       192       203       324       325
         2       192       313       324       325
         2       192       313       314       325
         2       193       194       204       315
         2       183       193       194       315
         2       183       193       304       315
         2       193       204       315       325
         2       193       314       315       325
         2       193       304       314       315
         2       194       205       206       327
         2       194       195       206       327
         2       194       195       316       327
         2       194       205       326       327
         2       194       315       326       327
         2       194       315       316       327
         2       195       206       207       328
         2       195       196       207       328
         2       195       196       317       328
         2       195       206       327       328
         2       195       316       327       328
         2       195       316       317       328
         2       196       207       208       329
         2       196       197       208       329
         2       196       197       318       329
         2       196       207       328       329
         2       196       317       328       329
         2       196       317       318       329
         2       197       208       209       330
         2       197       198       209       330
         2       197       198       319       330
         2       197       208       329       330
         2       197       318       329       330
         2       197       318       319       330
         2       198       209       210       331
         2       198       199       210       331
         2       198       199       320       331
         2       198       209       330       331
         2       198       319       330       331
         2       198       319       320       331
         2       199       210       211       332
         2       199       200       211       332
         2       199       200       321       332
         2       199       210       331       332
         2       199       320       331       332
         2       199       320       321       332
         2       200       211       212       333
         2       200       201       212       333
         2       200       201       322       333
         2       200       211       332       333
         2       200       321       332       333
         2       200       321       322       333
         2       201       212       213       334
         2       201       202       213       334
         2       201       202       323       334
         2       201       212       333       334
         2       201       322       333       334
         2       201       322       323       334
         2       202       213       214       335
         2       202       203       214       335
         2       202       203       324       335
         2       202       213       334       335
         2       202       323       334       335
         2       202       323       324       335
         2       203       214       215       336
         2       203       204       215       336
         2       203       204       325       336
         2       203       214       335       336
         2       203       324       335       336
         2       203       324       325       336
         2       204       205       215       326
         2       194       204       205       326
         2       194       204       315       326
         2       204       215       326       336
         2       204       325       326       336
         2       204       315       325       326
         2       205       216       217       338
         2       205       206       217       338
         2       205       206       327       338
         2       205       216       337       338
         2       205       326       337       338
         2       205       326       327       338
         2       206       217       218       339
         2       206       207       218       339
         2       206       207       328       339
         2       206       217       338       339
         2       206       327       338       339
         2       206       327       328       339
         2       207       218       219       340
         2       207       208       219       340
         2       207       208       329       340
         2       207       218       339       340
         2       207       328       339       340
         2       207       328       329       340
         2       208       219       220       341
         2       208       209       220       341
         2       208       209       330       341
         2       208       219       340       341
         2       208       329       340       341
         2       208       329       330       341
         2       209       220       221       342
         2       209       210       221       342
         2       209       210       331       342
         2       209       220       341       342
         2       209       330       341       342
         2       209       330       331       342
         2       210       221       222       343
         2       210       211       222       343
         2       210       211       332       343
         2       210       221       342       343
         2       210       331       342       343
         2       210       331       332       343
         2       211       222       223       344
         2       211       212       223       344
         2       211       212       333       344
         2       211       222       343       344
         2       211       332       343       344
         2       211       332       333       344
         2       212       223       224       345
         2       212       213       224       345
         2       212       213       334       345
         2       212       223       344       345
         2       212       333       344       345
         2       212       333       334       345
         2       213       224       225       346
         2       213       214       225       346
         2       213       214       335       346
         2       213       224       345       346
         2       213       334       345       346
         2       213       334       335       346
         2       214       225       226       347
         2       214       215       226       347
         2       214       215       336       347
         2       214       225       346       347
         2       214       335       346       347
         2       214       335       336       347
         2       215       216       226       337
         2       205       215       216       337
         2       205       215       326       337
         2       215       226       337       347
         2       215       336       337       347
         2       215       326       336       337
         2       216       227       228       349
         2       216       217       228       349
         2       216       217       338       349
         2       216       227       348       349
         2       216       337       348       349
         2       216       337       338       349
         2       217       228       229       350
         2       217       218       229       350
         2       217       218       339       350
         2       217       228       349       350
         2       217       338       349       350
         2       217       338       339       350
         2       218       229       230       351
         2       218       219       230       351
         2       218       219       340       351
         2       218       229       350       351
         2       218       339       350       351
         2       218       339       340       351
         2       219       230       231       352
         2       219       220       231       352
         2       219       220       341       352
         2       219       230       351       352
         2       219       340       351       352
         2       219       340       341       352
         2       220       231       232       353
         2       220       221       232       353
         2       220       221       342       353
         2       220       231       352       353
         2       220       341       352       353
         2       220       341       342       353
         2       221       232       233       354
         2       221       222       233       354
         2       221       222       343       354
         2       221       232       353       354
         2       221       342       353       354
         2       221       342       343       354
         2       222       233       234       355
         2       222       223       234       355
         2       222       223       344       355
         2       222       233       354       355
         2       222       343       354       355
         2       222       343       344       355
         2       223       234       235       356
         2       223       224       235       356
         2       223       224       345       356
         2       223       234       355       356
         2       223       344       355       356
         2       223       344       345       356
         2       224       235       236       357
         2       224       225       236       357
         2       224       225       346       357
         2       224       235       356       357
         2       224       345       356       357
         2       224       345       346       357
         2       225       236       237       358
         2       225       226       237       358
         2       225       226       347       358
         2       225       236       357       358
         2       225       346       357       358
         2       225       346       347       358
         2       226       227       237       348
         2       216       226       227       348
         2       216       226       337       348
         2       226       237       348       358
         2       226       347       348       358
         2       226       337       347       348
         2       227       238       239       360
         2       227       228       239       360
         2       227       228       349       360
         2       227       238       359       360
         2       227       348       359       360
         2       227       348       349       360
         2       228       239       240       361
         2       228       229       240       361
         2       228       229       350       361
         2       228       239       360       361
         2       228       349       360       361
         2       228       349       350       361
         2       229       240       241       362
         2       229       230       241       362
         2       229       230       351       362
         2       229       240       361       362
         2       229       350       361       362
         2       229       350       351       362
         2       230       241       242       363
         2       230       231       242       363
         2       230       231       352       363
         2       230       241       362       363
         2       230       351       362       363
         2       230       351       352       363
         2       231       242       243       364
         2       231       232       243       364
         2       231       232       353       364
         2       231       242       363       364
         2       231       352       363       364
         2       231       352       353       364
         2       232       243       244       365
         2       232       233       244       365
         2       232       233       354       365
         2       232       243       364       365
         2       232       353       364       365
         2       232       353       354       365
         2       233       244       245       366
         2       233       234       245       366
         2       233       234       355       366
         2       233       244       365       366
         2       233       354       365       366
         2       233       354       355       366
         2       234       245       246       367
         2       234       235       246       367
         2       234       235       356       367
         2       234       245       366       367
         2       234       355       366       367
         2       234       355       356       367
         2       235       246       247       368
         2       235       236       247       368
         2       235       236       357       368
         2       235       246       367       368
         2       235       356       367       368
         2       235       356       357       368
         2       236       247       248       369
         2       236       237       248       369
         2       236       237       358       369
         2       236       247       368       369
         2       236       357       368       369
         2       236       357       358       369
         2       237       238       248       359
         2       227       237       238       359
         2       227       237       348       359
         2       237       248       359       369
         2       237       358       359       369
         2       237       348       358       359
         2       238       249       250       371
         2       238       239       250       371
         2       238       239       360       371
         2       238       249       370       371
         2       238       359       370       371
         2       238       359       360       371
         2       239       250       251       372
         2       239       240       251       372
         2       239       240       361       372
         2       239       250       371       372
         2       239       360       371       372
         2       239       360       361       372
         2       240       251       252       373
         2       240       241       252       373
         2       240       241       362       373
         2       240       251       372       373
         2       240       361       372       373
         2       240       361       362       373
         2       241       252       253       374
         2       241       242       253       374
         2       241       242       363       374
         2       241       252       373       374
         2       241       362       373       374
         2       241       362       363       374
         2       242       253       254       375
         2       242       243       254       375
         2       242       243       364       375
         2       242       253       374       375
         2       242       363       374       375
         2       242       363       364       375
         2       243       254       255       376
         2       243       244       255       376
         2       243       244       365       376
         2       243       254       375       376
         2       243       364       375       376
         2       243       364       365       376
         2       244       255       256       377
         2       244       245       256       377
         2       244       245       366       377
         2       244       255       376       377
         2       244       365       376       377
         2       244       365       366       377
         2       245       256       257       378
         2       245       246       257       378
         2       245       246       367       378
         2       245       256       377       378
         2       245       366       377       378
         2       245       366       367       378
         2       246       257       258       379
         2       246       247       258       379
         2       246       247       368       379
         2       246       257       378       379
         2       246       367       378       379
         2       246       367       368       379
         2       247       258       259       380
         2       247       248       259       380
         2       247       248       369       380
         2       247       258       379       380
         2       247       368       379       380
         2       247       368       369       380
         2       248       249       259       370
         2       238       248       249       370
         2       238       248       359       370
         2       248       259       370       380
         2       248       369       370       380
         2       248       359       369       370
         2       249       260       261       382
         2       249       250       261       382
         2       249       250       371       382
         2       249       260       381       382
         2       249       370       381       382
         2       249       370       371       382
         2       250       261       262       383
         2       250       251       262       383
         2       250       251       372       383
         2       250       261       382       383
         2       250       371       382       383
         2       250       371       372       383
         2       251       262       263       384
         2       251       252       263       384
         2       251       252       373       384
         2       251       262       383       384
         2       251       372       383       384
         2       251       372       373       384
         2       252       263       264       385
         2       252       253       264       385
         2       252       253       374       385
         2       252       263       384       385
         2       252       373       384       385
         2       252       373       374       385
         2       253       264       265       386
         2       253       254       265       386
         2       253       254       375       386
         2       253       264       385       386
         2       253       374       385       386
         2       253       374       375       386
         2       254       265       266       387
         2       254       255       266       387
         2       254       255       376       387
         2       254       265       386       387
         2       254       375       386       387
         2       254       375       376       387
         2       255       266       267       388
         2       255       256       267       388
         2       255       256       377       388
         2       255       266       387       388
         2       255       376       387       388
         2       255       376       377       388
         2       256       267       268       389
         2       256       257       268       389
         2       256       257       378       389
         2       256       267       388       389
         2       256       377       388       389
         2       256       377       378       389
         2       257       268       269       390
         2       257       258       269       390
         2       257       258       379       390
         2       257       268       389       390
         2       257       378       389       390
         2       257       378       379       390
         2       258       269       270       391
         2       258       259       270       391
         2       258       259       380       391
         2       258       269       390       391
         2       258       379       390       391
         2       258       379       380       391
         2       259       260       270       381
         2       249       259       260       381
         2       249       259       370       381
         2       259       270       381       391
         2       259       380       381       391
         2       259       370       380       381
         2       260       271       272       393
         2       260       261       272       393
         2       260       261       382       393
         2       260       271       392       393
         2       260       381       392       393
         2       260       381       382       393
         2       261       272       273       394
         2       261       262       273       394
         2       261       262       383       394
         2       261       272       393       394
         2       261       382       393       394
         2       261       382       383       394
         2       262       273       274       395
         2       262       263       274       395
         2       262       263       384       395
         2       262       273       394       395
         2       262       383       394       395
         2       262       383       384       395
         2       263       274       275       396
         2       263       264       275       396
         2       263       264       385       396
         2       263       274       395       396
         2       263       384       395       396
         2       263       384       385       396
         2       264       275       276       397
         2       264       265       276       397
         2       264       265       386       397
         2       264       275       396       397
         2       264       385       396       397
         2       264       385       386       397
         2       265       276       277       398
         2       265       266       277       398
         2       265       266       387       398
         2       265       276       397       398
         2       265       386       397       398
         2       265       386       387       398
         2       266       277       278       399
         2       266       267       278       399
         2       266       267       388       399
         2       266       277       398       399
         2       266       387       398       399
         2       266       387       388       399
         2       267       278       279       400
         2       267       268       279       400
         2       267       268       389       400
         2       267       278       399       400
         2       267       388       399       400
         2       267       388       389       400
         2       268       279       280       401
         2       268       269       280       401
         2       268       269       390       401
         2       268       279       400       401
         2       268       389       400       401
         2       268       389       390       401
         2       269       280       281       402
         2       269       270       281       402
         2       269       270       391       402
         2       269       280       401       402
         2       269       390       401       402
         2       269       390       391       402
         2       270       271       281       392
         2       260       270       271       392
         2       260       270       381       392
         2       270       281       392       402
         2       270       391       392       402
         2       270       381       391       392
         2       271       282       283       404
         2       271       272       283       404
         2       271       272       393       404
         2       271       282       403       404
         2       271       392       403       404
         2       271       392       393       404
         2       272       283       284       405
         2       272       273       284       405
         2       272       273       394       405
         2       272       283       404       405
         2       272       393       404       405
         2       272       393       394       405
         2       273       284       285       406
         2       273       274       285       406
         2       273       274       395       406
         2       273       284       405       406
         2       273       394       405       406
         2       273       394       395       406
         2       274       285       286       407
         2       274       275       286       407
         2       274       275       396       407
         2       274       285       406       407
         2       274       395       406       407
         2       274       395       396       407
         2       275       286       287       408
         2       275       276       287       408
         2       275       276       397       408
         2       275       286       407       408
         2       275       396       407       408
         2       275       396       397       408
         2       276       287       288       409
         2       276       277       288       409
         2       276       277       398       409
         2       276       287       408       409
         2       276       397       408       409
         2       276       397       398       409
         2       277       288       289       410
         2       277       278       289       410
         2       277       278       399       410
         2       277       288       409       410
         2       277       398       409       410
         2       277       398       399       410
         2       278       289       290       411
         2       278       279       290       411
         2       278       279       400       411
         2       278       289       410       411
         2       278       399       410       411
         2       278       399       400       411
         2       279       290       291       412
         2       279       280       291       412
         2       279       280       401       412
         2       279       290       411       412
         2       279       400       411       412
         2       279       400       401       412
         2       280       291       292       413
         2       280       281       292       413
         2       280       281       402       413
         2       280       291       412       413
         2       280       401       412       413
         2       280       401       402       413
         2       281       282       292       403
         2       271       281       282       403
         2       271       281       392       403
         2       281       292       403       413
         2       281       402       403       413
         2       281       392       402       403
         2       282       293       294       415
         2       282       283       294       415
         2       282       283       404       415
         2       282       293       414       415
         2       282       403       414       415
         2       282       403       404       415
         2       283       294       295       416
         2       283       284       295       416
         2       283       284       405       416
         2       283       294       415       416
         2       283       404       415       416
         2       283       404       405       416
         2       284       295       296       417
         2       284       285       296       417
         2       284       285       406       417
         2       284       295       416       417
         2       284       405       416       417
         2       284       405       406       417
         2       285       296       297       418
         2       285       286       297       418
         2       285       286       407       418
         2       285       296       417       418
         2       285       406       417       418
         2       285       406       407       418
         2       286       297       298       419
         2       286       287       298       419
         2       286       287       408       419
         2       286       297       418       419
         2       286       407       418       419
         2       286       407       408       419
         2       287       298       299       420
         2       287       288       299       420
         2       287       288       409       420
         2       287       298       419       420
         2       287       408       419       420
         2       287       408       409       420
         2       288       299       300       421
         2       288       289       300       421
         2       288       289       410       421
         2       288       299       420       421
         2       288       409       420       421
         2       288       409       410       421
         2       289       300       301       422
         2       289       290       301       422
         2       289       290       411       422
         2       289       300       421       422
         2       289       410       421       422
         2       289       410       411       422
         2       290       301       302       423
         2       290       291       302       423
         2       290       291       412       423
         2       290       301       422       423
         2       290       411       422       423
         2       290       411       412       423
         2       291       302       303       424
         2       291       292       303       424
         2       291       292       413       424
         2       291       302       423       424
         2       291       412       423       424
         2       291       412       413       424
         2       292       293       303       414
         2       282       292       293       414
         2       282       292       403       414
         2       292       303       414       424
         2       292       413       414       424
         2       292       403       413       414
         2       183       184       293       305
         2       184       293       294       305
         2       293       294       305       415
         2       183       293       304       305
         2       293       304       305       414
         2       293       305       414       415
         2       184       185       294       306
         2       185       294       295       306
         2       294       295       306       416
         2       184       294       305       306
         2       294       305       306       415
         2       294       306       415       416
         2       185       186       295       307
         2       186       295       296       307
         2       295       296       307       417
         2       185       295       306       307
         2       295       306       307       416
         2       295       307       416       417
         2       186       187       296       308
         2       187       296       297       308
         2       296       297       308       418
         2       186       296       307       308
         2       296       307       308       417
         2       296       308       417       418
         2       187       188       297       309
         2       188       297       298       309
         2       297       298       309       419
         2       187       297       308       309
         2       297       308       309       418
         2       297       309       418       419
         2       188       189       298       310
         2       189       298       299       310
         2       298       299       310       420
         2       188       298       309       310
         2       298       309       310       419
         2       298       310       419       420
         2       189       190       299       311
         2       190       299       300       311
         2       299       300       311       421
         2       189       299       310       311
         2       299       310       311       420
         2       299       311       420       421
         2       190       191       300       312
         2       191       300       301       312
         2       300       301       312       422
         2       190       300       311       312
         2       300       311       312       421
         2       300       312       421       422
         2       191       192       301       313
         2       192       301       302       313
         2       301       302       313       423
         2       191       301       312       313
         2       301       312       313       422
         2       301       313       422       423
         2       192       193       302       314
         2       193       302       303       314
         2       302       303       314       424
         2       192       302       313       314
         2       302       313       314       423
         2       302       314       423       424
         2       183       193       303       304
         2       183       293       303       304
         2       293       303       304       414
         2       193       303       304       314
         2       303       304       314       424
         2       303       304       414       424
         2       304       315       316       437
         2       304       305       316       437
         2       304       305       426       437
         2       304       315       436       437
         2       304       425       436       437
         2       304       425       426       437
         2       305       316       317       438
         2       305       306       317       438
         2       305       306       427       438
         2       305       316       437       438
         2       305       426       437       438
         2       305       426       427       438
         2       306       317       318       439
         2       306       307       318       439
         2       306       307       428       439
         2       306       317       438       439
         2       306       427       438       439
         2       306       427       428       439
         2       307       318       319       440
         2       307       308       319       440
         2       307       308       429       440
         2       307       318       439       440
         2       307       428       439       440
         2       307       428       429       440
         2       308       319       320       441
         2       308       309       320       441
         2       308       309       430       441
         2       308       319       440       441
         2       308       429       440       441
         2       308       429       430       441
         2       309       320       321       442
         2       309       310       321       442
         2       309       310       431       442
         2       309       320       441       442
         2       309       430       441       442
         2       309       430       431       442
         2       310       321       322       443
         2       310       311       322       443
         2       310       311       432       443
         2       310       321       442       443
         2       310       431       442       443
         2       310       431       432       443
         2       311       322       323       444
         2       311       312       323       444
         2       311       312       433       444
         2       311       322       443       444
         2       311       432       443       444
         2       311       432       433       444
         2       312       323       324       445
         2       312       313       324       445
         2       312       313       434       445
         2       312       323       444       445
         2       312       433       444       445
         2       312       433       434       445
         2       313       324       325       446
         2       313       314       325       446
         2       313       314       435       446
         2       313       324       445       446
         2       313       434       445       446
         2       313       434       435       446
         2       314       315       325       436
         2       304       314       315       436
         2       304       314       425       436
         2       314       325       436       446
         2       314       435       436       446
         2       314       425       435       436
         2       315       326       327       448
         2       315       316       327       448
         2       315       316       437       448
         2       315       326       447       448
         2       315       436       447       448
         2       315       436       437       448
         2       316       327       328       449
         2       316       317       328       449
         2       316       317       438       449
         2       316       327       448       449
         2       316       437       448       449
         2       316       437       438       449
         2       317       328       329       450
         2       317       318       329       450
         2       317       318       439       450
         2       317       328       449       450
         2       317       438       449       450
         2       317       438       439       450
         2       318       329       330       451
         2       318       319       330       451
         2       318       319       440       451
         2       318       329       450       451
         2       318       439       450       451
         2       318       439       440       451
         2       319       330       331       452
         2       319       320       331       452
         2       319       320       441       452
         2       319       330       451       452
         2       319       440       451       452
         2       319       440       441       452
         2       320       331       332       453
         2       320       321       332       453
         2       320       321       442       453
         2       320       331       452       453
         2       320       441       452       453
         2       320       441       442       453
         2       321       332       333       454
         2       321       322       333       454
         2       321       322       443       454
         2       321       332       453       454
         2       321       442       453       454
         2       321       442       443       454
         2       322       333       334       455
         2       322       323       334       455
         2       322       323       444       455
         2       322       333       454       455
         2       322       443       454       455
         2       322       443       444       455
         2       323       334       335       456
         2       323       324       335       456
         2       323       324       445       456
         2       323       334       455       456
         2       323       444       455       456
         2       323       444       445       456
         2       324       335       336       457
         2       324       325       336       457
         2       324       325       446       457
         2       324       335       456       457
         2       324       445       456       457
         2       324       445       446       457
         2       325       326       336       447
         2       315       325       326       447
         2       315       325       436       447
         2       325       336       447       457
         2       325       446       447       457
         2       325       436       446       447
         2       326       337       338       459
         2       326       327       338       459
         2       326       327       448       459
         2       326       337       458       459
         2       326       447       458       459
         2       326       447       448       459
         2       327       338       339       460
         2       327       328       339       460
         2       327       328       449       460
         2       327       338       459       460
         2       327       448       459       460
         2       327       448       449       460
         2       328       339       340       461
         2       328       329       340       461
         2       328       329       450       461
         2       328       339       460       461
         2       328       449       460       461
         2       328       449       450       461
         2       329       340       341       462
         2       329       330       341       462
         2       329       330       451       462
         2       329       340       461       462
         2       329       450       461       462
         2       329       450       451       462
         2       330       341       342       463
         2       330       331       342       463
         2       330       331       452       463
         2       330       341       462       463
         2       330       451       462       463
         2       330       451       452       463
         2       331       342       343       464
         2       331       332       343       464
         2       331       332       453       464
         2       331       342       463       464
         2       331       452       463       464
         2       331       452       453       464
         2       332       343       344       465
         2       332       333       344       465
         2       332       333       454       465
         2       332       343       464       465
         2       332       453       464       465
         2       332       453       454       465
         2       333       344       345       466
         2       333       334       345       466
         2       333       334       455       466
         2       333       344       465       466
         2       333       454       465       466
         2       333       454       455       466
         2       334       345       346       467
         2       334       335       346       467
         2       334       335       456       467
         2       334       345       466       467
         2       334       455       466       467
         2       334       455       456       467
         2       335       346       347       468
         2       335       336       347       468
         2       335       336       457       468
         2       335       346       467       468
         2       335       456       467       468
         2       335       456       457       468
         2       336       337       347       458
         2       326       336       337       458
         2       326       336       447       458
         2       336       347       458       468
         2       336       457       458       468
         2       336       447       457       458
         2       337       348       349       470
         2       337       338       349       470
         2       337       338       459       470
         2       337       348       469       470
         2       337       458       469       470
         2       337       458       459       470
         2       338       349       350       471
         2       338       339       350       471
         2       338       339       460       471
         2       338       349       470       471
         2       338       459       470       471
         2       338       459       460       471
         2       339       350       351       472
         2       339       340       351       472
         2       339       340       461       472
         2       339       350       471       472
         2       339       460       471       472
         2       339       460       461       472
         2       340       351       352       473
         2       340       341       352       473
         2       340       341       462       473
         2       340       351       472       473
         2       340       461       472       473
         2       340       461       462       473
         2       341       352       353       474
         2       341       342       353       474
         2       341       342       463       474
         2       341       352       473       474
         2       341       462       473       474
         2       341       462       463       474
         2       342       353       354       475
         2       342       343       354       475
         2       342       343       464       475
         2       342       353       474       475
         2       342       463       474       475
         2       342       463       464       475
         2       343       354       355       476
         2       343       344       355       476
         2       343       344       465       476
         2       343       354       475       476
         2       343       464       475       476
         2       343       464       465       476
         2       344       355       356       477
         2       344       345       356       477
         2       344       345       466       477
         2       344       355       476       477
         2       344       465       476       477
         2       344       465       466       477
         2       345       356       357       478
         2       345       346       357       478
         2       345       346       467       478
         2       345       356       477       478
         2       345       466       477       478
         2       345       466       467       478
         2       346       357       358       479
         2       346       347       358       479
         2       346       347       468       479
         2       346       357       478       479
         2       346       467       478       479
         2       346       467       468       479
         2       347       348       358       469
         2       337       347       348       469
         2       337       347       458       469
         2       347       358       469       479
         2       347       468       469       479
         2       347       458       468       469
         2       348       359       360       481
         2       348       349       360       481
         2       348       349       470       481
         2       348       359       480       481
         2       348       469       480       481
         2       348       469       470       481
         2       349       360       361       482
         2       349       350       361       482
         2       349       350       471       482
         2       349       360       481       482
         2       349       470       481       482
         2       349       470       471       482
         2       350       361       362       483
         2       350       351       362       483
         2       350       351       472       483
         2       350       361       482       483
         2       350       471       482       483
         2       350       471       472       483
         2       351       362       363       484
         2       351       352       363       484
         2       351       352       473       484
         2       351       362       483       484
         2       351       472       483       484
         2       351       472       473       484
         2       352       363       364       485
         2       352       353       364       485
         2       352       353       474       485
         2       352       363       484       485
         2       352       473       484       485
         2       352       473       474       485
         2       353       364       365       486
         2       353       354       365       486
         2       353       354       475       486
         2       353       364       485       486
         2       353       474       485       486
         2       353       474       475       486
         2       354       365       366       487
         2       354       355       366       487
         2       354       355       476       487
         2       354       365       486       487
         2       354       475       486       487
         2       354       475       476       487
         2       355       366       367       488
         2       355       356       367       488
         2       355       356       477       488
         2       355       366       487       488
         2       355       476       487       488
         2       355       476       477       488
         2       356       367       368       489
         2       356       357       368       489
         2       356       357       478       489
         2       356       367       488       489
         2       356       477       488       489
         2       356       477       478       489
         2       357       368       369       490
         2       357       358       369       490
         2       357       358       479       490
         2       357       368       489       490
         2       357       478       489       490
         2       357       478       479       490
         2       358       359       369       480
         2       348       358       359       480
         2       348       358       469       480
         2       358       369       480       490
         2       358       479       480       490
         2       358       469       479       480
         2       359       370       371       492
         2       359       360       371       492
         2       359       360       481       492
         2       359       370       491       492
         2       359       480       491       492
         2       359       480       481       492
         2       360       371       372       493
         2       360       361       372       493
         2       360       361       482       493
         2       360       371       492       493
         2       360       481       492       493
         2       360       481       482       493
         2       361       372       373       494
         2       361       362       373       494
         2       361       362       483       494
         2       361       372       493       494
         2       361       482       493       494
         2       361       482       483       494
         2       362       373       374       495
         2       362       363       374       495
         2       362       363       484       495
         2       362       373       494       495
         2       362       483       494       495
         2       362       483       484       495
         2       363       374       375       496
         2       363       364       375       496
         2       363       364       485       496
         2       363       374       495       496
         2       363       484       495       496
         2       363       484       485       496
         2       364       375       376       497
         2       364       365       376       497
         2       364       365       486       497
         2       364       375       496       497
         2       364       485       496       497
         2       364       485       486       497
         2       365       376       377       498
         2       365       366       377       498
         2       365       366       487       498
         2       365       376       497       498
         2       365       486       497       498
         2       365       486       487       498
         2       366       377       378       499
         2       366       367       378       499
         2       366       367       488       499
         2       366       377       498       499
         2       366       487       498       499
         2       366       487       488       499
         2       367       378       379       500
         2       367       368       379       500
         2       367       368       489       500
         2       367       378       499       500
         2       367       488       499       500
         2       367       488       489       500
         2       368       379       380       501
         2       368       369       380       501
         2       368       369       490       501
         2       368       379       500       501
         2       368       489       500       501
         2       368       489       490       501
         2       369       370       380       491
         2       359       369       370       491
         2       359       369       480       491
         2       369       380       491       501
         2       369       490       491       501
         2       369       480       490       491
         2       370       381       382       503
         2       370       371       382       503
         2       370       371       492       503
         2       370       381       502       503
         2       370       491       502       503
         2       370       491       492       503
         2       371       382       383       504
         2       371       372       383       504
         2       371       372       493       504
         2       371       382       503       504
         2       371       492       503       504
         2       371       492       493       504
         2       372       383       384       505
         2       372       373       384       505
         2       372       373       494       505
         2       372       383       504       505
         2       372       493       504       505
         2       372       493       494       505
         2       373       384       385       506
         2       373       374       385       506
         2       373       374       495       506
         2       373       384       505       506
         2       373       494       505       506
         2       373       494       495       506
         2       374       385       386       507
         2       374       375       386       507
         2       374       375       496       507
         2       374       385       506       507
         2       374       495       506       507
         2       374       495       496       507
         2       375       386       387       508
         2       375       376       387       508
         2       375       376       497       508
         2       375       386       507       508
         2       375       496       507       508
         2       375       496       497       508
         2       376       387       388       509
         2       376       377       388       509
         2       376       377       498       509
         2       376       387       508       509
         2       376       497       508       509
         2       376       497       498       509
         2       377       388       389       510
         2       377       378       389       510
         2       377       378       499       510
         2       377       388       509       510
         2       377       498       509       510
         2       377       498       499       510
         2       378       389       390       511
         2       378       379       390       511
         2       378       379       500       511
         2       378       389       510       511
         2       378       499       510       511
         2       378       499       500       511
         2       379       390       391       512
         2       379       380       391       512
         2       379       380       501       512
         2       379       390       511       512
         2       379       500       511       512
         2       379       500       501       512
         2       380       381       391       502
         2       370       380       381       502
         2       370       380       491       502
         2       380       391       502       512
         2       380       501       502       512
         2       380       491       501       502
         2       381       392       393       514
         2       381       382       393       514
         2       381       382       503       514
         2       381       392       513       514
         2       381       502       513       514
         2       381       502       503       514
         2       382       393       394       515
         2       382       383       394       515
         2       382       383       504       515
         2       382       393       514       515
         2       382       503       514       515
         2       382       503       504       515
         2       383       394       395       516
         2       383       384       395       516
         2       383       384       505       516
         2       383       394       515       516
         2       383       504       515       516
         2       383       504       505       516
         2       384       395       396       517
         2       384       385       396       517
         2       384       385       506       517
         2       384       395       516       517
         2       384       505       516       517
         2       384       505       506       517
         2       385       396       397       518
         2       385       386       397       518
         2       385       386       507       518
         2       385       396       517       518
         2       385       506       517       518
         2       385       506       507       518
         2       386       397       398       519
         2       386       387       398       519
         2       386       387       508       519
         2       386       397       518       519
         2       386       507       518       519
         2       386       507       508       519
         2       387       398       399       520
         2       387       388       399       520
         2       387       388       509       520
         2       387       398       519       520
         2       387       508       519       520
         2       387       508       509       520
         2       388       399       400       521
         2       388       389       400       521
         2       388       389       510       521
         2       388       399       520       521
         2       388       509       520       521
         2       388       509       510       521
         2       389       400       401       522
         2       389       390       401       522
         2       389       390       511       522
         2       389       400       521       522
         2       389       510       521       522
         2       389       510       511       522
         2       390       401       402       523
         2       390       391       402       523
         2       390       391       512       523
         2       390       401       522       523
         2       390       511       522       523
         2       390       511       512       523
         2       391       392       402       513
         2       381       391       392       513
         2       381       391       502       513
         2       391       402       513       523
         2       391       512       513       523
         2       391       502       512       513
         2       392       403       404       525
         2       392       393       404       525
         2       392       393       514       525
         2       392       403       524       525
         2       392       513       524       525
         2       392       513       514       525
         2       393       404       405       526
         2       393       394       405       526
         2       393       394       515       526
         2       393       404       525       526
         2       393       514       525       526
         2       393       514       515       526
         2       394       405       406       527
         2       394       395       406       527
         2       394       395       516       527
         2       394       405       526       527
         2       394       515       526       527
         2       394       515       516       527
         2       395       406       407       528
         2       395       396       407       528
         2       395       396       517       528
         2       395       406       527       528
         2       395       516       527       528
         2       395       516       517       528
         2       396       407       408       529
         2       396       397       408       529
         2       396       397       518       529
         2       396       407       528       529
         2       396       517       528       529
         2       396       517       518       529
         2       397       408       409       530
         2       397       398       409       530
         2       397       398       519       530
         2       397       408       529       530
         2       397       518       529       530
         2       397       518       519       530
         2       398       409       410       531
         2       398       399       410       531
         2       398       399       520       531
         2       398       409       530       531
         2       398       519       530       531
         2       398       519       520       531
         2       399       410       411       532
         2       399       400       411       532
         2       399       400       521       532
         2       399       410       531       532
         2       399       520       531       532
         2       399       520       521       532
         2       400       411       412       533
         2       400       401       412       533
         2       400       401       522       533
         2       400       411       532       533
         2       400       521       532       533
         2       400       521       522       533
         2       401       412       413       534
         2       401       402       413       534
         2       401       402       523       534
         2       401       412       533       534
         2       401       522       533       534
         2       401       522       523       534
         2       402       403       413       524
         2       392       402       403       524
         2       392       402       513       524
         2       402       413       524       534
         2       402       523       524       534
         2       402       513       523       524
         2       403       414       415       536
         2       403       404       415       536
         2       403       404       525       536
         2       403       414       535       536
         2       403       524       535       536
         2       403       524       525       536
         2       404       415       416       537
         2       404       405       416       537
         2       404       405       526       537
         2       404       415       536       537
         2       404       525       536       537
         2       404       525       526       537
         2       405       416       417       538
         2       405       406       417       538
         2       405       406       527       538
         2       405       416       537       538
         2       405       526       537       538
         2       405       526       527       538
         2       406       417       418       539
         2       406       407       418       539
         2       406       407       528       539
         2       406       417       538       539
         2       406       527       538       539
         2       406       527       528       539
         2       407       418       419       540
         2       407       408       419       540
         2       407       408       529       540
         2       407       418       539       540
         2       407       528       539       540
         2       407       528       529       540
         2       408       419       420       541
         2       408       409       420       541
         2       408       409       530       541
         2       408       419       540       541
         2       408       529       540       541
         2       408       529       530       541
         2       409       420       421       542
         2       409       410       421       542
         2       409       410       531       542
         2       409       420       541       542
         2       409       530       541       542
         2       409       530       531       542
         2       410       421       422       543
         2       410       411       422       543
         2       410       411       532       543
         2       410       421       542       543
         2       410       531       542       543
         2       410       531       532       543
         2       411       422       423       544
         2       411       412       423       544
         2       411       412       533       544
         2       411       422       543       544
         2       411       532       543       544
         2       411       532       533       544
         2       412       423       424       545
         2       412       413       424       545
         2       412       413       534       545
         2       412       423       544       545
         2       412       533       544       545
         2       412       533       534       545
         2       413       414       424       535
         2       403       413       414       535
         2       403       413       524       535
         2       413       424       535       545
         2       413       534       535       545
         2       413       524       534       535
         2       304       305       414       426
         2       305       414       415       426
         2       414       415       426       536
         2       304       414       425       426
         2       414       425       426       535
         2       414       426       535       536
         2       305       306       415       427
         2       306       415       416       427
         2       415       416       427       537
         2       305       415       426       427
         2       415       426       427       536
         2       415       427       536       537
         2       306       307       416       428
         2       307       416       417       428
         2       416       417       428       538
         2       306       416       427       428
         2       416       427       428       537
         2       416       428       537       538
         2       307       308       417       429
         2       308       417       418       429
         2       417       418       429       539
         2       307       417       428       429
         2       417       428       429       538
         2       417       429       538       539
         2       308       309       418       430
         2       309       418       419       430
         2       418       419       430       540
         2       308       418       429       430
         2       418       429       430       539
         2       418       430       539       540
         2       309       310       419       431
         2       310       419       420       431
         2       419       420       431       541
         2       309       419       430       431
         2       419       430       431       540
         2       419       431       540       541
         2       310       311       420       432
         2       311       420       421       432
         2       420       421       432       542
         2       310       420       431       432
         2       420       431       432       541
         2       420       432       541       542
         2       311       312       421       433
         2       312       421       422       433
         2       421       422       433       543
         2       311       421       432       433
         2       421       432       433       542
         2       421       433       542       543
         2       312       313       422       434
         2       313       422       423       434
         2       422       423       434       544
         2       312       422       433       434
         2       422       433       434       543
         2       422       434       543       544
         2       313       314       423       435
         2       314       423       424       435
         2       423       424       435       545
         2       313       423       434       435
         2       423       434       435       544
         2       423       435       544       545
         2       304       314       424       425
         2       304       414       424       425
         2       414       424       425       535
         2       314       424       425       435
         2       424       425       435       545
         2       424       425       535       545
         2       425       436       437       558
         2       425       426       437       558
         2       425       426       547       558
         2       425       436       557       558
         2       425       546       557       558
         2       425       546       547       558
         2       426       437       438       559
         2       426       427       438       559
         2       426       427       548       559
         2       426       437       558       559
         2       426       547       558       559
         2       426       547       548       559
         2       427       438       439       560
         2       427       428       439       560
         2       427       428       549       560
         2       427       438       559       560
         2       427       548       559       560
         2       427       548       549       560
         2       428       439       440       561
         2       428       429       440       561
         2       428       429       550       561
         2       428       439       560       561
         2       428       549       560       561
         2       428       549       550       561
         2       429       440       441       562
         2       429       430       441       562
         2       429       430       551       562
         2       429       440       561       562
         2       429       550       561       562
         2       429       550       551       562
         2       430       441       442       563
         2       430       431       442       563
         2       430       431       552       563
         2       430       441       562       563
         2       430       551       562       563
         2       430       551       552       563
         2       431       442       443       564
         2       431       432       443       564
         2       431       432       553       564
         2       431       442       563       564
         2       431       552       563       564
         2       431       552       553       564
         2       432       443       444       565
         2       432       433       444       565
         2       432       433       554       565
         2       432       443       564       565
         2       432       553       564       565
         2       432       553       554       565
         2       433       444       445       566
         2       433       434       445       566
         2       433       434       555       566
         2       433       444       565       566
         2       433       554       565       566
         2       433       554       555       566
         2       434       445       446       567
         2       434       435       446       567
         2       434       435       556       567
         2       434       445       566       567
         2       434       555       566       567
         2       434       555       556       567
         2       435       436       446       557
         2       425       435       436       557
         2       425       435       546       557
         2       435       446       557       567
         2       435       556       557       567
         2       435       546       556       557
         2       436       447       448       569
         2       436       437       448       569
         2       436       437       558       569
         2       436       447       568       569
         2       436       557       568       569
         2       436       557       558       569
         2       437       448       449       570
         2       437       438       449       570
         2       437       438       559       570
         2       437       448       569       570
         2       437       558       569       570
         2       437       558       559       570
         2       438       449       450       571
         2       438       439       450       571
         2       438       439       560       571
         2       438       449       570       571
         2       438       559       570       571
         2       438       559       560       571
         2       439       450       451       572
         2       439       440       451       572
         2       439       440       561       572
         2       439       450       571       572
         2       439       560       571       572
         2       439       560       561       572
         2       440       451       452       573
         2       440       441       452       573
         2       440       441       562       573
         2       440       451       572       573
         2       440       561       572       573
         2       440       561       562       573
         2       441       452       453       574
         2       441       442       453       574
         2       441       442       563       574
         2       441       452       573       574
         2       441       562       573       574
         2       441       562       563       574
         2       442       453       454       575
         2       442       443       454       575
         2       442       443       564       575
         2       442       453       574       575
         2       442       563       574       575
         2       442       563       564       575
         2       443       454       455       576
         2       443       444       455       576
         2       443       444       565       576
         2       443       454       575       576
         2       443       564       575       576
         2       443       564       565       576
         2       444       455       456       577
         2       444       445       456       577
         2       444       445       566       577
         2       444       455       576       577
         2       444       565       576       577
         2       444       565       566       577
         2       445       456       457       578
         2       445       446       457       578
         2       445       446       567       578
         2       445       456       577       578
         2       445       566       577       578
         2       445       566       567       578
         2       446       447       457       568
         2       436       446       447       568
         2       436       446       557       568
         2       446       457       568       578
         2       446       567       568       578
         2       446       557       567       568
         2       447       458       459       580
         2       447       448       459       580
         2       447       448       569       580
         2       447       458       579       580
         2       447       568       579       580
         2       447       568       569       580
         2       448       459       460       581
         2       448       449       460       581
         2       448       449       570       581
         2       448       459       580       581
         2       448       569       580       581
         2       448       569       570       581
         2       449       460       461       582
         2       449       450       461       582
         2       449       450       571       582
         2       449       460       581       582
         2       449       570       581       582
         2       449       570       571       582
         2       450       461       462       583
         2       450       451       462       583
         2       450       451       572       583
         2       450       461       582       583
         2       450       571       582       583
         2       450       571       572       583
         2       451       462       463       584
         2       451       452       463       584
         2       451       452       573       584
         2       451       462       583       584
         2       451       572       583       584
         2       451       572       573       584
         2       452       463       464       585
         2       452       453       464       585
         2       452       453       574       585
         2       452       463       584       585
         2       452       573       584       585
         2       452       573       574       585
         2       453       464       465       586
         2       453       454       465       586
         2       453       454       575       586
         2       453       464       585       586
         2       453       574       585       586
         2       453       574       575       586
         2       454       465       466       587
         2       454       455       466       587
         2       454       455       576       587
         2       454       465       586       587
         2       454       575       586       587
         2       454       575       576       587
         2       455       466       467       588
         2       455       456       467       588
         2       455       456       577       588
         2       455       466       587       588
         2       455       576       587       588
         2       455       576       577       588
         2       456       467       468       589
         2       456       457       468       589
         2       456       457       578       589
         2       456       467       588       589
         2       456       577       588       589
         2       456       577       578       589
         2       457       458       468       579
         2       447       457       458       579
         2       447       457       568       579
         2       457       468       579       589
         2       457       578       579       589
         2       457       568       578       579
         2       458       469       470       591
         2       458       459       470       591
         2       458       459       580       591
         2       458       469       590       591
         2       458       579       590       591
         2       458       579       580       591
         2       459       470       471       592
         2       459       460       471       592
         2       459       460       581       592
         2       459       470       591       592
         2       459       580       591       592
         2       459       580       581       592
         2       460       471       472       593
         2       460       461       472       593
         2       460       461       582       593
         2       460       471       592       593
         2       460       581       592       593
         2       460       581       582       593
         2       461       472       473       594
         2       461       462       473       594
         2       461       462       583       594
         2       461       472       593       594
         2       461       582       593       594
         2       461       582       583       594
         2       462       473       474       595
         2       462       463       474       595
         2       462       463       584       595
         2       462       473       594       595
         2       462       583       594       595
         2       462       583       584       595
         2       463       474       475       596
         2       463       464       475       596
         2       463       464       585       596
         2       463       474       595       596
         2       463       584       595       596
         2       463       584       585       596
         2       464       475       476       597
         2       464       465       476       597
         2       464       465       586       597
         2       464       475       596       597
         2       464       585       596       597
         2       464       585       586       597
         2       465       476       477       598
         2       465       466       477       598
         2       465       466       587       598
         2       465       476       597       598
         2       465       586       597       598
         2       465       586       587       598
         2       466       477       478       599
         2       466       467       478       599
         2       466       467       588       599
         2       466       477       598       599
         2       466       587       598       599
         2       466       587       588       599
         2       467       478       479       600
         2       467       468       479       600
         2       467       468       589       600
         2       467       478       599       600
         2       467       588       599       600
         2       467       588       589       600
         2       468       469       479       590
         2       458       468       469       590
         2       458       468       579       590
         2       468       479       590       600
         2       468       589       590       600
         2       468       579       589       590
         2       469       480       481       602
         2       469       470       481       602
         2       469       470       591       602
         2       469       480       601       602
         2       469       590       601       602
         2       469       590       591       602
         2       470       481       482       603
         2       470       471       482       603
         2       470       471       592       603
         2       470       481       602       603
         2       470       591       602       603
         2       470       591       592       603
         2       471       482       483       604
         2       471       472       483       604
         2       471       472       593       604
         2       471       482       603       604
         2       471       592       603       604
         2       471       592       593       604
         2       472       483       484       605
         2       472       473       484       605
         2       472       473       594       605
         2       472       483       604       605
         2       472       593       604       605
         2       472       593       594       605
         2       473       484       485       606
         2       473       474       485       606
         2       473       474       595       606
         2       473       484       605       606
         2       473       594       605       606
         2       473       594       595       606
         2       474       485       486       607
         2       474       475       486       607
         2       474       475       596       607
         2       474       485       606       607
         2       474       595       606       607
         2       474       595       596       607
         2       475       486       487       608
         2       475       476       487       608
         2       475       476       597       608
         2       475       486       607       608
         2       475       596       607       608
         2       475       596       597       608
         2       476       487       488       609
         2       476       477       488       609
         2       476       477       598       609
         2       476       487       608       609
         2       476       597       608       609
         2       476       597       598       609
         2       477       488       489       610
         2       477       478       489       610
         2       477       478       599       610
         2       477       488       609       610
         2       477       598       609       610
         2       477       598       599       610
         2       478       489       490       611
         2       478       479       490       611
         2       478       479       600       611
         2       478       489       610       611
         2       478       599       610       611
         2       478       599       600       611
         2       479       480       490       601
         2       469       479       480       601
         2       469       479       590       601
         2       479       490       601       611
         2       479       600       601       611
         2       479       590       600       601
         2       480       491       492       613
         2       480       481       492       613
         2       480       481       602       613
         2       480       491       612       613
         2       480       601       612       613
         2       480       601       602       613
         2       481       492       493       614
         2       481       482       493       614
         2       481       482       603       614
         2       481       492       613       614
         2       481       602       613       614
         2       481       602       603       614
         2       482       493       494       615
         2       482       483       494       615
         2       482       483       604       615
         2       482       493       614       615
         2       482       603       614       615
         2       482       603       604       615
         2       483       494       495       616
         2       483       484       495       616
         2       483       484       605       616
         2       483       494       615       616
         2       483       604       615       616
         2       483       604       605       616
         2       484       495       496       617
         2       484       485       496       617
         2       484       485       606       617
         2       484       495       616       617
         2       484       605       616       617
         2       484       605       606       617
         2       485       496       497       618
         2       485       486       497       618
         2       485       486       607       618
         2       485       496       617       618
         2       485       606       617       618
         2       485       606       607       618
         2       486       497       498       619
         2       486       487       498       619
         2       486       487       608       619
         2       486       497       618       619
         2       486       607       618       619
         2       486       607       608       619
         2       487       498       499       620
         2       487       488       499       620
         2       487       488       609       620
         2       487       498       619       620
         2       487       608       619       620
         2       487       608       609       620
         2       488       499       500       621
         2       488       489       500       621
         2       488       489       610       621
         2       488       499       620       621
         2       488       609       620       621
         2       488       609       610       621
         2       489       500       501       622
         2       489       490       501       622
         2       489       490       611       622
         2       489       500       621       622
         2       489       610       621       622
         2       489       610       611       622
         2       490       491       501       612
         2       480       490       491       612
         2       480       490       601       612
         2       490       501       612       622
         2       490       611       612       622
         2       490       601       611       612
         2       491       502       503       624
         2       491       492       503       624
         2       491       492       613       624
         2       491       502       623       624
         2       491       612       623       624
         2       491       612       613       624
         2       492       503       504       625
         2       492       493       504       625
         2       492       493       614       625
         2       492       503       624       625
         2       492       613       624       625
         2       492       613       614       625
         2       493       504       505       626
         2       493       494       505       626
         2       493       494       615       626
         2       493       504       625       626
         2       493       614       625       626
         2       493       614       615       626
         2       494       505       506       627
         2       494       495       506       627
         2       494       495       616       627
         2       494       505       626       627
         2       494       615       626       627
         2       494       615       616       627
         2       495       506       507       628
         2       495       496       507       628
         2       495       496       617       628
         2       495       506       627       628
         2       495       616       627       628
         2       495       616       617       628
         2       496       507       508       629
         2       496       497       508       629
         2       496       497       618       629
         2       496       507       628       629
         2       496       617       628       629
         2       496       617       618       629
         2       497       508       509       630
         2       497       498       509       630
         2       497       498       619       630
         2       497       508       629       630
         2       497       618       629       630
         2       497       618       619       630
         2       498       509       510       631
         2       498       499       510       631
         2       498       499       620       631
         2       498       509       630       631
         2       498       619       630       631
         2       498       619       620       631
         2       499       510       511       632
         2       499       500       511       632
         2       499       500       621       632
         2       499       510       631       632
         2       499       620       631       632
         2       499       620       621       632
         2       500       511       512       633
         2       500       501       512       633
         2       500       501       622       633
         2       500       511       632       633
         2       500       621       632       633
         2       500       621       622       633
         2       501       502       512       623
         2       491       501       502       623
         2       491       501       612       623
         2       501       512       623       633
         2       501       622       623       633
         2       501       612       622       623
         2       502       513       514       635
         2       502       503       514       635
         2       502       503       624       635
         2       502       513       634       635
         2       502       623       634       635
         2       502       623       624       635
         2       503       514       515       636
         2       503       504       515       636
         2       503       504       625       636
         2       503       514       635       636
         2       503       624       635       636
         2       503       624       625       636
         2       504       515       516       637
         2       504       505       516       637
         2       504       505       626       637
         2       504       515       636       637
         2       504       625       636       637
         2       504       625       626       637
         2       505       516       517       638
         2       505       506       517       638
         2       505       506       627       638
         2       505       516       637       638
         2       505       626       637       638
         2       505       626       627       638
         2       506       517       518       639
         2       506       507       518       639
         2       506       507       628       639
         2       506       517       638       639
         2       506       627       638       639
         2       506       627       628       639
         2       507       518       519       640
         2       507       508       519       640
         2       507       508       629       640
         2       507       518       639       640
         2       507       628       639       640
         2       507       628       629       640
         2       508       519       520       641
         2       508       509       520       641
         2       508       509       630       641
         2       508       519       640       641
         2       508       629       640       641
         2       508       629       630       641
         2       509       520       521       642
         2       509       510       521       642
         2       509       510       631       642
         2       509       520       641       642
         2       509       630       641       642
         2       509       630       631       642
         2       510       521       522       643
         2       510       511       522       643
         2       510       511       632       643
         2       510       521       642       643
         2       510       631       642       643
         2       510       631       632       643
         2       511       522       523       644
         2       511       512       523       644
         2       511       512       633       644
         2       511       522       643       644
         2       511       632       643       644
         2       511       632       633       644
         2       512       513       523       634
         2       502       512       513       634
         2       502       512       623       634
         2       512       523       634       644
         2       512       633       634       644
         2       512       623       633       634
         2       513       524       525       646
         2       513       514       525       646
         2       513       514       635       646
         2       513       524       645       646
         2       513       634       645       646
         2       513       634       635       646
         2       514       525       526       647
         2       514       515       526       647
         2       514       515       636       647
         2       514       525       646       647
         2       514       635       646       647
         2       514       635       636       647
         2       515       526       527       648
         2       515       516       527       648
         2       515       516       637       648
         2       515       526       647       648
         2       515       636       647       648
         2       515       636       637       648
         2       516       527       528       649
         2       516       517       528       649
         2       516       517       638       649
         2       516       527       648       649
         2       516       637       648       649
         2       516       637       638       649
         2       517       528       529       650
         2       517       518       529       650
         2       517       518       639       650
         2       517       528       649       650
         2       517       638       649       650
         2       517       638       639       650
         2       518       529       530       651
         2       518       519       530       651
         2       518       519       640       651
         2       518       529       650       651
         2       518       639       650       651
         2       518       639       640       651
         2       519       530       531       652
         2       519       520       531       652
         2       519       520       641       652
         2       519       530       651       652
         2       519       640       651       652
         2       519       640       641       652
         2       520       531       532       653
         2       520       521       532       653
         2       520       521       642       653
         2       520       531       652       653
         2       520       641       652       653
         2       520       641       642       653
         2       521       532       533       654
         2       521       522       533       654
         2       521       522       643       654
         2       521       532       653       654
         2       521       642       653       654
         2       521       642       643       654
         2       522       533       534       655
         2       522       523       534       655
         2       522       523       644       655
         2       522       533       654       655
         2       522       643       654       655
         2       522       643       644       655
         2       523       524       534       645
         2       513       523       524       645
         2       513       523       634       645
         2       523       534       645       655
         2       523       644       645       655
         2       523       634       644       645
         2       524       535       536       657
         2       524       525       536       657
         2       524       525       646       657
         2       524       535       656       657
         2       524       645       656       657
         2       524       645       646       657
         2       525       536       537       658
         2       525       526       537       658
         2       525       526       647       658
         2       525       536       657       658
         2       525       646       657       658
         2       525       646       647       658
         2       526       537       538       659
         2       526       527       538       659
         2       526       527       648       659
         2       526       537       658       659
         2       526       647       658       659
         2       526       647       648       659
         2       527       538       539       660
         2       527       528       539       660
         2       527       528       649       660
         2       527       538       659       660
         2       527       648       659       660
         2       527       648       649       660
         2       528       539       540       661
         2       528       529       540       661
         2       528       529       650       661
         2       528       539       660       661
         2       528       649       660       661
         2       528       649       650       661
         2       529       540       541       662
         2       529       530       541       662
         2       529       530       651       662
         2       529       540       661       662
         2       529       650       661       662
         2       529       650       651       662
         2       530       541       542       663
         2       530       531       542       663
         2       530       531       652       663
         2       530       541       662       663
         2       530       651       662       663
         2       530       651       652       663
         2       531       542       543       664
         2       531       532       543       664
         2       531       532       653       664
         2       531       542       663       664
         2       531       652       663       664
         2       531       652       653       664
         2       532       543       544       665
         2       532       533       544       665
         2       532       533       654       665
         2       532       543       664       665
         2       532       653       664       665
         2       532       653       654       665
         2       533       544       545       666
         2       533       534       545       666
         2       533       534       655       666
         2       533       544       665       666
         2       533       654       665       666
         2       533       654       655       666
         2       534       535       545       656
         2       524       534       535       656
         2       524       534       645       656
         2       534       545       656       666
         2       534       655       656       666
         2       534       645       655       656
         2       425       426       535       547
         2       426       535       536       547
         2       535       536       547       657
         2       425       535       546       547
         2       535       546       547       656
         2       535       547       656       657
         2       426       427       536       548
         2       427       536       537       548
         2       536       537       548       658
         2       426       536       547       548
         2       536       547       548       657
         2       536       548       657       658
         2       427       428       537       549
         2       428       537       538       549
         2       537       538       549       659
         2       427       537       548       549
         2       537       548       549       658
         2       537       549       658       659
         2       428       429       538       550
         2       429       538       539       550
         2       538       539       550       660
         2       428       538       549       550
         2       538       549       550       659
         2       538       550       659       660
         2       429       430       539       551
         2       430       539       540       551
         2       539       540       551       661
         2       429       539       550       551
         2       539       550       551       660
         2       539       551       660       661
         2       430       431       540       552
         2       431       540       541       552
         2       540       541       552       662
         2       430       540       551       552
         2       540       551       552       661
         2       540       552       661       662
         2       431       432       541       553
         2       432       541       542       553
         2       541       542       553       663
         2       431       541       552       553
         2       541       552       553       662
         2       541       553       662       663
         2       432       433       542       554
         2       433       542       543       554
         2       542       543       554       664
         2       432       542       553       554
         2       542       553       554       663
         2       542       554       663       664
         2       433       434       543       555
         2       434       543       544       555
         2       543       544       555       665
         2       433       543       554       555
         2       543       554       555       664
         2       543       555       664       665
         2       434       435       544       556
         2       435       544       545       556
         2       544       545       556       666
         2       434       544       555       556
         2       544       555       556       665
         2       544       556       665       666
         2       425       435       545       546
         2       425       535       545       546
         2       535       545       546       656
         2       435       545       546       556
         2       545       546       556       666
         2       545       546       656       666
         2       546       557       558       666
         2       546       547       558       666
         2       546       547       556       666
         2       546       557       656       666
         2       546       546       656       666
         2       546       546       556       666
         2       547       558       559       665
         2       547       548       559       665
         2       547       548       555       665
         2       547       558       665       666
         2       547       556       665       666
         2       547       555       556       665
         2       548       559       560       664
         2       548       549       560       664
         2       548       549       554       664
         2       548       559       664       665
         2       548       555       664       665
         2       548       554       555       664
         2       549       560       561       663
         2       549       550       561       663
         2       549       550       553       663
         2       549       560       663       664
         2       549       554       663       664
         2       549       553       554       663
         2       550       561       562       662
         2       550       551       562       662
         2       550       551       552       662
         2       550       561       662       663
         2       550       553       662       663
         2       550       552       553       662
         2       551       562       563       661
         2       551       552       563       661
         4       551       551       552       661
         2       551       562       661       662
         2       551       552       661       662
         2       552       563       564       660
         2       552       553       564       660
         2       550       552       553       660
         2       552       563       660       661
         2       551       552       660       661
         2       550       551       552       660
         2       553       564       565       659
         2       553       554       565       659
         2       549       553       554       659
         2       553       564       659       660
         2       550       553       659       660
         2       549       550       553       659
         2       554       565       566       658
         2       554       555       566       658
         2       548       554       555       658
         2       554       565       658       659
         2       549       554       658       659
         2       548       549       554       658
         2       555       566       567       657
         2       555       556       567       657
         2       547       555       556       657
         2       555       566       657       658
         2       548       555       657       658
         2       547       548       555       657
         2       556       557       567       656
         2       546       556       557       656
         2       546       546       556       656
         2       556       567       656       657
         2       547       556       656       657
         2       546       547       556       656
         2       557       568       569       655
         2       557       558       569       655
         2       557       558       655       666
         2       557       568       645       655
         2       557       645       655       656
         2       557       655       656       666
         2       558       569       570       654
         2       558       559       570       654
         2       558       559       654       665
         2       558       569       654       655
         2       558       654       655       666
         2       558       654       665       666
         2       559       570       571       653
         2       559       560       571       653
         2       559       560       653       664
         2       559       570       653       654
         2       559       653       654       665
         2       559       653       664       665
         2       560       571       572       652
         2       560       561       572       652
         2       560       561       652       663
         2       560       571       652       653
         2       560       652       653       664
         2       560       652       663       664
         2       561       572       573       651
         2       561       562       573       651
         2       561       562       651       662
         2       561       572       651       652
         2       561       651       652       663
         2       561       651       662       663
         2       562       573       574       650
         2       562       563       574       650
         2       562       563       650       661
         2       562       573       650       651
         2       562       650       651       662
         2       562       650       661       662
         2       563       574       575       649
         2       563       564       575       649
         2       563       564       649       660
         2       563       574       649       650
         2       563       649       650       661
         2       563       649       660       661
         2       564       575       576       648
         2       564       565       576       648
         2       564       565       648       659
         2       564       575       648       649
         2       564       648       649       660
         2       564       648       659       660
         2       565       576       577       647
         2       565       566       577       647
         2       565       566       647       658
         2       565       576       647       648
         2       565       647       648       659
         2       565       647       658       659
         2       566       577       578       646
         2       566       567       578       646
         2       566       567       646       657
         2       566       577       646       647
         2       566       646       647       658
         2       566       646       657       658
         2       567       568       578       645
         2       557       567       568       645
         2       557       567       645       656
         2       567       578       645       646
         2       567       645       646       657
         2       567       645       656       657
         2       568       579       580       644
         2       568       569       580       644
         2       568       569       644       655
         2       568       579       634       644
         2       568       634       644       645
         2       568       644       645       655
         2       569       580       581       643
         2       569       570       581       643
         2       569       570       643       654
         2       569       580       643       644
         2       569       643       644       655
         2       569       643       654       655
         2       570       581       582       642
         2       570       571       582       642
         2       570       571       642       653
         2       570       581       642       643
         2       570       642       643       654
         2       570       642       653       654
         2       571       582       583       641
         2       571       572       583       641
         2       571       572       641       652
         2       571       582       641       642
         2       571       641       642       653
         2       571       641       652       653
         2       572       583       584       640
         2       572       573       584       640
         2       572       573       640       651
         2       572       583       640       641
         2       572       640       641       652
         2       572       640       651       652
         2       573       584       585       639
         2       573       574       585       639
         2       573       574       639       650
         2       573       584       639       640
         2       573       639       640       651
         2       573       639       650       651
         2       574       585       586       638
         2       574       575       586       638
         2       574       575       638       649
         2       574       585       638       639
         2       574       638       639       650
         2       574       638       649       650
         2       575       586       587       637
         2       575       576       587       637
         2       575       576       637       648
         2       575       586       637       638
         2       575       637       638       649
         2       575       637       648       649
         2       576       587       588       636
         2       576       577       588       636
         2       576       577       636       647
         2       576       587       636       637
         2       576       636       637       648
         2       576       636       647       648
         2       577       588       589       635
         2       577       578       589       635
         2       577       578       635       646
         2       577       588       635       636
         2       577       635       636       647
         2       577       635       646       647
         2       578       579       589       634
         2       568       578       579       634
         2       568       578       634       645
         2       578       589       634       635
         2       578       634       635       646
         2       578       634       645       646
         2       579       590       591       633
         2       579       580       591       633
         2       579       580       633       644
         2       579       590       623       633
         2       579       623       633       634
         2       579       633       634       644
         2       580       591       592       632
         2       580       581       592       632
         2       580       581       632       643
         2       580       591       632       633
         2       580       632       633       644
         2       580       632       643       644
         2       581       592       593       631
         2       581       582       593       631
         2       581       582       631       642
         2       581       592       631       632
         2       581       631       632       643
         2       581       631       642       643
         2       582       593       594       630
         2       582       583       594       630
         2       582       583       630       641
         2       582       593       630       631
         2       582       630       631       642
         2       582       630       641       642
         2       583       594       595       629
         2       583       584       595       629
         2       583       584       629       640
         2       583       594       629       630
         2       583       629       630       641
         2       583       629       640       641
         2       584       595       596       628
         2       584       585       596       628
         2       584       585       628       639
         2       584       595       628       629
         2       584       628       629       640
         2       584       628       639       640
         2       585       596       597       627
         2       585       586       597       627
         2       585       586       627       638
         2       585       596       627       628
         2       585       627       628       639
         2       585       627       638       639
         2       586       597       598       626
         2       586       587       598       626
         2       586       587       626       637
         2       586       597       626       627
         2       586       626       627       638
         2       586       626       637       638
         2       587       598       599       625
         2       587       588       599       625
         2       587       588       625       636
         2       587       598       625       626
         2       587       625       626       637
         2       587       625       636       637
         2       588       599       600       624
         2       588       589       600       624
         2       588       589       624       635
         2       588       599       624       625
         2       588       624       625       636
         2       588       624       635       636
         2       589       590       600       623
         2       579       589       590       623
         2       579       589       623       634
         2       589       600       623       624
         2       589       623       624       635
         2       589       623       634       635
         2       590       601       602       622
         2       590       591       602       622
         2       590       591       622       633
         2       590       601       612       622
         2       590       612       622       623
         2       590       622       623       633
         2       591       602       603       621
         2       591       592       603       621
         2       591       592       621       632
         2       591       602       621       622
         2       591       621       622       633
         2       591       621       632       633
         2       592       603       604       620
         2       592       593       604       620
         2       592       593       620       631
         2       592       603       620       621
         2       592       620       621       632
         2       592       620       631       632
         2       593       604       605       619
         2       593       594       605       619
         2       593       594       619       630
         2       593       604       619       620
         2       593       619       620       631
         2       593       619       630       631
         2       594       605       606       618
         2       594       595       606       618
         2       594       595       618       629
         2       594       605       618       619
         2       594       618       619       630
         2       594       618       629       630
         2       595       606       607       617
         2       595       596       607       617
         2       595       596       617       628
         2       595       606       617       618
         2       595       617       618       629
         2       595       617       628       629
         2       596       607       608       616
         2       596       597       608       616
         2       596       597       616       627
         2       596       607       616       617
         2       596       616       617       628
         2       596       616       627       628
         2       597       608       609       615
         2       597       598       609       615
         2       597       598       615       626
         2       597       608       615       616
         2       597       615       616       627
         2       597       615       626       627
         2       598       609       610       614
         2       598       599       610       614
         2       598       599       614       625
         2       598       609       614       615
         2       598       614       615       626
         2       598       614       625       626
         2       599       610       611       613
         2       599       600       611       613
         2       599       600       613       624
         2       599       610       613       614
         2       599       613       614       625
         2       599       613       624       625
         2       600       601       611       612
         2       590       600       601       612
         2       590       600       612       623
         2       600       611       612       613
         2       600       612       613       624
         2       600       612       623       624
         2       601       611       612       613
         2       601       602       611       613
         2       601       602       611       622
         4       601       601       611       612
         2       601       611       612       622
         2       602       610       613       614
         2       602       603       610       614
         2       602       603       610       621
         2       602       610       611       613
         2       602       610       611       622
         2       602       610       621       622
         2       603       609       614       615
         2       603       604       609       615
         2       603       604       609       620
         2       603       609       610       614
         2       603       609       610       621
         2       603       609       620       621
         2       604       608       615       616
         2       604       605       608       616
         2       604       605       608       619
         2       604       608       609       615
         2       604       608       609       620
         2       604       608       619       620
         2       605       607       616       617
         2       605       606       607       617
         2       605       606       607       618
         2       605       607       608       616
         2       605       607       608       619
         2       605       607       618       619
         2       606       606       617       618
         2       606       606       607       618
         2       606       606       607       617
