Automatically generated mesh
     606
Reciprocal lattice
    0.00000000000000    0.00000000000000    0.00000000000000             1
    0.10000000000000    0.00000000000000   -0.00000000000000             2
    0.20000000000000    0.00000000000000   -0.00000000000000             2
    0.30000000000000    0.00000000000000   -0.00000000000000             2
    0.40000000000000    0.00000000000000   -0.00000000000000             2
    0.50000000000000   -0.00000000000000   -0.00000000000000             1
    0.00000000000000    0.09090909090909   -0.00000000000000             2
    0.10000000000000    0.09090909090909   -0.00000000000000             2
    0.20000000000000    0.09090909090909   -0.00000000000000             2
    0.30000000000000    0.09090909090909   -0.00000000000000             2
    0.40000000000000    0.09090909090909   -0.00000000000000             2
    0.50000000000000    0.09090909090909   -0.00000000000000             2
   -0.40000000000000    0.09090909090909    0.00000000000000             2
   -0.30000000000000    0.09090909090909    0.00000000000000             2
   -0.20000000000000    0.09090909090909    0.00000000000000             2
   -0.10000000000000    0.09090909090909    0.00000000000000             2
    0.00000000000000    0.18181818181818   -0.00000000000000             2
    0.10000000000000    0.18181818181818   -0.00000000000000             2
    0.20000000000000    0.18181818181818   -0.00000000000000             2
    0.30000000000000    0.18181818181818   -0.00000000000000             2
    0.40000000000000    0.18181818181818   -0.00000000000000             2
    0.50000000000000    0.18181818181818   -0.00000000000000             2
   -0.40000000000000    0.18181818181818    0.00000000000000             2
   -0.30000000000000    0.18181818181818    0.00000000000000             2
   -0.20000000000000    0.18181818181818    0.00000000000000             2
   -0.10000000000000    0.18181818181818    0.00000000000000             2
    0.00000000000000    0.27272727272727    0.00000000000000             2
    0.10000000000000    0.27272727272727   -0.00000000000000             2
    0.20000000000000    0.27272727272727   -0.00000000000000             2
    0.30000000000000    0.27272727272727   -0.00000000000000             2
    0.40000000000000    0.27272727272727   -0.00000000000000             2
    0.50000000000000    0.27272727272727   -0.00000000000000             2
   -0.40000000000000    0.27272727272727    0.00000000000000             2
   -0.30000000000000    0.27272727272727    0.00000000000000             2
   -0.20000000000000    0.27272727272727    0.00000000000000             2
   -0.10000000000000    0.27272727272727    0.00000000000000             2
    0.00000000000000    0.36363636363636   -0.00000000000000             2
    0.10000000000000    0.36363636363636   -0.00000000000000             2
    0.20000000000000    0.36363636363636   -0.00000000000000             2
    0.30000000000000    0.36363636363636   -0.00000000000000             2
    0.40000000000000    0.36363636363636   -0.00000000000000             2
    0.50000000000000    0.36363636363636   -0.00000000000000             2
   -0.40000000000000    0.36363636363636    0.00000000000000             2
   -0.30000000000000    0.36363636363636    0.00000000000000             2
   -0.20000000000000    0.36363636363636   -0.00000000000000             2
   -0.10000000000000    0.36363636363636    0.00000000000000             2
    0.00000000000000    0.45454545454545    0.00000000000000             2
    0.10000000000000    0.45454545454545   -0.00000000000000             2
    0.20000000000000    0.45454545454545   -0.00000000000000             2
    0.30000000000000    0.45454545454545   -0.00000000000000             2
    0.40000000000000    0.45454545454545   -0.00000000000000             2
    0.50000000000000    0.45454545454545   -0.00000000000000             2
   -0.40000000000000    0.45454545454545    0.00000000000000             2
   -0.30000000000000    0.45454545454545    0.00000000000000             2
   -0.20000000000000    0.45454545454545   -0.00000000000000             2
   -0.10000000000000    0.45454545454545    0.00000000000000             2
    0.00000000000000    0.00000000000000    0.09090909090909             2
    0.10000000000000    0.00000000000000    0.09090909090909             2
    0.20000000000000    0.00000000000000    0.09090909090909             2
    0.30000000000000    0.00000000000000    0.09090909090909             2
    0.40000000000000    0.00000000000000    0.09090909090909             2
    0.50000000000000   -0.00000000000000    0.09090909090909             2
   -0.40000000000000   -0.00000000000000    0.09090909090909             2
   -0.30000000000000    0.00000000000000    0.09090909090909             2
   -0.20000000000000   -0.00000000000000    0.09090909090909             2
   -0.10000000000000    0.00000000000000    0.09090909090909             2
    0.00000000000000    0.09090909090909    0.09090909090909             2
    0.10000000000000    0.09090909090909    0.09090909090909             2
    0.20000000000000    0.09090909090909    0.09090909090909             2
    0.30000000000000    0.09090909090909    0.09090909090909             2
    0.40000000000000    0.09090909090909    0.09090909090909             2
    0.50000000000000    0.09090909090909    0.09090909090909             2
   -0.40000000000000    0.09090909090909    0.09090909090909             2
   -0.30000000000000    0.09090909090909    0.09090909090909             2
   -0.20000000000000    0.09090909090909    0.09090909090909             2
   -0.10000000000000    0.09090909090909    0.09090909090909             2
    0.00000000000000    0.18181818181818    0.09090909090909             2
    0.10000000000000    0.18181818181818    0.09090909090909             2
    0.20000000000000    0.18181818181818    0.09090909090909             2
    0.30000000000000    0.18181818181818    0.09090909090909             2
    0.40000000000000    0.18181818181818    0.09090909090909             2
    0.50000000000000    0.18181818181818    0.09090909090909             2
   -0.40000000000000    0.18181818181818    0.09090909090909             2
   -0.30000000000000    0.18181818181818    0.09090909090909             2
   -0.20000000000000    0.18181818181818    0.09090909090909             2
   -0.10000000000000    0.18181818181818    0.09090909090909             2
    0.00000000000000    0.27272727272727    0.09090909090909             2
    0.10000000000000    0.27272727272727    0.09090909090909             2
    0.20000000000000    0.27272727272727    0.09090909090909             2
    0.30000000000000    0.27272727272727    0.09090909090909             2
    0.40000000000000    0.27272727272727    0.09090909090909             2
    0.50000000000000    0.27272727272727    0.09090909090909             2
   -0.40000000000000    0.27272727272727    0.09090909090909             2
   -0.30000000000000    0.27272727272727    0.09090909090909             2
   -0.20000000000000    0.27272727272727    0.09090909090909             2
   -0.10000000000000    0.27272727272727    0.09090909090909             2
    0.00000000000000    0.36363636363636    0.09090909090909             2
    0.10000000000000    0.36363636363636    0.09090909090909             2
    0.20000000000000    0.36363636363636    0.09090909090909             2
    0.30000000000000    0.36363636363636    0.09090909090909             2
    0.40000000000000    0.36363636363636    0.09090909090909             2
    0.50000000000000    0.36363636363636    0.09090909090909             2
   -0.40000000000000    0.36363636363636    0.09090909090909             2
   -0.30000000000000    0.36363636363636    0.09090909090909             2
   -0.20000000000000    0.36363636363636    0.09090909090909             2
   -0.10000000000000    0.36363636363636    0.09090909090909             2
    0.00000000000000    0.45454545454545    0.09090909090909             2
    0.10000000000000    0.45454545454545    0.09090909090909             2
    0.20000000000000    0.45454545454545    0.09090909090909             2
    0.30000000000000    0.45454545454545    0.09090909090909             2
    0.40000000000000    0.45454545454545    0.09090909090909             2
    0.50000000000000    0.45454545454545    0.09090909090909             2
   -0.40000000000000    0.45454545454545    0.09090909090909             2
   -0.30000000000000    0.45454545454545    0.09090909090909             2
   -0.20000000000000    0.45454545454545    0.09090909090909             2
   -0.10000000000000    0.45454545454545    0.09090909090909             2
    0.00000000000000   -0.45454545454545    0.09090909090909             2
    0.10000000000000   -0.45454545454545    0.09090909090909             2
    0.20000000000000   -0.45454545454545    0.09090909090909             2
    0.30000000000000   -0.45454545454545    0.09090909090909             2
    0.40000000000000   -0.45454545454545    0.09090909090909             2
    0.50000000000000   -0.45454545454545    0.09090909090909             2
   -0.40000000000000   -0.45454545454545    0.09090909090909             2
   -0.30000000000000   -0.45454545454545    0.09090909090909             2
   -0.20000000000000   -0.45454545454545    0.09090909090909             2
   -0.10000000000000   -0.45454545454545    0.09090909090909             2
    0.00000000000000   -0.36363636363636    0.09090909090909             2
    0.10000000000000   -0.36363636363636    0.09090909090909             2
    0.20000000000000   -0.36363636363636    0.09090909090909             2
    0.30000000000000   -0.36363636363636    0.09090909090909             2
    0.40000000000000   -0.36363636363636    0.09090909090909             2
    0.50000000000000   -0.36363636363636    0.09090909090909             2
   -0.40000000000000   -0.36363636363636    0.09090909090909             2
   -0.30000000000000   -0.36363636363636    0.09090909090909             2
   -0.20000000000000   -0.36363636363636    0.09090909090909             2
   -0.10000000000000   -0.36363636363636    0.09090909090909             2
    0.00000000000000   -0.27272727272727    0.09090909090909             2
    0.10000000000000   -0.27272727272727    0.09090909090909             2
    0.20000000000000   -0.27272727272727    0.09090909090909             2
    0.30000000000000   -0.27272727272727    0.09090909090909             2
    0.40000000000000   -0.27272727272727    0.09090909090909             2
    0.50000000000000   -0.27272727272727    0.09090909090909             2
   -0.40000000000000   -0.27272727272727    0.09090909090909             2
   -0.30000000000000   -0.27272727272727    0.09090909090909             2
   -0.20000000000000   -0.27272727272727    0.09090909090909             2
   -0.10000000000000   -0.27272727272727    0.09090909090909             2
    0.00000000000000   -0.18181818181818    0.09090909090909             2
    0.10000000000000   -0.18181818181818    0.09090909090909             2
    0.20000000000000   -0.18181818181818    0.09090909090909             2
    0.30000000000000   -0.18181818181818    0.09090909090909             2
    0.40000000000000   -0.18181818181818    0.09090909090909             2
    0.50000000000000   -0.18181818181818    0.09090909090909             2
   -0.40000000000000   -0.18181818181818    0.09090909090909             2
   -0.30000000000000   -0.18181818181818    0.09090909090909             2
   -0.20000000000000   -0.18181818181818    0.09090909090909             2
   -0.10000000000000   -0.18181818181818    0.09090909090909             2
    0.00000000000000   -0.09090909090909    0.09090909090909             2
    0.10000000000000   -0.09090909090909    0.09090909090909             2
    0.20000000000000   -0.09090909090909    0.09090909090909             2
    0.30000000000000   -0.09090909090909    0.09090909090909             2
    0.40000000000000   -0.09090909090909    0.09090909090909             2
    0.50000000000000   -0.09090909090909    0.09090909090909             2
   -0.40000000000000   -0.09090909090909    0.09090909090909             2
   -0.30000000000000   -0.09090909090909    0.09090909090909             2
   -0.20000000000000   -0.09090909090909    0.09090909090909             2
   -0.10000000000000   -0.09090909090909    0.09090909090909             2
    0.00000000000000    0.00000000000000    0.18181818181818             2
    0.10000000000000    0.00000000000000    0.18181818181818             2
    0.20000000000000    0.00000000000000    0.18181818181818             2
    0.30000000000000    0.00000000000000    0.18181818181818             2
    0.40000000000000    0.00000000000000    0.18181818181818             2
    0.50000000000000   -0.00000000000000    0.18181818181818             2
   -0.40000000000000   -0.00000000000000    0.18181818181818             2
   -0.30000000000000    0.00000000000000    0.18181818181818             2
   -0.20000000000000   -0.00000000000000    0.18181818181818             2
   -0.10000000000000    0.00000000000000    0.18181818181818             2
    0.00000000000000    0.09090909090909    0.18181818181818             2
    0.10000000000000    0.09090909090909    0.18181818181818             2
    0.20000000000000    0.09090909090909    0.18181818181818             2
    0.30000000000000    0.09090909090909    0.18181818181818             2
    0.40000000000000    0.09090909090909    0.18181818181818             2
    0.50000000000000    0.09090909090909    0.18181818181818             2
   -0.40000000000000    0.09090909090909    0.18181818181818             2
   -0.30000000000000    0.09090909090909    0.18181818181818             2
   -0.20000000000000    0.09090909090909    0.18181818181818             2
   -0.10000000000000    0.09090909090909    0.18181818181818             2
    0.00000000000000    0.18181818181818    0.18181818181818             2
    0.10000000000000    0.18181818181818    0.18181818181818             2
    0.20000000000000    0.18181818181818    0.18181818181818             2
    0.30000000000000    0.18181818181818    0.18181818181818             2
    0.40000000000000    0.18181818181818    0.18181818181818             2
    0.50000000000000    0.18181818181818    0.18181818181818             2
   -0.40000000000000    0.18181818181818    0.18181818181818             2
   -0.30000000000000    0.18181818181818    0.18181818181818             2
   -0.20000000000000    0.18181818181818    0.18181818181818             2
   -0.10000000000000    0.18181818181818    0.18181818181818             2
    0.00000000000000    0.27272727272727    0.18181818181818             2
    0.10000000000000    0.27272727272727    0.18181818181818             2
    0.20000000000000    0.27272727272727    0.18181818181818             2
    0.30000000000000    0.27272727272727    0.18181818181818             2
    0.40000000000000    0.27272727272727    0.18181818181818             2
    0.50000000000000    0.27272727272727    0.18181818181818             2
   -0.40000000000000    0.27272727272727    0.18181818181818             2
   -0.30000000000000    0.27272727272727    0.18181818181818             2
   -0.20000000000000    0.27272727272727    0.18181818181818             2
   -0.10000000000000    0.27272727272727    0.18181818181818             2
    0.00000000000000    0.36363636363636    0.18181818181818             2
    0.10000000000000    0.36363636363636    0.18181818181818             2
    0.20000000000000    0.36363636363636    0.18181818181818             2
    0.30000000000000    0.36363636363636    0.18181818181818             2
    0.40000000000000    0.36363636363636    0.18181818181818             2
    0.50000000000000    0.36363636363636    0.18181818181818             2
   -0.40000000000000    0.36363636363636    0.18181818181818             2
   -0.30000000000000    0.36363636363636    0.18181818181818             2
   -0.20000000000000    0.36363636363636    0.18181818181818             2
   -0.10000000000000    0.36363636363636    0.18181818181818             2
    0.00000000000000    0.45454545454545    0.18181818181818             2
    0.10000000000000    0.45454545454545    0.18181818181818             2
    0.20000000000000    0.45454545454545    0.18181818181818             2
    0.30000000000000    0.45454545454545    0.18181818181818             2
    0.40000000000000    0.45454545454545    0.18181818181818             2
    0.50000000000000    0.45454545454545    0.18181818181818             2
   -0.40000000000000    0.45454545454545    0.18181818181818             2
   -0.30000000000000    0.45454545454545    0.18181818181818             2
   -0.20000000000000    0.45454545454545    0.18181818181818             2
   -0.10000000000000    0.45454545454545    0.18181818181818             2
    0.00000000000000   -0.45454545454545    0.18181818181818             2
    0.10000000000000   -0.45454545454545    0.18181818181818             2
    0.20000000000000   -0.45454545454545    0.18181818181818             2
    0.30000000000000   -0.45454545454545    0.18181818181818             2
    0.40000000000000   -0.45454545454545    0.18181818181818             2
    0.50000000000000   -0.45454545454545    0.18181818181818             2
   -0.40000000000000   -0.45454545454545    0.18181818181818             2
   -0.30000000000000   -0.45454545454545    0.18181818181818             2
   -0.20000000000000   -0.45454545454545    0.18181818181818             2
   -0.10000000000000   -0.45454545454545    0.18181818181818             2
    0.00000000000000   -0.36363636363636    0.18181818181818             2
    0.10000000000000   -0.36363636363636    0.18181818181818             2
    0.20000000000000   -0.36363636363636    0.18181818181818             2
    0.30000000000000   -0.36363636363636    0.18181818181818             2
    0.40000000000000   -0.36363636363636    0.18181818181818             2
    0.50000000000000   -0.36363636363636    0.18181818181818             2
   -0.40000000000000   -0.36363636363636    0.18181818181818             2
   -0.30000000000000   -0.36363636363636    0.18181818181818             2
   -0.20000000000000   -0.36363636363636    0.18181818181818             2
   -0.10000000000000   -0.36363636363636    0.18181818181818             2
    0.00000000000000   -0.27272727272727    0.18181818181818             2
    0.10000000000000   -0.27272727272727    0.18181818181818             2
    0.20000000000000   -0.27272727272727    0.18181818181818             2
    0.30000000000000   -0.27272727272727    0.18181818181818             2
    0.40000000000000   -0.27272727272727    0.18181818181818             2
    0.50000000000000   -0.27272727272727    0.18181818181818             2
   -0.40000000000000   -0.27272727272727    0.18181818181818             2
   -0.30000000000000   -0.27272727272727    0.18181818181818             2
   -0.20000000000000   -0.27272727272727    0.18181818181818             2
   -0.10000000000000   -0.27272727272727    0.18181818181818             2
    0.00000000000000   -0.18181818181818    0.18181818181818             2
    0.10000000000000   -0.18181818181818    0.18181818181818             2
    0.20000000000000   -0.18181818181818    0.18181818181818             2
    0.30000000000000   -0.18181818181818    0.18181818181818             2
    0.40000000000000   -0.18181818181818    0.18181818181818             2
    0.50000000000000   -0.18181818181818    0.18181818181818             2
   -0.40000000000000   -0.18181818181818    0.18181818181818             2
   -0.30000000000000   -0.18181818181818    0.18181818181818             2
   -0.20000000000000   -0.18181818181818    0.18181818181818             2
   -0.10000000000000   -0.18181818181818    0.18181818181818             2
    0.00000000000000   -0.09090909090909    0.18181818181818             2
    0.10000000000000   -0.09090909090909    0.18181818181818             2
    0.20000000000000   -0.09090909090909    0.18181818181818             2
    0.30000000000000   -0.09090909090909    0.18181818181818             2
    0.40000000000000   -0.09090909090909    0.18181818181818             2
    0.50000000000000   -0.09090909090909    0.18181818181818             2
   -0.40000000000000   -0.09090909090909    0.18181818181818             2
   -0.30000000000000   -0.09090909090909    0.18181818181818             2
   -0.20000000000000   -0.09090909090909    0.18181818181818             2
   -0.10000000000000   -0.09090909090909    0.18181818181818             2
    0.00000000000000    0.00000000000000    0.27272727272727             2
    0.10000000000000    0.00000000000000    0.27272727272727             2
    0.20000000000000    0.00000000000000    0.27272727272727             2
    0.30000000000000    0.00000000000000    0.27272727272727             2
    0.40000000000000    0.00000000000000    0.27272727272727             2
    0.50000000000000   -0.00000000000000    0.27272727272727             2
   -0.40000000000000   -0.00000000000000    0.27272727272727             2
   -0.30000000000000    0.00000000000000    0.27272727272727             2
   -0.20000000000000   -0.00000000000000    0.27272727272727             2
   -0.10000000000000    0.00000000000000    0.27272727272727             2
    0.00000000000000    0.09090909090909    0.27272727272727             2
    0.10000000000000    0.09090909090909    0.27272727272727             2
    0.20000000000000    0.09090909090909    0.27272727272727             2
    0.30000000000000    0.09090909090909    0.27272727272727             2
    0.40000000000000    0.09090909090909    0.27272727272727             2
    0.50000000000000    0.09090909090909    0.27272727272727             2
   -0.40000000000000    0.09090909090909    0.27272727272727             2
   -0.30000000000000    0.09090909090909    0.27272727272727             2
   -0.20000000000000    0.09090909090909    0.27272727272727             2
   -0.10000000000000    0.09090909090909    0.27272727272727             2
    0.00000000000000    0.18181818181818    0.27272727272727             2
    0.10000000000000    0.18181818181818    0.27272727272727             2
    0.20000000000000    0.18181818181818    0.27272727272727             2
    0.30000000000000    0.18181818181818    0.27272727272727             2
    0.40000000000000    0.18181818181818    0.27272727272727             2
    0.50000000000000    0.18181818181818    0.27272727272727             2
   -0.40000000000000    0.18181818181818    0.27272727272727             2
   -0.30000000000000    0.18181818181818    0.27272727272727             2
   -0.20000000000000    0.18181818181818    0.27272727272727             2
   -0.10000000000000    0.18181818181818    0.27272727272727             2
    0.00000000000000    0.27272727272727    0.27272727272727             2
    0.10000000000000    0.27272727272727    0.27272727272727             2
    0.20000000000000    0.27272727272727    0.27272727272727             2
    0.30000000000000    0.27272727272727    0.27272727272727             2
    0.40000000000000    0.27272727272727    0.27272727272727             2
    0.50000000000000    0.27272727272727    0.27272727272727             2
   -0.40000000000000    0.27272727272727    0.27272727272727             2
   -0.30000000000000    0.27272727272727    0.27272727272727             2
   -0.20000000000000    0.27272727272727    0.27272727272727             2
   -0.10000000000000    0.27272727272727    0.27272727272727             2
    0.00000000000000    0.36363636363636    0.27272727272727             2
    0.10000000000000    0.36363636363636    0.27272727272727             2
    0.20000000000000    0.36363636363636    0.27272727272727             2
    0.30000000000000    0.36363636363636    0.27272727272727             2
    0.40000000000000    0.36363636363636    0.27272727272727             2
    0.50000000000000    0.36363636363636    0.27272727272727             2
   -0.40000000000000    0.36363636363636    0.27272727272727             2
   -0.30000000000000    0.36363636363636    0.27272727272727             2
   -0.20000000000000    0.36363636363636    0.27272727272727             2
   -0.10000000000000    0.36363636363636    0.27272727272727             2
    0.00000000000000    0.45454545454545    0.27272727272727             2
    0.10000000000000    0.45454545454545    0.27272727272727             2
    0.20000000000000    0.45454545454545    0.27272727272727             2
    0.30000000000000    0.45454545454545    0.27272727272727             2
    0.40000000000000    0.45454545454545    0.27272727272727             2
    0.50000000000000    0.45454545454545    0.27272727272727             2
   -0.40000000000000    0.45454545454545    0.27272727272727             2
   -0.30000000000000    0.45454545454545    0.27272727272727             2
   -0.20000000000000    0.45454545454545    0.27272727272727             2
   -0.10000000000000    0.45454545454545    0.27272727272727             2
    0.00000000000000   -0.45454545454545    0.27272727272727             2
    0.10000000000000   -0.45454545454545    0.27272727272727             2
    0.20000000000000   -0.45454545454545    0.27272727272727             2
    0.30000000000000   -0.45454545454545    0.27272727272727             2
    0.40000000000000   -0.45454545454545    0.27272727272727             2
    0.50000000000000   -0.45454545454545    0.27272727272727             2
   -0.40000000000000   -0.45454545454545    0.27272727272727             2
   -0.30000000000000   -0.45454545454545    0.27272727272727             2
   -0.20000000000000   -0.45454545454545    0.27272727272727             2
   -0.10000000000000   -0.45454545454545    0.27272727272727             2
    0.00000000000000   -0.36363636363636    0.27272727272727             2
    0.10000000000000   -0.36363636363636    0.27272727272727             2
    0.20000000000000   -0.36363636363636    0.27272727272727             2
    0.30000000000000   -0.36363636363636    0.27272727272727             2
    0.40000000000000   -0.36363636363636    0.27272727272727             2
    0.50000000000000   -0.36363636363636    0.27272727272727             2
   -0.40000000000000   -0.36363636363636    0.27272727272727             2
   -0.30000000000000   -0.36363636363636    0.27272727272727             2
   -0.20000000000000   -0.36363636363636    0.27272727272727             2
   -0.10000000000000   -0.36363636363636    0.27272727272727             2
    0.00000000000000   -0.27272727272727    0.27272727272727             2
    0.10000000000000   -0.27272727272727    0.27272727272727             2
    0.20000000000000   -0.27272727272727    0.27272727272727             2
    0.30000000000000   -0.27272727272727    0.27272727272727             2
    0.40000000000000   -0.27272727272727    0.27272727272727             2
    0.50000000000000   -0.27272727272727    0.27272727272727             2
   -0.40000000000000   -0.27272727272727    0.27272727272727             2
   -0.30000000000000   -0.27272727272727    0.27272727272727             2
   -0.20000000000000   -0.27272727272727    0.27272727272727             2
   -0.10000000000000   -0.27272727272727    0.27272727272727             2
    0.00000000000000   -0.18181818181818    0.27272727272727             2
    0.10000000000000   -0.18181818181818    0.27272727272727             2
    0.20000000000000   -0.18181818181818    0.27272727272727             2
    0.30000000000000   -0.18181818181818    0.27272727272727             2
    0.40000000000000   -0.18181818181818    0.27272727272727             2
    0.50000000000000   -0.18181818181818    0.27272727272727             2
   -0.40000000000000   -0.18181818181818    0.27272727272727             2
   -0.30000000000000   -0.18181818181818    0.27272727272727             2
   -0.20000000000000   -0.18181818181818    0.27272727272727             2
   -0.10000000000000   -0.18181818181818    0.27272727272727             2
    0.00000000000000   -0.09090909090909    0.27272727272727             2
    0.10000000000000   -0.09090909090909    0.27272727272727             2
    0.20000000000000   -0.09090909090909    0.27272727272727             2
    0.30000000000000   -0.09090909090909    0.27272727272727             2
    0.40000000000000   -0.09090909090909    0.27272727272727             2
    0.50000000000000   -0.09090909090909    0.27272727272727             2
   -0.40000000000000   -0.09090909090909    0.27272727272727             2
   -0.30000000000000   -0.09090909090909    0.27272727272727             2
   -0.20000000000000   -0.09090909090909    0.27272727272727             2
   -0.10000000000000   -0.09090909090909    0.27272727272727             2
    0.00000000000000    0.00000000000000    0.36363636363636             2
    0.10000000000000    0.00000000000000    0.36363636363636             2
    0.20000000000000    0.00000000000000    0.36363636363636             2
    0.30000000000000    0.00000000000000    0.36363636363636             2
    0.40000000000000    0.00000000000000    0.36363636363636             2
    0.50000000000000   -0.00000000000000    0.36363636363636             2
   -0.40000000000000   -0.00000000000000    0.36363636363636             2
   -0.30000000000000    0.00000000000000    0.36363636363636             2
   -0.20000000000000   -0.00000000000000    0.36363636363636             2
   -0.10000000000000    0.00000000000000    0.36363636363636             2
    0.00000000000000    0.09090909090909    0.36363636363636             2
    0.10000000000000    0.09090909090909    0.36363636363636             2
    0.20000000000000    0.09090909090909    0.36363636363636             2
    0.30000000000000    0.09090909090909    0.36363636363636             2
    0.40000000000000    0.09090909090909    0.36363636363636             2
    0.50000000000000    0.09090909090909    0.36363636363636             2
   -0.40000000000000    0.09090909090909    0.36363636363636             2
   -0.30000000000000    0.09090909090909    0.36363636363636             2
   -0.20000000000000    0.09090909090909    0.36363636363636             2
   -0.10000000000000    0.09090909090909    0.36363636363636             2
    0.00000000000000    0.18181818181818    0.36363636363636             2
    0.10000000000000    0.18181818181818    0.36363636363636             2
    0.20000000000000    0.18181818181818    0.36363636363636             2
    0.30000000000000    0.18181818181818    0.36363636363636             2
    0.40000000000000    0.18181818181818    0.36363636363636             2
    0.50000000000000    0.18181818181818    0.36363636363636             2
   -0.40000000000000    0.18181818181818    0.36363636363636             2
   -0.30000000000000    0.18181818181818    0.36363636363636             2
   -0.20000000000000    0.18181818181818    0.36363636363636             2
   -0.10000000000000    0.18181818181818    0.36363636363636             2
    0.00000000000000    0.27272727272727    0.36363636363636             2
    0.10000000000000    0.27272727272727    0.36363636363636             2
    0.20000000000000    0.27272727272727    0.36363636363636             2
    0.30000000000000    0.27272727272727    0.36363636363636             2
    0.40000000000000    0.27272727272727    0.36363636363636             2
    0.50000000000000    0.27272727272727    0.36363636363636             2
   -0.40000000000000    0.27272727272727    0.36363636363636             2
   -0.30000000000000    0.27272727272727    0.36363636363636             2
   -0.20000000000000    0.27272727272727    0.36363636363636             2
   -0.10000000000000    0.27272727272727    0.36363636363636             2
    0.00000000000000    0.36363636363636    0.36363636363636             2
    0.10000000000000    0.36363636363636    0.36363636363636             2
    0.20000000000000    0.36363636363636    0.36363636363636             2
    0.30000000000000    0.36363636363636    0.36363636363636             2
    0.40000000000000    0.36363636363636    0.36363636363636             2
    0.50000000000000    0.36363636363636    0.36363636363636             2
   -0.40000000000000    0.36363636363636    0.36363636363636             2
   -0.30000000000000    0.36363636363636    0.36363636363636             2
   -0.20000000000000    0.36363636363636    0.36363636363636             2
   -0.10000000000000    0.36363636363636    0.36363636363636             2
    0.00000000000000    0.45454545454545    0.36363636363636             2
    0.10000000000000    0.45454545454545    0.36363636363636             2
    0.20000000000000    0.45454545454545    0.36363636363636             2
    0.30000000000000    0.45454545454545    0.36363636363636             2
    0.40000000000000    0.45454545454545    0.36363636363636             2
    0.50000000000000    0.45454545454545    0.36363636363636             2
   -0.40000000000000    0.45454545454545    0.36363636363636             2
   -0.30000000000000    0.45454545454545    0.36363636363636             2
   -0.20000000000000    0.45454545454545    0.36363636363636             2
   -0.10000000000000    0.45454545454545    0.36363636363636             2
    0.00000000000000   -0.45454545454545    0.36363636363636             2
    0.10000000000000   -0.45454545454545    0.36363636363636             2
    0.20000000000000   -0.45454545454545    0.36363636363636             2
    0.30000000000000   -0.45454545454545    0.36363636363636             2
    0.40000000000000   -0.45454545454545    0.36363636363636             2
    0.50000000000000   -0.45454545454545    0.36363636363636             2
   -0.40000000000000   -0.45454545454545    0.36363636363636             2
   -0.30000000000000   -0.45454545454545    0.36363636363636             2
   -0.20000000000000   -0.45454545454545    0.36363636363636             2
   -0.10000000000000   -0.45454545454545    0.36363636363636             2
    0.00000000000000   -0.36363636363636    0.36363636363636             2
    0.10000000000000   -0.36363636363636    0.36363636363636             2
    0.20000000000000   -0.36363636363636    0.36363636363636             2
    0.30000000000000   -0.36363636363636    0.36363636363636             2
    0.40000000000000   -0.36363636363636    0.36363636363636             2
    0.50000000000000   -0.36363636363636    0.36363636363636             2
   -0.40000000000000   -0.36363636363636    0.36363636363636             2
   -0.30000000000000   -0.36363636363636    0.36363636363636             2
   -0.20000000000000   -0.36363636363636    0.36363636363636             2
   -0.10000000000000   -0.36363636363636    0.36363636363636             2
    0.00000000000000   -0.27272727272727    0.36363636363636             2
    0.10000000000000   -0.27272727272727    0.36363636363636             2
    0.20000000000000   -0.27272727272727    0.36363636363636             2
    0.30000000000000   -0.27272727272727    0.36363636363636             2
    0.40000000000000   -0.27272727272727    0.36363636363636             2
    0.50000000000000   -0.27272727272727    0.36363636363636             2
   -0.40000000000000   -0.27272727272727    0.36363636363636             2
   -0.30000000000000   -0.27272727272727    0.36363636363636             2
   -0.20000000000000   -0.27272727272727    0.36363636363636             2
   -0.10000000000000   -0.27272727272727    0.36363636363636             2
    0.00000000000000   -0.18181818181818    0.36363636363636             2
    0.10000000000000   -0.18181818181818    0.36363636363636             2
    0.20000000000000   -0.18181818181818    0.36363636363636             2
    0.30000000000000   -0.18181818181818    0.36363636363636             2
    0.40000000000000   -0.18181818181818    0.36363636363636             2
    0.50000000000000   -0.18181818181818    0.36363636363636             2
   -0.40000000000000   -0.18181818181818    0.36363636363636             2
   -0.30000000000000   -0.18181818181818    0.36363636363636             2
   -0.20000000000000   -0.18181818181818    0.36363636363636             2
   -0.10000000000000   -0.18181818181818    0.36363636363636             2
    0.00000000000000   -0.09090909090909    0.36363636363636             2
    0.10000000000000   -0.09090909090909    0.36363636363636             2
    0.20000000000000   -0.09090909090909    0.36363636363636             2
    0.30000000000000   -0.09090909090909    0.36363636363636             2
    0.40000000000000   -0.09090909090909    0.36363636363636             2
    0.50000000000000   -0.09090909090909    0.36363636363636             2
   -0.40000000000000   -0.09090909090909    0.36363636363636             2
   -0.30000000000000   -0.09090909090909    0.36363636363636             2
   -0.20000000000000   -0.09090909090909    0.36363636363636             2
   -0.10000000000000   -0.09090909090909    0.36363636363636             2
    0.00000000000000    0.00000000000000    0.45454545454546             2
    0.10000000000000    0.00000000000000    0.45454545454546             2
    0.20000000000000    0.00000000000000    0.45454545454545             2
    0.30000000000000    0.00000000000000    0.45454545454545             2
    0.40000000000000    0.00000000000000    0.45454545454546             2
    0.50000000000000   -0.00000000000000    0.45454545454545             2
   -0.40000000000000   -0.00000000000000    0.45454545454545             2
   -0.30000000000000    0.00000000000000    0.45454545454545             2
   -0.20000000000000   -0.00000000000000    0.45454545454545             2
   -0.10000000000000    0.00000000000000    0.45454545454545             2
    0.00000000000000    0.09090909090909    0.45454545454546             2
    0.10000000000000    0.09090909090909    0.45454545454545             2
    0.20000000000000    0.09090909090909    0.45454545454545             2
    0.30000000000000    0.09090909090909    0.45454545454545             2
    0.40000000000000    0.09090909090909    0.45454545454545             2
    0.50000000000000    0.09090909090909    0.45454545454545             2
   -0.40000000000000    0.09090909090909    0.45454545454545             2
   -0.30000000000000    0.09090909090909    0.45454545454545             2
   -0.20000000000000    0.09090909090909    0.45454545454545             2
   -0.10000000000000    0.09090909090909    0.45454545454545             2
    0.00000000000000    0.18181818181818    0.45454545454545             2
    0.10000000000000    0.18181818181818    0.45454545454545             2
    0.20000000000000    0.18181818181818    0.45454545454546             2
    0.30000000000000    0.18181818181818    0.45454545454545             2
    0.40000000000000    0.18181818181818    0.45454545454545             2
    0.50000000000000    0.18181818181818    0.45454545454545             2
   -0.40000000000000    0.18181818181818    0.45454545454545             2
   -0.30000000000000    0.18181818181818    0.45454545454545             2
   -0.20000000000000    0.18181818181818    0.45454545454545             2
   -0.10000000000000    0.18181818181818    0.45454545454545             2
    0.00000000000000    0.27272727272727    0.45454545454546             2
    0.10000000000000    0.27272727272727    0.45454545454545             2
    0.20000000000000    0.27272727272727    0.45454545454545             2
    0.30000000000000    0.27272727272727    0.45454545454545             2
    0.40000000000000    0.27272727272727    0.45454545454545             2
    0.50000000000000    0.27272727272727    0.45454545454545             2
   -0.40000000000000    0.27272727272727    0.45454545454545             2
   -0.30000000000000    0.27272727272727    0.45454545454545             2
   -0.20000000000000    0.27272727272727    0.45454545454545             2
   -0.10000000000000    0.27272727272727    0.45454545454545             2
    0.00000000000000    0.36363636363636    0.45454545454546             2
    0.10000000000000    0.36363636363636    0.45454545454546             2
    0.20000000000000    0.36363636363636    0.45454545454546             2
    0.30000000000000    0.36363636363636    0.45454545454546             2
    0.40000000000000    0.36363636363636    0.45454545454545             2
    0.50000000000000    0.36363636363636    0.45454545454545             2
   -0.40000000000000    0.36363636363636    0.45454545454545             2
   -0.30000000000000    0.36363636363636    0.45454545454545             2
   -0.20000000000000    0.36363636363636    0.45454545454545             2
   -0.10000000000000    0.36363636363636    0.45454545454545             2
    0.00000000000000    0.45454545454545    0.45454545454546             2
    0.10000000000000    0.45454545454545    0.45454545454546             2
    0.20000000000000    0.45454545454545    0.45454545454546             2
    0.30000000000000    0.45454545454545    0.45454545454546             2
    0.40000000000000    0.45454545454545    0.45454545454546             2
    0.50000000000000    0.45454545454545    0.45454545454545             2
   -0.40000000000000    0.45454545454545    0.45454545454545             2
   -0.30000000000000    0.45454545454545    0.45454545454545             2
   -0.20000000000000    0.45454545454545    0.45454545454545             2
   -0.10000000000000    0.45454545454545    0.45454545454545             2
    0.00000000000000   -0.45454545454545    0.45454545454546             2
    0.10000000000000   -0.45454545454545    0.45454545454546             2
    0.20000000000000   -0.45454545454545    0.45454545454545             2
    0.30000000000000   -0.45454545454545    0.45454545454545             2
    0.40000000000000   -0.45454545454545    0.45454545454545             2
    0.50000000000000   -0.45454545454545    0.45454545454545             2
   -0.40000000000000   -0.45454545454545    0.45454545454545             2
   -0.30000000000000   -0.45454545454545    0.45454545454545             2
   -0.20000000000000   -0.45454545454545    0.45454545454545             2
   -0.10000000000000   -0.45454545454545    0.45454545454545             2
    0.00000000000000   -0.36363636363636    0.45454545454546             2
    0.10000000000000   -0.36363636363636    0.45454545454546             2
    0.20000000000000   -0.36363636363636    0.45454545454546             2
    0.30000000000000   -0.36363636363636    0.45454545454546             2
    0.40000000000000   -0.36363636363636    0.45454545454546             2
    0.50000000000000   -0.36363636363636    0.45454545454545             2
   -0.40000000000000   -0.36363636363636    0.45454545454546             2
   -0.30000000000000   -0.36363636363636    0.45454545454545             2
   -0.20000000000000   -0.36363636363636    0.45454545454545             2
   -0.10000000000000   -0.36363636363636    0.45454545454545             2
    0.00000000000000   -0.27272727272727    0.45454545454545             2
    0.10000000000000   -0.27272727272727    0.45454545454546             2
    0.20000000000000   -0.27272727272727    0.45454545454546             2
    0.30000000000000   -0.27272727272727    0.45454545454545             2
    0.40000000000000   -0.27272727272727    0.45454545454545             2
    0.50000000000000   -0.27272727272727    0.45454545454545             2
   -0.40000000000000   -0.27272727272727    0.45454545454545             2
   -0.30000000000000   -0.27272727272727    0.45454545454545             2
   -0.20000000000000   -0.27272727272727    0.45454545454545             2
   -0.10000000000000   -0.27272727272727    0.45454545454545             2
    0.00000000000000   -0.18181818181818    0.45454545454546             2
    0.10000000000000   -0.18181818181818    0.45454545454546             2
    0.20000000000000   -0.18181818181818    0.45454545454545             2
    0.30000000000000   -0.18181818181818    0.45454545454545             2
    0.40000000000000   -0.18181818181818    0.45454545454545             2
    0.50000000000000   -0.18181818181818    0.45454545454545             2
   -0.40000000000000   -0.18181818181818    0.45454545454545             2
   -0.30000000000000   -0.18181818181818    0.45454545454545             2
   -0.20000000000000   -0.18181818181818    0.45454545454545             2
   -0.10000000000000   -0.18181818181818    0.45454545454545             2
    0.00000000000000   -0.09090909090909    0.45454545454546             2
    0.10000000000000   -0.09090909090909    0.45454545454545             2
    0.20000000000000   -0.09090909090909    0.45454545454545             2
    0.30000000000000   -0.09090909090909    0.45454545454546             2
    0.40000000000000   -0.09090909090909    0.45454545454545             2
    0.50000000000000   -0.09090909090909    0.45454545454545             2
   -0.40000000000000   -0.09090909090909    0.45454545454545             2
   -0.30000000000000   -0.09090909090909    0.45454545454546             2
   -0.20000000000000   -0.09090909090909    0.45454545454545             2
   -0.10000000000000   -0.09090909090909    0.45454545454545             2
Tetrahedra
      3628    0.00013774104683
         2         1         7         8        68
         2         1         2         8        68
         2         1         2        58        68
         2         1         7        67        68
         2         1        57        67        68
         2         1        57        58        68
         2         2         8         9        69
         2         2         3         9        69
         2         2         3        59        69
         2         2         8        68        69
         2         2        58        68        69
         2         2        58        59        69
         2         3         9        10        70
         2         3         4        10        70
         2         3         4        60        70
         2         3         9        69        70
         2         3        59        69        70
         2         3        59        60        70
         2         4        10        11        71
         2         4         5        11        71
         2         4         5        61        71
         2         4        10        70        71
         2         4        60        70        71
         2         4        60        61        71
         2         5        11        12        72
         2         5         6        12        72
         2         5         6        62        72
         2         5        11        71        72
         2         5        61        71        72
         2         5        61        62        72
         2         6        12        13        73
         2         5         6        13        73
         2         5         6        63        73
         2         6        12        72        73
         2         6        62        72        73
         2         6        62        63        73
         2         5        13        14        74
         2         4         5        14        74
         2         4         5        64        74
         2         5        13        73        74
         2         5        63        73        74
         2         5        63        64        74
         2         4        14        15        75
         2         3         4        15        75
         2         3         4        65        75
         2         4        14        74        75
         2         4        64        74        75
         2         4        64        65        75
         2         3        15        16        76
         2         2         3        16        76
         2         2         3        66        76
         2         3        15        75        76
         2         3        65        75        76
         2         3        65        66        76
         2         2         7        16        67
         2         1         2         7        67
         2         1         2        57        67
         2         2        16        67        76
         2         2        66        67        76
         2         2        57        66        67
         2         7        17        18        78
         2         7         8        18        78
         2         7         8        68        78
         2         7        17        77        78
         2         7        67        77        78
         2         7        67        68        78
         2         8        18        19        79
         2         8         9        19        79
         2         8         9        69        79
         2         8        18        78        79
         2         8        68        78        79
         2         8        68        69        79
         2         9        19        20        80
         2         9        10        20        80
         2         9        10        70        80
         2         9        19        79        80
         2         9        69        79        80
         2         9        69        70        80
         2        10        20        21        81
         2        10        11        21        81
         2        10        11        71        81
         2        10        20        80        81
         2        10        70        80        81
         2        10        70        71        81
         2        11        21        22        82
         2        11        12        22        82
         2        11        12        72        82
         2        11        21        81        82
         2        11        71        81        82
         2        11        71        72        82
         2        12        22        23        83
         2        12        13        23        83
         2        12        13        73        83
         2        12        22        82        83
         2        12        72        82        83
         2        12        72        73        83
         2        13        23        24        84
         2        13        14        24        84
         2        13        14        74        84
         2        13        23        83        84
         2        13        73        83        84
         2        13        73        74        84
         2        14        24        25        85
         2        14        15        25        85
         2        14        15        75        85
         2        14        24        84        85
         2        14        74        84        85
         2        14        74        75        85
         2        15        25        26        86
         2        15        16        26        86
         2        15        16        76        86
         2        15        25        85        86
         2        15        75        85        86
         2        15        75        76        86
         2        16        17        26        77
         2         7        16        17        77
         2         7        16        67        77
         2        16        26        77        86
         2        16        76        77        86
         2        16        67        76        77
         2        17        27        28        88
         2        17        18        28        88
         2        17        18        78        88
         2        17        27        87        88
         2        17        77        87        88
         2        17        77        78        88
         2        18        28        29        89
         2        18        19        29        89
         2        18        19        79        89
         2        18        28        88        89
         2        18        78        88        89
         2        18        78        79        89
         2        19        29        30        90
         2        19        20        30        90
         2        19        20        80        90
         2        19        29        89        90
         2        19        79        89        90
         2        19        79        80        90
         2        20        30        31        91
         2        20        21        31        91
         2        20        21        81        91
         2        20        30        90        91
         2        20        80        90        91
         2        20        80        81        91
         2        21        31        32        92
         2        21        22        32        92
         2        21        22        82        92
         2        21        31        91        92
         2        21        81        91        92
         2        21        81        82        92
         2        22        32        33        93
         2        22        23        33        93
         2        22        23        83        93
         2        22        32        92        93
         2        22        82        92        93
         2        22        82        83        93
         2        23        33        34        94
         2        23        24        34        94
         2        23        24        84        94
         2        23        33        93        94
         2        23        83        93        94
         2        23        83        84        94
         2        24        34        35        95
         2        24        25        35        95
         2        24        25        85        95
         2        24        34        94        95
         2        24        84        94        95
         2        24        84        85        95
         2        25        35        36        96
         2        25        26        36        96
         2        25        26        86        96
         2        25        35        95        96
         2        25        85        95        96
         2        25        85        86        96
         2        26        27        36        87
         2        17        26        27        87
         2        17        26        77        87
         2        26        36        87        96
         2        26        86        87        96
         2        26        77        86        87
         2        27        37        38        98
         2        27        28        38        98
         2        27        28        88        98
         2        27        37        97        98
         2        27        87        97        98
         2        27        87        88        98
         2        28        38        39        99
         2        28        29        39        99
         2        28        29        89        99
         2        28        38        98        99
         2        28        88        98        99
         2        28        88        89        99
         2        29        39        40       100
         2        29        30        40       100
         2        29        30        90       100
         2        29        39        99       100
         2        29        89        99       100
         2        29        89        90       100
         2        30        40        41       101
         2        30        31        41       101
         2        30        31        91       101
         2        30        40       100       101
         2        30        90       100       101
         2        30        90        91       101
         2        31        41        42       102
         2        31        32        42       102
         2        31        32        92       102
         2        31        41       101       102
         2        31        91       101       102
         2        31        91        92       102
         2        32        42        43       103
         2        32        33        43       103
         2        32        33        93       103
         2        32        42       102       103
         2        32        92       102       103
         2        32        92        93       103
         2        33        43        44       104
         2        33        34        44       104
         2        33        34        94       104
         2        33        43       103       104
         2        33        93       103       104
         2        33        93        94       104
         2        34        44        45       105
         2        34        35        45       105
         2        34        35        95       105
         2        34        44       104       105
         2        34        94       104       105
         2        34        94        95       105
         2        35        45        46       106
         2        35        36        46       106
         2        35        36        96       106
         2        35        45       105       106
         2        35        95       105       106
         2        35        95        96       106
         2        36        37        46        97
         2        27        36        37        97
         2        27        36        87        97
         2        36        46        97       106
         2        36        96        97       106
         2        36        87        96        97
         2        37        47        48       108
         2        37        38        48       108
         2        37        38        98       108
         2        37        47       107       108
         2        37        97       107       108
         2        37        97        98       108
         2        38        48        49       109
         2        38        39        49       109
         2        38        39        99       109
         2        38        48       108       109
         2        38        98       108       109
         2        38        98        99       109
         2        39        49        50       110
         2        39        40        50       110
         2        39        40       100       110
         2        39        49       109       110
         2        39        99       109       110
         2        39        99       100       110
         2        40        50        51       111
         2        40        41        51       111
         2        40        41       101       111
         2        40        50       110       111
         2        40       100       110       111
         2        40       100       101       111
         2        41        51        52       112
         2        41        42        52       112
         2        41        42       102       112
         2        41        51       111       112
         2        41       101       111       112
         2        41       101       102       112
         2        42        52        53       113
         2        42        43        53       113
         2        42        43       103       113
         2        42        52       112       113
         2        42       102       112       113
         2        42       102       103       113
         2        43        53        54       114
         2        43        44        54       114
         2        43        44       104       114
         2        43        53       113       114
         2        43       103       113       114
         2        43       103       104       114
         2        44        54        55       115
         2        44        45        55       115
         2        44        45       105       115
         2        44        54       114       115
         2        44       104       114       115
         2        44       104       105       115
         2        45        55        56       116
         2        45        46        56       116
         2        45        46       106       116
         2        45        55       115       116
         2        45       105       115       116
         2        45       105       106       116
         2        46        47        56       107
         2        37        46        47       107
         2        37        46        97       107
         2        46        56       107       116
         2        46       106       107       116
         2        46        97       106       107
         2        47        47        56       118
         2        47        48        56       118
         2        47        48       108       118
         2        47        47       117       118
         2        47       107       117       118
         2        47       107       108       118
         2        48        55        56       119
         2        48        49        55       119
         2        48        49       109       119
         2        48        56       118       119
         2        48       108       118       119
         2        48       108       109       119
         2        49        54        55       120
         2        49        50        54       120
         2        49        50       110       120
         2        49        55       119       120
         2        49       109       119       120
         2        49       109       110       120
         2        50        53        54       121
         2        50        51        53       121
         2        50        51       111       121
         2        50        54       120       121
         2        50       110       120       121
         2        50       110       111       121
         2        51        52        53       122
         2        51        52        52       122
         2        51        52       112       122
         2        51        53       121       122
         2        51       111       121       122
         2        51       111       112       122
         2        51        52        52       123
         2        51        52        53       123
         2        52        53       113       123
         2        52        52       122       123
         2        52       112       122       123
         2        52       112       113       123
         2        50        51        53       124
         2        50        53        54       124
         2        53        54       114       124
         2        51        53       123       124
         2        53       113       123       124
         2        53       113       114       124
         2        49        50        54       125
         2        49        54        55       125
         2        54        55       115       125
         2        50        54       124       125
         2        54       114       124       125
         2        54       114       115       125
         2        48        49        55       126
         2        48        55        56       126
         2        55        56       116       126
         2        49        55       125       126
         2        55       115       125       126
         2        55       115       116       126
         2        47        48        56       117
         2        47        47        56       117
         2        47        56       107       117
         2        48        56       117       126
         2        56       116       117       126
         2        56       107       116       117
         2        37        46        47       128
         2        46        47        56       128
         2        47        56       118       128
         2        37        47       127       128
         2        47       117       127       128
         2        47       117       118       128
         2        45        46        56       129
         2        45        55        56       129
         2        55        56       119       129
         2        46        56       128       129
         2        56       118       128       129
         2        56       118       119       129
         2        44        45        55       130
         2        44        54        55       130
         2        54        55       120       130
         2        45        55       129       130
         2        55       119       129       130
         2        55       119       120       130
         2        43        44        54       131
         2        43        53        54       131
         2        53        54       121       131
         2        44        54       130       131
         2        54       120       130       131
         2        54       120       121       131
         2        42        43        53       132
         2        42        52        53       132
         2        52        53       122       132
         2        43        53       131       132
         2        53       121       131       132
         2        53       121       122       132
         2        41        42        52       133
         2        41        51        52       133
         2        51        52       123       133
         2        42        52       132       133
         2        52       122       132       133
         2        52       122       123       133
         2        40        41        51       134
         2        40        50        51       134
         2        50        51       124       134
         2        41        51       133       134
         2        51       123       133       134
         2        51       123       124       134
         2        39        40        50       135
         2        39        49        50       135
         2        49        50       125       135
         2        40        50       134       135
         2        50       124       134       135
         2        50       124       125       135
         2        38        39        49       136
         2        38        48        49       136
         2        48        49       126       136
         2        39        49       135       136
         2        49       125       135       136
         2        49       125       126       136
         2        37        38        48       127
         2        37        47        48       127
         2        47        48       117       127
         2        38        48       127       136
         2        48       126       127       136
         2        48       117       126       127
         2        27        36        37       138
         2        36        37        46       138
         2        37        46       128       138
         2        27        37       137       138
         2        37       127       137       138
         2        37       127       128       138
         2        35        36        46       139
         2        35        45        46       139
         2        45        46       129       139
         2        36        46       138       139
         2        46       128       138       139
         2        46       128       129       139
         2        34        35        45       140
         2        34        44        45       140
         2        44        45       130       140
         2        35        45       139       140
         2        45       129       139       140
         2        45       129       130       140
         2        33        34        44       141
         2        33        43        44       141
         2        43        44       131       141
         2        34        44       140       141
         2        44       130       140       141
         2        44       130       131       141
         2        32        33        43       142
         2        32        42        43       142
         2        42        43       132       142
         2        33        43       141       142
         2        43       131       141       142
         2        43       131       132       142
         2        31        32        42       143
         2        31        41        42       143
         2        41        42       133       143
         2        32        42       142       143
         2        42       132       142       143
         2        42       132       133       143
         2        30        31        41       144
         2        30        40        41       144
         2        40        41       134       144
         2        31        41       143       144
         2        41       133       143       144
         2        41       133       134       144
         2        29        30        40       145
         2        29        39        40       145
         2        39        40       135       145
         2        30        40       144       145
         2        40       134       144       145
         2        40       134       135       145
         2        28        29        39       146
         2        28        38        39       146
         2        38        39       136       146
         2        29        39       145       146
         2        39       135       145       146
         2        39       135       136       146
         2        27        28        38       137
         2        27        37        38       137
         2        37        38       127       137
         2        28        38       137       146
         2        38       136       137       146
         2        38       127       136       137
         2        17        26        27       148
         2        26        27        36       148
         2        27        36       138       148
         2        17        27       147       148
         2        27       137       147       148
         2        27       137       138       148
         2        25        26        36       149
         2        25        35        36       149
         2        35        36       139       149
         2        26        36       148       149
         2        36       138       148       149
         2        36       138       139       149
         2        24        25        35       150
         2        24        34        35       150
         2        34        35       140       150
         2        25        35       149       150
         2        35       139       149       150
         2        35       139       140       150
         2        23        24        34       151
         2        23        33        34       151
         2        33        34       141       151
         2        24        34       150       151
         2        34       140       150       151
         2        34       140       141       151
         2        22        23        33       152
         2        22        32        33       152
         2        32        33       142       152
         2        23        33       151       152
         2        33       141       151       152
         2        33       141       142       152
         2        21        22        32       153
         2        21        31        32       153
         2        31        32       143       153
         2        22        32       152       153
         2        32       142       152       153
         2        32       142       143       153
         2        20        21        31       154
         2        20        30        31       154
         2        30        31       144       154
         2        21        31       153       154
         2        31       143       153       154
         2        31       143       144       154
         2        19        20        30       155
         2        19        29        30       155
         2        29        30       145       155
         2        20        30       154       155
         2        30       144       154       155
         2        30       144       145       155
         2        18        19        29       156
         2        18        28        29       156
         2        28        29       146       156
         2        19        29       155       156
         2        29       145       155       156
         2        29       145       146       156
         2        17        18        28       147
         2        17        27        28       147
         2        27        28       137       147
         2        18        28       147       156
         2        28       146       147       156
         2        28       137       146       147
         2         7        16        17       158
         2        16        17        26       158
         2        17        26       148       158
         2         7        17       157       158
         2        17       147       157       158
         2        17       147       148       158
         2        15        16        26       159
         2        15        25        26       159
         2        25        26       149       159
         2        16        26       158       159
         2        26       148       158       159
         2        26       148       149       159
         2        14        15        25       160
         2        14        24        25       160
         2        24        25       150       160
         2        15        25       159       160
         2        25       149       159       160
         2        25       149       150       160
         2        13        14        24       161
         2        13        23        24       161
         2        23        24       151       161
         2        14        24       160       161
         2        24       150       160       161
         2        24       150       151       161
         2        12        13        23       162
         2        12        22        23       162
         2        22        23       152       162
         2        13        23       161       162
         2        23       151       161       162
         2        23       151       152       162
         2        11        12        22       163
         2        11        21        22       163
         2        21        22       153       163
         2        12        22       162       163
         2        22       152       162       163
         2        22       152       153       163
         2        10        11        21       164
         2        10        20        21       164
         2        20        21       154       164
         2        11        21       163       164
         2        21       153       163       164
         2        21       153       154       164
         2         9        10        20       165
         2         9        19        20       165
         2        19        20       155       165
         2        10        20       164       165
         2        20       154       164       165
         2        20       154       155       165
         2         8         9        19       166
         2         8        18        19       166
         2        18        19       156       166
         2         9        19       165       166
         2        19       155       165       166
         2        19       155       156       166
         2         7         8        18       157
         2         7        17        18       157
         2        17        18       147       157
         2         8        18       157       166
         2        18       156       157       166
         2        18       147       156       157
         2         1         2         7        58
         2         2         7        16        58
         2         7        16        58       158
         2         1         7        57        58
         2         7        57        58       157
         2         7        58       157       158
         2         2         3        16        59
         2         3        15        16        59
         2        15        16        59       159
         2         2        16        58        59
         2        16        58        59       158
         2        16        59       158       159
         2         3         4        15        60
         2         4        14        15        60
         2        14        15        60       160
         2         3        15        59        60
         2        15        59        60       159
         2        15        60       159       160
         2         4         5        14        61
         2         5        13        14        61
         2        13        14        61       161
         2         4        14        60        61
         2        14        60        61       160
         2        14        61       160       161
         2         5         6        13        62
         2         6        12        13        62
         2        12        13        62       162
         2         5        13        61        62
         2        13        61        62       161
         2        13        62       161       162
         2         5         6        12        63
         2         5        11        12        63
         2        11        12        63       163
         2         6        12        62        63
         2        12        62        63       162
         2        12        63       162       163
         2         4         5        11        64
         2         4        10        11        64
         2        10        11        64       164
         2         5        11        63        64
         2        11        63        64       163
         2        11        64       163       164
         2         3         4        10        65
         2         3         9        10        65
         2         9        10        65       165
         2         4        10        64        65
         2        10        64        65       164
         2        10        65       164       165
         2         2         3         9        66
         2         2         8         9        66
         2         8         9        66       166
         2         3         9        65        66
         2         9        65        66       165
         2         9        66       165       166
         2         1         2         8        57
         2         1         7         8        57
         2         7         8        57       157
         2         2         8        57        66
         2         8        57        66       166
         2         8        57       157       166
         2        57        67        68       178
         2        57        58        68       178
         2        57        58       168       178
         2        57        67       177       178
         2        57       167       177       178
         2        57       167       168       178
         2        58        68        69       179
         2        58        59        69       179
         2        58        59       169       179
         2        58        68       178       179
         2        58       168       178       179
         2        58       168       169       179
         2        59        69        70       180
         2        59        60        70       180
         2        59        60       170       180
         2        59        69       179       180
         2        59       169       179       180
         2        59       169       170       180
         2        60        70        71       181
         2        60        61        71       181
         2        60        61       171       181
         2        60        70       180       181
         2        60       170       180       181
         2        60       170       171       181
         2        61        71        72       182
         2        61        62        72       182
         2        61        62       172       182
         2        61        71       181       182
         2        61       171       181       182
         2        61       171       172       182
         2        62        72        73       183
         2        62        63        73       183
         2        62        63       173       183
         2        62        72       182       183
         2        62       172       182       183
         2        62       172       173       183
         2        63        73        74       184
         2        63        64        74       184
         2        63        64       174       184
         2        63        73       183       184
         2        63       173       183       184
         2        63       173       174       184
         2        64        74        75       185
         2        64        65        75       185
         2        64        65       175       185
         2        64        74       184       185
         2        64       174       184       185
         2        64       174       175       185
         2        65        75        76       186
         2        65        66        76       186
         2        65        66       176       186
         2        65        75       185       186
         2        65       175       185       186
         2        65       175       176       186
         2        66        67        76       177
         2        57        66        67       177
         2        57        66       167       177
         2        66        76       177       186
         2        66       176       177       186
         2        66       167       176       177
         2        67        77        78       188
         2        67        68        78       188
         2        67        68       178       188
         2        67        77       187       188
         2        67       177       187       188
         2        67       177       178       188
         2        68        78        79       189
         2        68        69        79       189
         2        68        69       179       189
         2        68        78       188       189
         2        68       178       188       189
         2        68       178       179       189
         2        69        79        80       190
         2        69        70        80       190
         2        69        70       180       190
         2        69        79       189       190
         2        69       179       189       190
         2        69       179       180       190
         2        70        80        81       191
         2        70        71        81       191
         2        70        71       181       191
         2        70        80       190       191
         2        70       180       190       191
         2        70       180       181       191
         2        71        81        82       192
         2        71        72        82       192
         2        71        72       182       192
         2        71        81       191       192
         2        71       181       191       192
         2        71       181       182       192
         2        72        82        83       193
         2        72        73        83       193
         2        72        73       183       193
         2        72        82       192       193
         2        72       182       192       193
         2        72       182       183       193
         2        73        83        84       194
         2        73        74        84       194
         2        73        74       184       194
         2        73        83       193       194
         2        73       183       193       194
         2        73       183       184       194
         2        74        84        85       195
         2        74        75        85       195
         2        74        75       185       195
         2        74        84       194       195
         2        74       184       194       195
         2        74       184       185       195
         2        75        85        86       196
         2        75        76        86       196
         2        75        76       186       196
         2        75        85       195       196
         2        75       185       195       196
         2        75       185       186       196
         2        76        77        86       187
         2        67        76        77       187
         2        67        76       177       187
         2        76        86       187       196
         2        76       186       187       196
         2        76       177       186       187
         2        77        87        88       198
         2        77        78        88       198
         2        77        78       188       198
         2        77        87       197       198
         2        77       187       197       198
         2        77       187       188       198
         2        78        88        89       199
         2        78        79        89       199
         2        78        79       189       199
         2        78        88       198       199
         2        78       188       198       199
         2        78       188       189       199
         2        79        89        90       200
         2        79        80        90       200
         2        79        80       190       200
         2        79        89       199       200
         2        79       189       199       200
         2        79       189       190       200
         2        80        90        91       201
         2        80        81        91       201
         2        80        81       191       201
         2        80        90       200       201
         2        80       190       200       201
         2        80       190       191       201
         2        81        91        92       202
         2        81        82        92       202
         2        81        82       192       202
         2        81        91       201       202
         2        81       191       201       202
         2        81       191       192       202
         2        82        92        93       203
         2        82        83        93       203
         2        82        83       193       203
         2        82        92       202       203
         2        82       192       202       203
         2        82       192       193       203
         2        83        93        94       204
         2        83        84        94       204
         2        83        84       194       204
         2        83        93       203       204
         2        83       193       203       204
         2        83       193       194       204
         2        84        94        95       205
         2        84        85        95       205
         2        84        85       195       205
         2        84        94       204       205
         2        84       194       204       205
         2        84       194       195       205
         2        85        95        96       206
         2        85        86        96       206
         2        85        86       196       206
         2        85        95       205       206
         2        85       195       205       206
         2        85       195       196       206
         2        86        87        96       197
         2        77        86        87       197
         2        77        86       187       197
         2        86        96       197       206
         2        86       196       197       206
         2        86       187       196       197
         2        87        97        98       208
         2        87        88        98       208
         2        87        88       198       208
         2        87        97       207       208
         2        87       197       207       208
         2        87       197       198       208
         2        88        98        99       209
         2        88        89        99       209
         2        88        89       199       209
         2        88        98       208       209
         2        88       198       208       209
         2        88       198       199       209
         2        89        99       100       210
         2        89        90       100       210
         2        89        90       200       210
         2        89        99       209       210
         2        89       199       209       210
         2        89       199       200       210
         2        90       100       101       211
         2        90        91       101       211
         2        90        91       201       211
         2        90       100       210       211
         2        90       200       210       211
         2        90       200       201       211
         2        91       101       102       212
         2        91        92       102       212
         2        91        92       202       212
         2        91       101       211       212
         2        91       201       211       212
         2        91       201       202       212
         2        92       102       103       213
         2        92        93       103       213
         2        92        93       203       213
         2        92       102       212       213
         2        92       202       212       213
         2        92       202       203       213
         2        93       103       104       214
         2        93        94       104       214
         2        93        94       204       214
         2        93       103       213       214
         2        93       203       213       214
         2        93       203       204       214
         2        94       104       105       215
         2        94        95       105       215
         2        94        95       205       215
         2        94       104       214       215
         2        94       204       214       215
         2        94       204       205       215
         2        95       105       106       216
         2        95        96       106       216
         2        95        96       206       216
         2        95       105       215       216
         2        95       205       215       216
         2        95       205       206       216
         2        96        97       106       207
         2        87        96        97       207
         2        87        96       197       207
         2        96       106       207       216
         2        96       206       207       216
         2        96       197       206       207
         2        97       107       108       218
         2        97        98       108       218
         2        97        98       208       218
         2        97       107       217       218
         2        97       207       217       218
         2        97       207       208       218
         2        98       108       109       219
         2        98        99       109       219
         2        98        99       209       219
         2        98       108       218       219
         2        98       208       218       219
         2        98       208       209       219
         2        99       109       110       220
         2        99       100       110       220
         2        99       100       210       220
         2        99       109       219       220
         2        99       209       219       220
         2        99       209       210       220
         2       100       110       111       221
         2       100       101       111       221
         2       100       101       211       221
         2       100       110       220       221
         2       100       210       220       221
         2       100       210       211       221
         2       101       111       112       222
         2       101       102       112       222
         2       101       102       212       222
         2       101       111       221       222
         2       101       211       221       222
         2       101       211       212       222
         2       102       112       113       223
         2       102       103       113       223
         2       102       103       213       223
         2       102       112       222       223
         2       102       212       222       223
         2       102       212       213       223
         2       103       113       114       224
         2       103       104       114       224
         2       103       104       214       224
         2       103       113       223       224
         2       103       213       223       224
         2       103       213       214       224
         2       104       114       115       225
         2       104       105       115       225
         2       104       105       215       225
         2       104       114       224       225
         2       104       214       224       225
         2       104       214       215       225
         2       105       115       116       226
         2       105       106       116       226
         2       105       106       216       226
         2       105       115       225       226
         2       105       215       225       226
         2       105       215       216       226
         2       106       107       116       217
         2        97       106       107       217
         2        97       106       207       217
         2       106       116       217       226
         2       106       216       217       226
         2       106       207       216       217
         2       107       117       118       228
         2       107       108       118       228
         2       107       108       218       228
         2       107       117       227       228
         2       107       217       227       228
         2       107       217       218       228
         2       108       118       119       229
         2       108       109       119       229
         2       108       109       219       229
         2       108       118       228       229
         2       108       218       228       229
         2       108       218       219       229
         2       109       119       120       230
         2       109       110       120       230
         2       109       110       220       230
         2       109       119       229       230
         2       109       219       229       230
         2       109       219       220       230
         2       110       120       121       231
         2       110       111       121       231
         2       110       111       221       231
         2       110       120       230       231
         2       110       220       230       231
         2       110       220       221       231
         2       111       121       122       232
         2       111       112       122       232
         2       111       112       222       232
         2       111       121       231       232
         2       111       221       231       232
         2       111       221       222       232
         2       112       122       123       233
         2       112       113       123       233
         2       112       113       223       233
         2       112       122       232       233
         2       112       222       232       233
         2       112       222       223       233
         2       113       123       124       234
         2       113       114       124       234
         2       113       114       224       234
         2       113       123       233       234
         2       113       223       233       234
         2       113       223       224       234
         2       114       124       125       235
         2       114       115       125       235
         2       114       115       225       235
         2       114       124       234       235
         2       114       224       234       235
         2       114       224       225       235
         2       115       125       126       236
         2       115       116       126       236
         2       115       116       226       236
         2       115       125       235       236
         2       115       225       235       236
         2       115       225       226       236
         2       116       117       126       227
         2       107       116       117       227
         2       107       116       217       227
         2       116       126       227       236
         2       116       226       227       236
         2       116       217       226       227
         2       117       127       128       238
         2       117       118       128       238
         2       117       118       228       238
         2       117       127       237       238
         2       117       227       237       238
         2       117       227       228       238
         2       118       128       129       239
         2       118       119       129       239
         2       118       119       229       239
         2       118       128       238       239
         2       118       228       238       239
         2       118       228       229       239
         2       119       129       130       240
         2       119       120       130       240
         2       119       120       230       240
         2       119       129       239       240
         2       119       229       239       240
         2       119       229       230       240
         2       120       130       131       241
         2       120       121       131       241
         2       120       121       231       241
         2       120       130       240       241
         2       120       230       240       241
         2       120       230       231       241
         2       121       131       132       242
         2       121       122       132       242
         2       121       122       232       242
         2       121       131       241       242
         2       121       231       241       242
         2       121       231       232       242
         2       122       132       133       243
         2       122       123       133       243
         2       122       123       233       243
         2       122       132       242       243
         2       122       232       242       243
         2       122       232       233       243
         2       123       133       134       244
         2       123       124       134       244
         2       123       124       234       244
         2       123       133       243       244
         2       123       233       243       244
         2       123       233       234       244
         2       124       134       135       245
         2       124       125       135       245
         2       124       125       235       245
         2       124       134       244       245
         2       124       234       244       245
         2       124       234       235       245
         2       125       135       136       246
         2       125       126       136       246
         2       125       126       236       246
         2       125       135       245       246
         2       125       235       245       246
         2       125       235       236       246
         2       126       127       136       237
         2       117       126       127       237
         2       117       126       227       237
         2       126       136       237       246
         2       126       236       237       246
         2       126       227       236       237
         2       127       137       138       248
         2       127       128       138       248
         2       127       128       238       248
         2       127       137       247       248
         2       127       237       247       248
         2       127       237       238       248
         2       128       138       139       249
         2       128       129       139       249
         2       128       129       239       249
         2       128       138       248       249
         2       128       238       248       249
         2       128       238       239       249
         2       129       139       140       250
         2       129       130       140       250
         2       129       130       240       250
         2       129       139       249       250
         2       129       239       249       250
         2       129       239       240       250
         2       130       140       141       251
         2       130       131       141       251
         2       130       131       241       251
         2       130       140       250       251
         2       130       240       250       251
         2       130       240       241       251
         2       131       141       142       252
         2       131       132       142       252
         2       131       132       242       252
         2       131       141       251       252
         2       131       241       251       252
         2       131       241       242       252
         2       132       142       143       253
         2       132       133       143       253
         2       132       133       243       253
         2       132       142       252       253
         2       132       242       252       253
         2       132       242       243       253
         2       133       143       144       254
         2       133       134       144       254
         2       133       134       244       254
         2       133       143       253       254
         2       133       243       253       254
         2       133       243       244       254
         2       134       144       145       255
         2       134       135       145       255
         2       134       135       245       255
         2       134       144       254       255
         2       134       244       254       255
         2       134       244       245       255
         2       135       145       146       256
         2       135       136       146       256
         2       135       136       246       256
         2       135       145       255       256
         2       135       245       255       256
         2       135       245       246       256
         2       136       137       146       247
         2       127       136       137       247
         2       127       136       237       247
         2       136       146       247       256
         2       136       246       247       256
         2       136       237       246       247
         2       137       147       148       258
         2       137       138       148       258
         2       137       138       248       258
         2       137       147       257       258
         2       137       247       257       258
         2       137       247       248       258
         2       138       148       149       259
         2       138       139       149       259
         2       138       139       249       259
         2       138       148       258       259
         2       138       248       258       259
         2       138       248       249       259
         2       139       149       150       260
         2       139       140       150       260
         2       139       140       250       260
         2       139       149       259       260
         2       139       249       259       260
         2       139       249       250       260
         2       140       150       151       261
         2       140       141       151       261
         2       140       141       251       261
         2       140       150       260       261
         2       140       250       260       261
         2       140       250       251       261
         2       141       151       152       262
         2       141       142       152       262
         2       141       142       252       262
         2       141       151       261       262
         2       141       251       261       262
         2       141       251       252       262
         2       142       152       153       263
         2       142       143       153       263
         2       142       143       253       263
         2       142       152       262       263
         2       142       252       262       263
         2       142       252       253       263
         2       143       153       154       264
         2       143       144       154       264
         2       143       144       254       264
         2       143       153       263       264
         2       143       253       263       264
         2       143       253       254       264
         2       144       154       155       265
         2       144       145       155       265
         2       144       145       255       265
         2       144       154       264       265
         2       144       254       264       265
         2       144       254       255       265
         2       145       155       156       266
         2       145       146       156       266
         2       145       146       256       266
         2       145       155       265       266
         2       145       255       265       266
         2       145       255       256       266
         2       146       147       156       257
         2       137       146       147       257
         2       137       146       247       257
         2       146       156       257       266
         2       146       256       257       266
         2       146       247       256       257
         2       147       157       158       268
         2       147       148       158       268
         2       147       148       258       268
         2       147       157       267       268
         2       147       257       267       268
         2       147       257       258       268
         2       148       158       159       269
         2       148       149       159       269
         2       148       149       259       269
         2       148       158       268       269
         2       148       258       268       269
         2       148       258       259       269
         2       149       159       160       270
         2       149       150       160       270
         2       149       150       260       270
         2       149       159       269       270
         2       149       259       269       270
         2       149       259       260       270
         2       150       160       161       271
         2       150       151       161       271
         2       150       151       261       271
         2       150       160       270       271
         2       150       260       270       271
         2       150       260       261       271
         2       151       161       162       272
         2       151       152       162       272
         2       151       152       262       272
         2       151       161       271       272
         2       151       261       271       272
         2       151       261       262       272
         2       152       162       163       273
         2       152       153       163       273
         2       152       153       263       273
         2       152       162       272       273
         2       152       262       272       273
         2       152       262       263       273
         2       153       163       164       274
         2       153       154       164       274
         2       153       154       264       274
         2       153       163       273       274
         2       153       263       273       274
         2       153       263       264       274
         2       154       164       165       275
         2       154       155       165       275
         2       154       155       265       275
         2       154       164       274       275
         2       154       264       274       275
         2       154       264       265       275
         2       155       165       166       276
         2       155       156       166       276
         2       155       156       266       276
         2       155       165       275       276
         2       155       265       275       276
         2       155       265       266       276
         2       156       157       166       267
         2       147       156       157       267
         2       147       156       257       267
         2       156       166       267       276
         2       156       266       267       276
         2       156       257       266       267
         2        57        58       157       168
         2        58       157       158       168
         2       157       158       168       268
         2        57       157       167       168
         2       157       167       168       267
         2       157       168       267       268
         2        58        59       158       169
         2        59       158       159       169
         2       158       159       169       269
         2        58       158       168       169
         2       158       168       169       268
         2       158       169       268       269
         2        59        60       159       170
         2        60       159       160       170
         2       159       160       170       270
         2        59       159       169       170
         2       159       169       170       269
         2       159       170       269       270
         2        60        61       160       171
         2        61       160       161       171
         2       160       161       171       271
         2        60       160       170       171
         2       160       170       171       270
         2       160       171       270       271
         2        61        62       161       172
         2        62       161       162       172
         2       161       162       172       272
         2        61       161       171       172
         2       161       171       172       271
         2       161       172       271       272
         2        62        63       162       173
         2        63       162       163       173
         2       162       163       173       273
         2        62       162       172       173
         2       162       172       173       272
         2       162       173       272       273
         2        63        64       163       174
         2        64       163       164       174
         2       163       164       174       274
         2        63       163       173       174
         2       163       173       174       273
         2       163       174       273       274
         2        64        65       164       175
         2        65       164       165       175
         2       164       165       175       275
         2        64       164       174       175
         2       164       174       175       274
         2       164       175       274       275
         2        65        66       165       176
         2        66       165       166       176
         2       165       166       176       276
         2        65       165       175       176
         2       165       175       176       275
         2       165       176       275       276
         2        57        66       166       167
         2        57       157       166       167
         2       157       166       167       267
         2        66       166       167       176
         2       166       167       176       276
         2       166       167       267       276
         2       167       177       178       288
         2       167       168       178       288
         2       167       168       278       288
         2       167       177       287       288
         2       167       277       287       288
         2       167       277       278       288
         2       168       178       179       289
         2       168       169       179       289
         2       168       169       279       289
         2       168       178       288       289
         2       168       278       288       289
         2       168       278       279       289
         2       169       179       180       290
         2       169       170       180       290
         2       169       170       280       290
         2       169       179       289       290
         2       169       279       289       290
         2       169       279       280       290
         2       170       180       181       291
         2       170       171       181       291
         2       170       171       281       291
         2       170       180       290       291
         2       170       280       290       291
         2       170       280       281       291
         2       171       181       182       292
         2       171       172       182       292
         2       171       172       282       292
         2       171       181       291       292
         2       171       281       291       292
         2       171       281       282       292
         2       172       182       183       293
         2       172       173       183       293
         2       172       173       283       293
         2       172       182       292       293
         2       172       282       292       293
         2       172       282       283       293
         2       173       183       184       294
         2       173       174       184       294
         2       173       174       284       294
         2       173       183       293       294
         2       173       283       293       294
         2       173       283       284       294
         2       174       184       185       295
         2       174       175       185       295
         2       174       175       285       295
         2       174       184       294       295
         2       174       284       294       295
         2       174       284       285       295
         2       175       185       186       296
         2       175       176       186       296
         2       175       176       286       296
         2       175       185       295       296
         2       175       285       295       296
         2       175       285       286       296
         2       176       177       186       287
         2       167       176       177       287
         2       167       176       277       287
         2       176       186       287       296
         2       176       286       287       296
         2       176       277       286       287
         2       177       187       188       298
         2       177       178       188       298
         2       177       178       288       298
         2       177       187       297       298
         2       177       287       297       298
         2       177       287       288       298
         2       178       188       189       299
         2       178       179       189       299
         2       178       179       289       299
         2       178       188       298       299
         2       178       288       298       299
         2       178       288       289       299
         2       179       189       190       300
         2       179       180       190       300
         2       179       180       290       300
         2       179       189       299       300
         2       179       289       299       300
         2       179       289       290       300
         2       180       190       191       301
         2       180       181       191       301
         2       180       181       291       301
         2       180       190       300       301
         2       180       290       300       301
         2       180       290       291       301
         2       181       191       192       302
         2       181       182       192       302
         2       181       182       292       302
         2       181       191       301       302
         2       181       291       301       302
         2       181       291       292       302
         2       182       192       193       303
         2       182       183       193       303
         2       182       183       293       303
         2       182       192       302       303
         2       182       292       302       303
         2       182       292       293       303
         2       183       193       194       304
         2       183       184       194       304
         2       183       184       294       304
         2       183       193       303       304
         2       183       293       303       304
         2       183       293       294       304
         2       184       194       195       305
         2       184       185       195       305
         2       184       185       295       305
         2       184       194       304       305
         2       184       294       304       305
         2       184       294       295       305
         2       185       195       196       306
         2       185       186       196       306
         2       185       186       296       306
         2       185       195       305       306
         2       185       295       305       306
         2       185       295       296       306
         2       186       187       196       297
         2       177       186       187       297
         2       177       186       287       297
         2       186       196       297       306
         2       186       296       297       306
         2       186       287       296       297
         2       187       197       198       308
         2       187       188       198       308
         2       187       188       298       308
         2       187       197       307       308
         2       187       297       307       308
         2       187       297       298       308
         2       188       198       199       309
         2       188       189       199       309
         2       188       189       299       309
         2       188       198       308       309
         2       188       298       308       309
         2       188       298       299       309
         2       189       199       200       310
         2       189       190       200       310
         2       189       190       300       310
         2       189       199       309       310
         2       189       299       309       310
         2       189       299       300       310
         2       190       200       201       311
         2       190       191       201       311
         2       190       191       301       311
         2       190       200       310       311
         2       190       300       310       311
         2       190       300       301       311
         2       191       201       202       312
         2       191       192       202       312
         2       191       192       302       312
         2       191       201       311       312
         2       191       301       311       312
         2       191       301       302       312
         2       192       202       203       313
         2       192       193       203       313
         2       192       193       303       313
         2       192       202       312       313
         2       192       302       312       313
         2       192       302       303       313
         2       193       203       204       314
         2       193       194       204       314
         2       193       194       304       314
         2       193       203       313       314
         2       193       303       313       314
         2       193       303       304       314
         2       194       204       205       315
         2       194       195       205       315
         2       194       195       305       315
         2       194       204       314       315
         2       194       304       314       315
         2       194       304       305       315
         2       195       205       206       316
         2       195       196       206       316
         2       195       196       306       316
         2       195       205       315       316
         2       195       305       315       316
         2       195       305       306       316
         2       196       197       206       307
         2       187       196       197       307
         2       187       196       297       307
         2       196       206       307       316
         2       196       306       307       316
         2       196       297       306       307
         2       197       207       208       318
         2       197       198       208       318
         2       197       198       308       318
         2       197       207       317       318
         2       197       307       317       318
         2       197       307       308       318
         2       198       208       209       319
         2       198       199       209       319
         2       198       199       309       319
         2       198       208       318       319
         2       198       308       318       319
         2       198       308       309       319
         2       199       209       210       320
         2       199       200       210       320
         2       199       200       310       320
         2       199       209       319       320
         2       199       309       319       320
         2       199       309       310       320
         2       200       210       211       321
         2       200       201       211       321
         2       200       201       311       321
         2       200       210       320       321
         2       200       310       320       321
         2       200       310       311       321
         2       201       211       212       322
         2       201       202       212       322
         2       201       202       312       322
         2       201       211       321       322
         2       201       311       321       322
         2       201       311       312       322
         2       202       212       213       323
         2       202       203       213       323
         2       202       203       313       323
         2       202       212       322       323
         2       202       312       322       323
         2       202       312       313       323
         2       203       213       214       324
         2       203       204       214       324
         2       203       204       314       324
         2       203       213       323       324
         2       203       313       323       324
         2       203       313       314       324
         2       204       214       215       325
         2       204       205       215       325
         2       204       205       315       325
         2       204       214       324       325
         2       204       314       324       325
         2       204       314       315       325
         2       205       215       216       326
         2       205       206       216       326
         2       205       206       316       326
         2       205       215       325       326
         2       205       315       325       326
         2       205       315       316       326
         2       206       207       216       317
         2       197       206       207       317
         2       197       206       307       317
         2       206       216       317       326
         2       206       316       317       326
         2       206       307       316       317
         2       207       217       218       328
         2       207       208       218       328
         2       207       208       318       328
         2       207       217       327       328
         2       207       317       327       328
         2       207       317       318       328
         2       208       218       219       329
         2       208       209       219       329
         2       208       209       319       329
         2       208       218       328       329
         2       208       318       328       329
         2       208       318       319       329
         2       209       219       220       330
         2       209       210       220       330
         2       209       210       320       330
         2       209       219       329       330
         2       209       319       329       330
         2       209       319       320       330
         2       210       220       221       331
         2       210       211       221       331
         2       210       211       321       331
         2       210       220       330       331
         2       210       320       330       331
         2       210       320       321       331
         2       211       221       222       332
         2       211       212       222       332
         2       211       212       322       332
         2       211       221       331       332
         2       211       321       331       332
         2       211       321       322       332
         2       212       222       223       333
         2       212       213       223       333
         2       212       213       323       333
         2       212       222       332       333
         2       212       322       332       333
         2       212       322       323       333
         2       213       223       224       334
         2       213       214       224       334
         2       213       214       324       334
         2       213       223       333       334
         2       213       323       333       334
         2       213       323       324       334
         2       214       224       225       335
         2       214       215       225       335
         2       214       215       325       335
         2       214       224       334       335
         2       214       324       334       335
         2       214       324       325       335
         2       215       225       226       336
         2       215       216       226       336
         2       215       216       326       336
         2       215       225       335       336
         2       215       325       335       336
         2       215       325       326       336
         2       216       217       226       327
         2       207       216       217       327
         2       207       216       317       327
         2       216       226       327       336
         2       216       326       327       336
         2       216       317       326       327
         2       217       227       228       338
         2       217       218       228       338
         2       217       218       328       338
         2       217       227       337       338
         2       217       327       337       338
         2       217       327       328       338
         2       218       228       229       339
         2       218       219       229       339
         2       218       219       329       339
         2       218       228       338       339
         2       218       328       338       339
         2       218       328       329       339
         2       219       229       230       340
         2       219       220       230       340
         2       219       220       330       340
         2       219       229       339       340
         2       219       329       339       340
         2       219       329       330       340
         2       220       230       231       341
         2       220       221       231       341
         2       220       221       331       341
         2       220       230       340       341
         2       220       330       340       341
         2       220       330       331       341
         2       221       231       232       342
         2       221       222       232       342
         2       221       222       332       342
         2       221       231       341       342
         2       221       331       341       342
         2       221       331       332       342
         2       222       232       233       343
         2       222       223       233       343
         2       222       223       333       343
         2       222       232       342       343
         2       222       332       342       343
         2       222       332       333       343
         2       223       233       234       344
         2       223       224       234       344
         2       223       224       334       344
         2       223       233       343       344
         2       223       333       343       344
         2       223       333       334       344
         2       224       234       235       345
         2       224       225       235       345
         2       224       225       335       345
         2       224       234       344       345
         2       224       334       344       345
         2       224       334       335       345
         2       225       235       236       346
         2       225       226       236       346
         2       225       226       336       346
         2       225       235       345       346
         2       225       335       345       346
         2       225       335       336       346
         2       226       227       236       337
         2       217       226       227       337
         2       217       226       327       337
         2       226       236       337       346
         2       226       336       337       346
         2       226       327       336       337
         2       227       237       238       348
         2       227       228       238       348
         2       227       228       338       348
         2       227       237       347       348
         2       227       337       347       348
         2       227       337       338       348
         2       228       238       239       349
         2       228       229       239       349
         2       228       229       339       349
         2       228       238       348       349
         2       228       338       348       349
         2       228       338       339       349
         2       229       239       240       350
         2       229       230       240       350
         2       229       230       340       350
         2       229       239       349       350
         2       229       339       349       350
         2       229       339       340       350
         2       230       240       241       351
         2       230       231       241       351
         2       230       231       341       351
         2       230       240       350       351
         2       230       340       350       351
         2       230       340       341       351
         2       231       241       242       352
         2       231       232       242       352
         2       231       232       342       352
         2       231       241       351       352
         2       231       341       351       352
         2       231       341       342       352
         2       232       242       243       353
         2       232       233       243       353
         2       232       233       343       353
         2       232       242       352       353
         2       232       342       352       353
         2       232       342       343       353
         2       233       243       244       354
         2       233       234       244       354
         2       233       234       344       354
         2       233       243       353       354
         2       233       343       353       354
         2       233       343       344       354
         2       234       244       245       355
         2       234       235       245       355
         2       234       235       345       355
         2       234       244       354       355
         2       234       344       354       355
         2       234       344       345       355
         2       235       245       246       356
         2       235       236       246       356
         2       235       236       346       356
         2       235       245       355       356
         2       235       345       355       356
         2       235       345       346       356
         2       236       237       246       347
         2       227       236       237       347
         2       227       236       337       347
         2       236       246       347       356
         2       236       346       347       356
         2       236       337       346       347
         2       237       247       248       358
         2       237       238       248       358
         2       237       238       348       358
         2       237       247       357       358
         2       237       347       357       358
         2       237       347       348       358
         2       238       248       249       359
         2       238       239       249       359
         2       238       239       349       359
         2       238       248       358       359
         2       238       348       358       359
         2       238       348       349       359
         2       239       249       250       360
         2       239       240       250       360
         2       239       240       350       360
         2       239       249       359       360
         2       239       349       359       360
         2       239       349       350       360
         2       240       250       251       361
         2       240       241       251       361
         2       240       241       351       361
         2       240       250       360       361
         2       240       350       360       361
         2       240       350       351       361
         2       241       251       252       362
         2       241       242       252       362
         2       241       242       352       362
         2       241       251       361       362
         2       241       351       361       362
         2       241       351       352       362
         2       242       252       253       363
         2       242       243       253       363
         2       242       243       353       363
         2       242       252       362       363
         2       242       352       362       363
         2       242       352       353       363
         2       243       253       254       364
         2       243       244       254       364
         2       243       244       354       364
         2       243       253       363       364
         2       243       353       363       364
         2       243       353       354       364
         2       244       254       255       365
         2       244       245       255       365
         2       244       245       355       365
         2       244       254       364       365
         2       244       354       364       365
         2       244       354       355       365
         2       245       255       256       366
         2       245       246       256       366
         2       245       246       356       366
         2       245       255       365       366
         2       245       355       365       366
         2       245       355       356       366
         2       246       247       256       357
         2       237       246       247       357
         2       237       246       347       357
         2       246       256       357       366
         2       246       356       357       366
         2       246       347       356       357
         2       247       257       258       368
         2       247       248       258       368
         2       247       248       358       368
         2       247       257       367       368
         2       247       357       367       368
         2       247       357       358       368
         2       248       258       259       369
         2       248       249       259       369
         2       248       249       359       369
         2       248       258       368       369
         2       248       358       368       369
         2       248       358       359       369
         2       249       259       260       370
         2       249       250       260       370
         2       249       250       360       370
         2       249       259       369       370
         2       249       359       369       370
         2       249       359       360       370
         2       250       260       261       371
         2       250       251       261       371
         2       250       251       361       371
         2       250       260       370       371
         2       250       360       370       371
         2       250       360       361       371
         2       251       261       262       372
         2       251       252       262       372
         2       251       252       362       372
         2       251       261       371       372
         2       251       361       371       372
         2       251       361       362       372
         2       252       262       263       373
         2       252       253       263       373
         2       252       253       363       373
         2       252       262       372       373
         2       252       362       372       373
         2       252       362       363       373
         2       253       263       264       374
         2       253       254       264       374
         2       253       254       364       374
         2       253       263       373       374
         2       253       363       373       374
         2       253       363       364       374
         2       254       264       265       375
         2       254       255       265       375
         2       254       255       365       375
         2       254       264       374       375
         2       254       364       374       375
         2       254       364       365       375
         2       255       265       266       376
         2       255       256       266       376
         2       255       256       366       376
         2       255       265       375       376
         2       255       365       375       376
         2       255       365       366       376
         2       256       257       266       367
         2       247       256       257       367
         2       247       256       357       367
         2       256       266       367       376
         2       256       366       367       376
         2       256       357       366       367
         2       257       267       268       378
         2       257       258       268       378
         2       257       258       368       378
         2       257       267       377       378
         2       257       367       377       378
         2       257       367       368       378
         2       258       268       269       379
         2       258       259       269       379
         2       258       259       369       379
         2       258       268       378       379
         2       258       368       378       379
         2       258       368       369       379
         2       259       269       270       380
         2       259       260       270       380
         2       259       260       370       380
         2       259       269       379       380
         2       259       369       379       380
         2       259       369       370       380
         2       260       270       271       381
         2       260       261       271       381
         2       260       261       371       381
         2       260       270       380       381
         2       260       370       380       381
         2       260       370       371       381
         2       261       271       272       382
         2       261       262       272       382
         2       261       262       372       382
         2       261       271       381       382
         2       261       371       381       382
         2       261       371       372       382
         2       262       272       273       383
         2       262       263       273       383
         2       262       263       373       383
         2       262       272       382       383
         2       262       372       382       383
         2       262       372       373       383
         2       263       273       274       384
         2       263       264       274       384
         2       263       264       374       384
         2       263       273       383       384
         2       263       373       383       384
         2       263       373       374       384
         2       264       274       275       385
         2       264       265       275       385
         2       264       265       375       385
         2       264       274       384       385
         2       264       374       384       385
         2       264       374       375       385
         2       265       275       276       386
         2       265       266       276       386
         2       265       266       376       386
         2       265       275       385       386
         2       265       375       385       386
         2       265       375       376       386
         2       266       267       276       377
         2       257       266       267       377
         2       257       266       367       377
         2       266       276       377       386
         2       266       376       377       386
         2       266       367       376       377
         2       167       168       267       278
         2       168       267       268       278
         2       267       268       278       378
         2       167       267       277       278
         2       267       277       278       377
         2       267       278       377       378
         2       168       169       268       279
         2       169       268       269       279
         2       268       269       279       379
         2       168       268       278       279
         2       268       278       279       378
         2       268       279       378       379
         2       169       170       269       280
         2       170       269       270       280
         2       269       270       280       380
         2       169       269       279       280
         2       269       279       280       379
         2       269       280       379       380
         2       170       171       270       281
         2       171       270       271       281
         2       270       271       281       381
         2       170       270       280       281
         2       270       280       281       380
         2       270       281       380       381
         2       171       172       271       282
         2       172       271       272       282
         2       271       272       282       382
         2       171       271       281       282
         2       271       281       282       381
         2       271       282       381       382
         2       172       173       272       283
         2       173       272       273       283
         2       272       273       283       383
         2       172       272       282       283
         2       272       282       283       382
         2       272       283       382       383
         2       173       174       273       284
         2       174       273       274       284
         2       273       274       284       384
         2       173       273       283       284
         2       273       283       284       383
         2       273       284       383       384
         2       174       175       274       285
         2       175       274       275       285
         2       274       275       285       385
         2       174       274       284       285
         2       274       284       285       384
         2       274       285       384       385
         2       175       176       275       286
         2       176       275       276       286
         2       275       276       286       386
         2       175       275       285       286
         2       275       285       286       385
         2       275       286       385       386
         2       167       176       276       277
         2       167       267       276       277
         2       267       276       277       377
         2       176       276       277       286
         2       276       277       286       386
         2       276       277       377       386
         2       277       287       288       398
         2       277       278       288       398
         2       277       278       388       398
         2       277       287       397       398
         2       277       387       397       398
         2       277       387       388       398
         2       278       288       289       399
         2       278       279       289       399
         2       278       279       389       399
         2       278       288       398       399
         2       278       388       398       399
         2       278       388       389       399
         2       279       289       290       400
         2       279       280       290       400
         2       279       280       390       400
         2       279       289       399       400
         2       279       389       399       400
         2       279       389       390       400
         2       280       290       291       401
         2       280       281       291       401
         2       280       281       391       401
         2       280       290       400       401
         2       280       390       400       401
         2       280       390       391       401
         2       281       291       292       402
         2       281       282       292       402
         2       281       282       392       402
         2       281       291       401       402
         2       281       391       401       402
         2       281       391       392       402
         2       282       292       293       403
         2       282       283       293       403
         2       282       283       393       403
         2       282       292       402       403
         2       282       392       402       403
         2       282       392       393       403
         2       283       293       294       404
         2       283       284       294       404
         2       283       284       394       404
         2       283       293       403       404
         2       283       393       403       404
         2       283       393       394       404
         2       284       294       295       405
         2       284       285       295       405
         2       284       285       395       405
         2       284       294       404       405
         2       284       394       404       405
         2       284       394       395       405
         2       285       295       296       406
         2       285       286       296       406
         2       285       286       396       406
         2       285       295       405       406
         2       285       395       405       406
         2       285       395       396       406
         2       286       287       296       397
         2       277       286       287       397
         2       277       286       387       397
         2       286       296       397       406
         2       286       396       397       406
         2       286       387       396       397
         2       287       297       298       408
         2       287       288       298       408
         2       287       288       398       408
         2       287       297       407       408
         2       287       397       407       408
         2       287       397       398       408
         2       288       298       299       409
         2       288       289       299       409
         2       288       289       399       409
         2       288       298       408       409
         2       288       398       408       409
         2       288       398       399       409
         2       289       299       300       410
         2       289       290       300       410
         2       289       290       400       410
         2       289       299       409       410
         2       289       399       409       410
         2       289       399       400       410
         2       290       300       301       411
         2       290       291       301       411
         2       290       291       401       411
         2       290       300       410       411
         2       290       400       410       411
         2       290       400       401       411
         2       291       301       302       412
         2       291       292       302       412
         2       291       292       402       412
         2       291       301       411       412
         2       291       401       411       412
         2       291       401       402       412
         2       292       302       303       413
         2       292       293       303       413
         2       292       293       403       413
         2       292       302       412       413
         2       292       402       412       413
         2       292       402       403       413
         2       293       303       304       414
         2       293       294       304       414
         2       293       294       404       414
         2       293       303       413       414
         2       293       403       413       414
         2       293       403       404       414
         2       294       304       305       415
         2       294       295       305       415
         2       294       295       405       415
         2       294       304       414       415
         2       294       404       414       415
         2       294       404       405       415
         2       295       305       306       416
         2       295       296       306       416
         2       295       296       406       416
         2       295       305       415       416
         2       295       405       415       416
         2       295       405       406       416
         2       296       297       306       407
         2       287       296       297       407
         2       287       296       397       407
         2       296       306       407       416
         2       296       406       407       416
         2       296       397       406       407
         2       297       307       308       418
         2       297       298       308       418
         2       297       298       408       418
         2       297       307       417       418
         2       297       407       417       418
         2       297       407       408       418
         2       298       308       309       419
         2       298       299       309       419
         2       298       299       409       419
         2       298       308       418       419
         2       298       408       418       419
         2       298       408       409       419
         2       299       309       310       420
         2       299       300       310       420
         2       299       300       410       420
         2       299       309       419       420
         2       299       409       419       420
         2       299       409       410       420
         2       300       310       311       421
         2       300       301       311       421
         2       300       301       411       421
         2       300       310       420       421
         2       300       410       420       421
         2       300       410       411       421
         2       301       311       312       422
         2       301       302       312       422
         2       301       302       412       422
         2       301       311       421       422
         2       301       411       421       422
         2       301       411       412       422
         2       302       312       313       423
         2       302       303       313       423
         2       302       303       413       423
         2       302       312       422       423
         2       302       412       422       423
         2       302       412       413       423
         2       303       313       314       424
         2       303       304       314       424
         2       303       304       414       424
         2       303       313       423       424
         2       303       413       423       424
         2       303       413       414       424
         2       304       314       315       425
         2       304       305       315       425
         2       304       305       415       425
         2       304       314       424       425
         2       304       414       424       425
         2       304       414       415       425
         2       305       315       316       426
         2       305       306       316       426
         2       305       306       416       426
         2       305       315       425       426
         2       305       415       425       426
         2       305       415       416       426
         2       306       307       316       417
         2       297       306       307       417
         2       297       306       407       417
         2       306       316       417       426
         2       306       416       417       426
         2       306       407       416       417
         2       307       317       318       428
         2       307       308       318       428
         2       307       308       418       428
         2       307       317       427       428
         2       307       417       427       428
         2       307       417       418       428
         2       308       318       319       429
         2       308       309       319       429
         2       308       309       419       429
         2       308       318       428       429
         2       308       418       428       429
         2       308       418       419       429
         2       309       319       320       430
         2       309       310       320       430
         2       309       310       420       430
         2       309       319       429       430
         2       309       419       429       430
         2       309       419       420       430
         2       310       320       321       431
         2       310       311       321       431
         2       310       311       421       431
         2       310       320       430       431
         2       310       420       430       431
         2       310       420       421       431
         2       311       321       322       432
         2       311       312       322       432
         2       311       312       422       432
         2       311       321       431       432
         2       311       421       431       432
         2       311       421       422       432
         2       312       322       323       433
         2       312       313       323       433
         2       312       313       423       433
         2       312       322       432       433
         2       312       422       432       433
         2       312       422       423       433
         2       313       323       324       434
         2       313       314       324       434
         2       313       314       424       434
         2       313       323       433       434
         2       313       423       433       434
         2       313       423       424       434
         2       314       324       325       435
         2       314       315       325       435
         2       314       315       425       435
         2       314       324       434       435
         2       314       424       434       435
         2       314       424       425       435
         2       315       325       326       436
         2       315       316       326       436
         2       315       316       426       436
         2       315       325       435       436
         2       315       425       435       436
         2       315       425       426       436
         2       316       317       326       427
         2       307       316       317       427
         2       307       316       417       427
         2       316       326       427       436
         2       316       426       427       436
         2       316       417       426       427
         2       317       327       328       438
         2       317       318       328       438
         2       317       318       428       438
         2       317       327       437       438
         2       317       427       437       438
         2       317       427       428       438
         2       318       328       329       439
         2       318       319       329       439
         2       318       319       429       439
         2       318       328       438       439
         2       318       428       438       439
         2       318       428       429       439
         2       319       329       330       440
         2       319       320       330       440
         2       319       320       430       440
         2       319       329       439       440
         2       319       429       439       440
         2       319       429       430       440
         2       320       330       331       441
         2       320       321       331       441
         2       320       321       431       441
         2       320       330       440       441
         2       320       430       440       441
         2       320       430       431       441
         2       321       331       332       442
         2       321       322       332       442
         2       321       322       432       442
         2       321       331       441       442
         2       321       431       441       442
         2       321       431       432       442
         2       322       332       333       443
         2       322       323       333       443
         2       322       323       433       443
         2       322       332       442       443
         2       322       432       442       443
         2       322       432       433       443
         2       323       333       334       444
         2       323       324       334       444
         2       323       324       434       444
         2       323       333       443       444
         2       323       433       443       444
         2       323       433       434       444
         2       324       334       335       445
         2       324       325       335       445
         2       324       325       435       445
         2       324       334       444       445
         2       324       434       444       445
         2       324       434       435       445
         2       325       335       336       446
         2       325       326       336       446
         2       325       326       436       446
         2       325       335       445       446
         2       325       435       445       446
         2       325       435       436       446
         2       326       327       336       437
         2       317       326       327       437
         2       317       326       427       437
         2       326       336       437       446
         2       326       436       437       446
         2       326       427       436       437
         2       327       337       338       448
         2       327       328       338       448
         2       327       328       438       448
         2       327       337       447       448
         2       327       437       447       448
         2       327       437       438       448
         2       328       338       339       449
         2       328       329       339       449
         2       328       329       439       449
         2       328       338       448       449
         2       328       438       448       449
         2       328       438       439       449
         2       329       339       340       450
         2       329       330       340       450
         2       329       330       440       450
         2       329       339       449       450
         2       329       439       449       450
         2       329       439       440       450
         2       330       340       341       451
         2       330       331       341       451
         2       330       331       441       451
         2       330       340       450       451
         2       330       440       450       451
         2       330       440       441       451
         2       331       341       342       452
         2       331       332       342       452
         2       331       332       442       452
         2       331       341       451       452
         2       331       441       451       452
         2       331       441       442       452
         2       332       342       343       453
         2       332       333       343       453
         2       332       333       443       453
         2       332       342       452       453
         2       332       442       452       453
         2       332       442       443       453
         2       333       343       344       454
         2       333       334       344       454
         2       333       334       444       454
         2       333       343       453       454
         2       333       443       453       454
         2       333       443       444       454
         2       334       344       345       455
         2       334       335       345       455
         2       334       335       445       455
         2       334       344       454       455
         2       334       444       454       455
         2       334       444       445       455
         2       335       345       346       456
         2       335       336       346       456
         2       335       336       446       456
         2       335       345       455       456
         2       335       445       455       456
         2       335       445       446       456
         2       336       337       346       447
         2       327       336       337       447
         2       327       336       437       447
         2       336       346       447       456
         2       336       446       447       456
         2       336       437       446       447
         2       337       347       348       458
         2       337       338       348       458
         2       337       338       448       458
         2       337       347       457       458
         2       337       447       457       458
         2       337       447       448       458
         2       338       348       349       459
         2       338       339       349       459
         2       338       339       449       459
         2       338       348       458       459
         2       338       448       458       459
         2       338       448       449       459
         2       339       349       350       460
         2       339       340       350       460
         2       339       340       450       460
         2       339       349       459       460
         2       339       449       459       460
         2       339       449       450       460
         2       340       350       351       461
         2       340       341       351       461
         2       340       341       451       461
         2       340       350       460       461
         2       340       450       460       461
         2       340       450       451       461
         2       341       351       352       462
         2       341       342       352       462
         2       341       342       452       462
         2       341       351       461       462
         2       341       451       461       462
         2       341       451       452       462
         2       342       352       353       463
         2       342       343       353       463
         2       342       343       453       463
         2       342       352       462       463
         2       342       452       462       463
         2       342       452       453       463
         2       343       353       354       464
         2       343       344       354       464
         2       343       344       454       464
         2       343       353       463       464
         2       343       453       463       464
         2       343       453       454       464
         2       344       354       355       465
         2       344       345       355       465
         2       344       345       455       465
         2       344       354       464       465
         2       344       454       464       465
         2       344       454       455       465
         2       345       355       356       466
         2       345       346       356       466
         2       345       346       456       466
         2       345       355       465       466
         2       345       455       465       466
         2       345       455       456       466
         2       346       347       356       457
         2       337       346       347       457
         2       337       346       447       457
         2       346       356       457       466
         2       346       456       457       466
         2       346       447       456       457
         2       347       357       358       468
         2       347       348       358       468
         2       347       348       458       468
         2       347       357       467       468
         2       347       457       467       468
         2       347       457       458       468
         2       348       358       359       469
         2       348       349       359       469
         2       348       349       459       469
         2       348       358       468       469
         2       348       458       468       469
         2       348       458       459       469
         2       349       359       360       470
         2       349       350       360       470
         2       349       350       460       470
         2       349       359       469       470
         2       349       459       469       470
         2       349       459       460       470
         2       350       360       361       471
         2       350       351       361       471
         2       350       351       461       471
         2       350       360       470       471
         2       350       460       470       471
         2       350       460       461       471
         2       351       361       362       472
         2       351       352       362       472
         2       351       352       462       472
         2       351       361       471       472
         2       351       461       471       472
         2       351       461       462       472
         2       352       362       363       473
         2       352       353       363       473
         2       352       353       463       473
         2       352       362       472       473
         2       352       462       472       473
         2       352       462       463       473
         2       353       363       364       474
         2       353       354       364       474
         2       353       354       464       474
         2       353       363       473       474
         2       353       463       473       474
         2       353       463       464       474
         2       354       364       365       475
         2       354       355       365       475
         2       354       355       465       475
         2       354       364       474       475
         2       354       464       474       475
         2       354       464       465       475
         2       355       365       366       476
         2       355       356       366       476
         2       355       356       466       476
         2       355       365       475       476
         2       355       465       475       476
         2       355       465       466       476
         2       356       357       366       467
         2       347       356       357       467
         2       347       356       457       467
         2       356       366       467       476
         2       356       466       467       476
         2       356       457       466       467
         2       357       367       368       478
         2       357       358       368       478
         2       357       358       468       478
         2       357       367       477       478
         2       357       467       477       478
         2       357       467       468       478
         2       358       368       369       479
         2       358       359       369       479
         2       358       359       469       479
         2       358       368       478       479
         2       358       468       478       479
         2       358       468       469       479
         2       359       369       370       480
         2       359       360       370       480
         2       359       360       470       480
         2       359       369       479       480
         2       359       469       479       480
         2       359       469       470       480
         2       360       370       371       481
         2       360       361       371       481
         2       360       361       471       481
         2       360       370       480       481
         2       360       470       480       481
         2       360       470       471       481
         2       361       371       372       482
         2       361       362       372       482
         2       361       362       472       482
         2       361       371       481       482
         2       361       471       481       482
         2       361       471       472       482
         2       362       372       373       483
         2       362       363       373       483
         2       362       363       473       483
         2       362       372       482       483
         2       362       472       482       483
         2       362       472       473       483
         2       363       373       374       484
         2       363       364       374       484
         2       363       364       474       484
         2       363       373       483       484
         2       363       473       483       484
         2       363       473       474       484
         2       364       374       375       485
         2       364       365       375       485
         2       364       365       475       485
         2       364       374       484       485
         2       364       474       484       485
         2       364       474       475       485
         2       365       375       376       486
         2       365       366       376       486
         2       365       366       476       486
         2       365       375       485       486
         2       365       475       485       486
         2       365       475       476       486
         2       366       367       376       477
         2       357       366       367       477
         2       357       366       467       477
         2       366       376       477       486
         2       366       476       477       486
         2       366       467       476       477
         2       367       377       378       488
         2       367       368       378       488
         2       367       368       478       488
         2       367       377       487       488
         2       367       477       487       488
         2       367       477       478       488
         2       368       378       379       489
         2       368       369       379       489
         2       368       369       479       489
         2       368       378       488       489
         2       368       478       488       489
         2       368       478       479       489
         2       369       379       380       490
         2       369       370       380       490
         2       369       370       480       490
         2       369       379       489       490
         2       369       479       489       490
         2       369       479       480       490
         2       370       380       381       491
         2       370       371       381       491
         2       370       371       481       491
         2       370       380       490       491
         2       370       480       490       491
         2       370       480       481       491
         2       371       381       382       492
         2       371       372       382       492
         2       371       372       482       492
         2       371       381       491       492
         2       371       481       491       492
         2       371       481       482       492
         2       372       382       383       493
         2       372       373       383       493
         2       372       373       483       493
         2       372       382       492       493
         2       372       482       492       493
         2       372       482       483       493
         2       373       383       384       494
         2       373       374       384       494
         2       373       374       484       494
         2       373       383       493       494
         2       373       483       493       494
         2       373       483       484       494
         2       374       384       385       495
         2       374       375       385       495
         2       374       375       485       495
         2       374       384       494       495
         2       374       484       494       495
         2       374       484       485       495
         2       375       385       386       496
         2       375       376       386       496
         2       375       376       486       496
         2       375       385       495       496
         2       375       485       495       496
         2       375       485       486       496
         2       376       377       386       487
         2       367       376       377       487
         2       367       376       477       487
         2       376       386       487       496
         2       376       486       487       496
         2       376       477       486       487
         2       277       278       377       388
         2       278       377       378       388
         2       377       378       388       488
         2       277       377       387       388
         2       377       387       388       487
         2       377       388       487       488
         2       278       279       378       389
         2       279       378       379       389
         2       378       379       389       489
         2       278       378       388       389
         2       378       388       389       488
         2       378       389       488       489
         2       279       280       379       390
         2       280       379       380       390
         2       379       380       390       490
         2       279       379       389       390
         2       379       389       390       489
         2       379       390       489       490
         2       280       281       380       391
         2       281       380       381       391
         2       380       381       391       491
         2       280       380       390       391
         2       380       390       391       490
         2       380       391       490       491
         2       281       282       381       392
         2       282       381       382       392
         2       381       382       392       492
         2       281       381       391       392
         2       381       391       392       491
         2       381       392       491       492
         2       282       283       382       393
         2       283       382       383       393
         2       382       383       393       493
         2       282       382       392       393
         2       382       392       393       492
         2       382       393       492       493
         2       283       284       383       394
         2       284       383       384       394
         2       383       384       394       494
         2       283       383       393       394
         2       383       393       394       493
         2       383       394       493       494
         2       284       285       384       395
         2       285       384       385       395
         2       384       385       395       495
         2       284       384       394       395
         2       384       394       395       494
         2       384       395       494       495
         2       285       286       385       396
         2       286       385       386       396
         2       385       386       396       496
         2       285       385       395       396
         2       385       395       396       495
         2       385       396       495       496
         2       277       286       386       387
         2       277       377       386       387
         2       377       386       387       487
         2       286       386       387       396
         2       386       387       396       496
         2       386       387       487       496
         2       387       397       398       508
         2       387       388       398       508
         2       387       388       498       508
         2       387       397       507       508
         2       387       497       507       508
         2       387       497       498       508
         2       388       398       399       509
         2       388       389       399       509
         2       388       389       499       509
         2       388       398       508       509
         2       388       498       508       509
         2       388       498       499       509
         2       389       399       400       510
         2       389       390       400       510
         2       389       390       500       510
         2       389       399       509       510
         2       389       499       509       510
         2       389       499       500       510
         2       390       400       401       511
         2       390       391       401       511
         2       390       391       501       511
         2       390       400       510       511
         2       390       500       510       511
         2       390       500       501       511
         2       391       401       402       512
         2       391       392       402       512
         2       391       392       502       512
         2       391       401       511       512
         2       391       501       511       512
         2       391       501       502       512
         2       392       402       403       513
         2       392       393       403       513
         2       392       393       503       513
         2       392       402       512       513
         2       392       502       512       513
         2       392       502       503       513
         2       393       403       404       514
         2       393       394       404       514
         2       393       394       504       514
         2       393       403       513       514
         2       393       503       513       514
         2       393       503       504       514
         2       394       404       405       515
         2       394       395       405       515
         2       394       395       505       515
         2       394       404       514       515
         2       394       504       514       515
         2       394       504       505       515
         2       395       405       406       516
         2       395       396       406       516
         2       395       396       506       516
         2       395       405       515       516
         2       395       505       515       516
         2       395       505       506       516
         2       396       397       406       507
         2       387       396       397       507
         2       387       396       497       507
         2       396       406       507       516
         2       396       506       507       516
         2       396       497       506       507
         2       397       407       408       518
         2       397       398       408       518
         2       397       398       508       518
         2       397       407       517       518
         2       397       507       517       518
         2       397       507       508       518
         2       398       408       409       519
         2       398       399       409       519
         2       398       399       509       519
         2       398       408       518       519
         2       398       508       518       519
         2       398       508       509       519
         2       399       409       410       520
         2       399       400       410       520
         2       399       400       510       520
         2       399       409       519       520
         2       399       509       519       520
         2       399       509       510       520
         2       400       410       411       521
         2       400       401       411       521
         2       400       401       511       521
         2       400       410       520       521
         2       400       510       520       521
         2       400       510       511       521
         2       401       411       412       522
         2       401       402       412       522
         2       401       402       512       522
         2       401       411       521       522
         2       401       511       521       522
         2       401       511       512       522
         2       402       412       413       523
         2       402       403       413       523
         2       402       403       513       523
         2       402       412       522       523
         2       402       512       522       523
         2       402       512       513       523
         2       403       413       414       524
         2       403       404       414       524
         2       403       404       514       524
         2       403       413       523       524
         2       403       513       523       524
         2       403       513       514       524
         2       404       414       415       525
         2       404       405       415       525
         2       404       405       515       525
         2       404       414       524       525
         2       404       514       524       525
         2       404       514       515       525
         2       405       415       416       526
         2       405       406       416       526
         2       405       406       516       526
         2       405       415       525       526
         2       405       515       525       526
         2       405       515       516       526
         2       406       407       416       517
         2       397       406       407       517
         2       397       406       507       517
         2       406       416       517       526
         2       406       516       517       526
         2       406       507       516       517
         2       407       417       418       528
         2       407       408       418       528
         2       407       408       518       528
         2       407       417       527       528
         2       407       517       527       528
         2       407       517       518       528
         2       408       418       419       529
         2       408       409       419       529
         2       408       409       519       529
         2       408       418       528       529
         2       408       518       528       529
         2       408       518       519       529
         2       409       419       420       530
         2       409       410       420       530
         2       409       410       520       530
         2       409       419       529       530
         2       409       519       529       530
         2       409       519       520       530
         2       410       420       421       531
         2       410       411       421       531
         2       410       411       521       531
         2       410       420       530       531
         2       410       520       530       531
         2       410       520       521       531
         2       411       421       422       532
         2       411       412       422       532
         2       411       412       522       532
         2       411       421       531       532
         2       411       521       531       532
         2       411       521       522       532
         2       412       422       423       533
         2       412       413       423       533
         2       412       413       523       533
         2       412       422       532       533
         2       412       522       532       533
         2       412       522       523       533
         2       413       423       424       534
         2       413       414       424       534
         2       413       414       524       534
         2       413       423       533       534
         2       413       523       533       534
         2       413       523       524       534
         2       414       424       425       535
         2       414       415       425       535
         2       414       415       525       535
         2       414       424       534       535
         2       414       524       534       535
         2       414       524       525       535
         2       415       425       426       536
         2       415       416       426       536
         2       415       416       526       536
         2       415       425       535       536
         2       415       525       535       536
         2       415       525       526       536
         2       416       417       426       527
         2       407       416       417       527
         2       407       416       517       527
         2       416       426       527       536
         2       416       526       527       536
         2       416       517       526       527
         2       417       427       428       538
         2       417       418       428       538
         2       417       418       528       538
         2       417       427       537       538
         2       417       527       537       538
         2       417       527       528       538
         2       418       428       429       539
         2       418       419       429       539
         2       418       419       529       539
         2       418       428       538       539
         2       418       528       538       539
         2       418       528       529       539
         2       419       429       430       540
         2       419       420       430       540
         2       419       420       530       540
         2       419       429       539       540
         2       419       529       539       540
         2       419       529       530       540
         2       420       430       431       541
         2       420       421       431       541
         2       420       421       531       541
         2       420       430       540       541
         2       420       530       540       541
         2       420       530       531       541
         2       421       431       432       542
         2       421       422       432       542
         2       421       422       532       542
         2       421       431       541       542
         2       421       531       541       542
         2       421       531       532       542
         2       422       432       433       543
         2       422       423       433       543
         2       422       423       533       543
         2       422       432       542       543
         2       422       532       542       543
         2       422       532       533       543
         2       423       433       434       544
         2       423       424       434       544
         2       423       424       534       544
         2       423       433       543       544
         2       423       533       543       544
         2       423       533       534       544
         2       424       434       435       545
         2       424       425       435       545
         2       424       425       535       545
         2       424       434       544       545
         2       424       534       544       545
         2       424       534       535       545
         2       425       435       436       546
         2       425       426       436       546
         2       425       426       536       546
         2       425       435       545       546
         2       425       535       545       546
         2       425       535       536       546
         2       426       427       436       537
         2       417       426       427       537
         2       417       426       527       537
         2       426       436       537       546
         2       426       536       537       546
         2       426       527       536       537
         2       427       437       438       548
         2       427       428       438       548
         2       427       428       538       548
         2       427       437       547       548
         2       427       537       547       548
         2       427       537       538       548
         2       428       438       439       549
         2       428       429       439       549
         2       428       429       539       549
         2       428       438       548       549
         2       428       538       548       549
         2       428       538       539       549
         2       429       439       440       550
         2       429       430       440       550
         2       429       430       540       550
         2       429       439       549       550
         2       429       539       549       550
         2       429       539       540       550
         2       430       440       441       551
         2       430       431       441       551
         2       430       431       541       551
         2       430       440       550       551
         2       430       540       550       551
         2       430       540       541       551
         2       431       441       442       552
         2       431       432       442       552
         2       431       432       542       552
         2       431       441       551       552
         2       431       541       551       552
         2       431       541       542       552
         2       432       442       443       553
         2       432       433       443       553
         2       432       433       543       553
         2       432       442       552       553
         2       432       542       552       553
         2       432       542       543       553
         2       433       443       444       554
         2       433       434       444       554
         2       433       434       544       554
         2       433       443       553       554
         2       433       543       553       554
         2       433       543       544       554
         2       434       444       445       555
         2       434       435       445       555
         2       434       435       545       555
         2       434       444       554       555
         2       434       544       554       555
         2       434       544       545       555
         2       435       445       446       556
         2       435       436       446       556
         2       435       436       546       556
         2       435       445       555       556
         2       435       545       555       556
         2       435       545       546       556
         2       436       437       446       547
         2       427       436       437       547
         2       427       436       537       547
         2       436       446       547       556
         2       436       546       547       556
         2       436       537       546       547
         2       437       447       448       558
         2       437       438       448       558
         2       437       438       548       558
         2       437       447       557       558
         2       437       547       557       558
         2       437       547       548       558
         2       438       448       449       559
         2       438       439       449       559
         2       438       439       549       559
         2       438       448       558       559
         2       438       548       558       559
         2       438       548       549       559
         2       439       449       450       560
         2       439       440       450       560
         2       439       440       550       560
         2       439       449       559       560
         2       439       549       559       560
         2       439       549       550       560
         2       440       450       451       561
         2       440       441       451       561
         2       440       441       551       561
         2       440       450       560       561
         2       440       550       560       561
         2       440       550       551       561
         2       441       451       452       562
         2       441       442       452       562
         2       441       442       552       562
         2       441       451       561       562
         2       441       551       561       562
         2       441       551       552       562
         2       442       452       453       563
         2       442       443       453       563
         2       442       443       553       563
         2       442       452       562       563
         2       442       552       562       563
         2       442       552       553       563
         2       443       453       454       564
         2       443       444       454       564
         2       443       444       554       564
         2       443       453       563       564
         2       443       553       563       564
         2       443       553       554       564
         2       444       454       455       565
         2       444       445       455       565
         2       444       445       555       565
         2       444       454       564       565
         2       444       554       564       565
         2       444       554       555       565
         2       445       455       456       566
         2       445       446       456       566
         2       445       446       556       566
         2       445       455       565       566
         2       445       555       565       566
         2       445       555       556       566
         2       446       447       456       557
         2       437       446       447       557
         2       437       446       547       557
         2       446       456       557       566
         2       446       556       557       566
         2       446       547       556       557
         2       447       457       458       568
         2       447       448       458       568
         2       447       448       558       568
         2       447       457       567       568
         2       447       557       567       568
         2       447       557       558       568
         2       448       458       459       569
         2       448       449       459       569
         2       448       449       559       569
         2       448       458       568       569
         2       448       558       568       569
         2       448       558       559       569
         2       449       459       460       570
         2       449       450       460       570
         2       449       450       560       570
         2       449       459       569       570
         2       449       559       569       570
         2       449       559       560       570
         2       450       460       461       571
         2       450       451       461       571
         2       450       451       561       571
         2       450       460       570       571
         2       450       560       570       571
         2       450       560       561       571
         2       451       461       462       572
         2       451       452       462       572
         2       451       452       562       572
         2       451       461       571       572
         2       451       561       571       572
         2       451       561       562       572
         2       452       462       463       573
         2       452       453       463       573
         2       452       453       563       573
         2       452       462       572       573
         2       452       562       572       573
         2       452       562       563       573
         2       453       463       464       574
         2       453       454       464       574
         2       453       454       564       574
         2       453       463       573       574
         2       453       563       573       574
         2       453       563       564       574
         2       454       464       465       575
         2       454       455       465       575
         2       454       455       565       575
         2       454       464       574       575
         2       454       564       574       575
         2       454       564       565       575
         2       455       465       466       576
         2       455       456       466       576
         2       455       456       566       576
         2       455       465       575       576
         2       455       565       575       576
         2       455       565       566       576
         2       456       457       466       567
         2       447       456       457       567
         2       447       456       557       567
         2       456       466       567       576
         2       456       566       567       576
         2       456       557       566       567
         2       457       467       468       578
         2       457       458       468       578
         2       457       458       568       578
         2       457       467       577       578
         2       457       567       577       578
         2       457       567       568       578
         2       458       468       469       579
         2       458       459       469       579
         2       458       459       569       579
         2       458       468       578       579
         2       458       568       578       579
         2       458       568       569       579
         2       459       469       470       580
         2       459       460       470       580
         2       459       460       570       580
         2       459       469       579       580
         2       459       569       579       580
         2       459       569       570       580
         2       460       470       471       581
         2       460       461       471       581
         2       460       461       571       581
         2       460       470       580       581
         2       460       570       580       581
         2       460       570       571       581
         2       461       471       472       582
         2       461       462       472       582
         2       461       462       572       582
         2       461       471       581       582
         2       461       571       581       582
         2       461       571       572       582
         2       462       472       473       583
         2       462       463       473       583
         2       462       463       573       583
         2       462       472       582       583
         2       462       572       582       583
         2       462       572       573       583
         2       463       473       474       584
         2       463       464       474       584
         2       463       464       574       584
         2       463       473       583       584
         2       463       573       583       584
         2       463       573       574       584
         2       464       474       475       585
         2       464       465       475       585
         2       464       465       575       585
         2       464       474       584       585
         2       464       574       584       585
         2       464       574       575       585
         2       465       475       476       586
         2       465       466       476       586
         2       465       466       576       586
         2       465       475       585       586
         2       465       575       585       586
         2       465       575       576       586
         2       466       467       476       577
         2       457       466       467       577
         2       457       466       567       577
         2       466       476       577       586
         2       466       576       577       586
         2       466       567       576       577
         2       467       477       478       588
         2       467       468       478       588
         2       467       468       578       588
         2       467       477       587       588
         2       467       577       587       588
         2       467       577       578       588
         2       468       478       479       589
         2       468       469       479       589
         2       468       469       579       589
         2       468       478       588       589
         2       468       578       588       589
         2       468       578       579       589
         2       469       479       480       590
         2       469       470       480       590
         2       469       470       580       590
         2       469       479       589       590
         2       469       579       589       590
         2       469       579       580       590
         2       470       480       481       591
         2       470       471       481       591
         2       470       471       581       591
         2       470       480       590       591
         2       470       580       590       591
         2       470       580       581       591
         2       471       481       482       592
         2       471       472       482       592
         2       471       472       582       592
         2       471       481       591       592
         2       471       581       591       592
         2       471       581       582       592
         2       472       482       483       593
         2       472       473       483       593
         2       472       473       583       593
         2       472       482       592       593
         2       472       582       592       593
         2       472       582       583       593
         2       473       483       484       594
         2       473       474       484       594
         2       473       474       584       594
         2       473       483       593       594
         2       473       583       593       594
         2       473       583       584       594
         2       474       484       485       595
         2       474       475       485       595
         2       474       475       585       595
         2       474       484       594       595
         2       474       584       594       595
         2       474       584       585       595
         2       475       485       486       596
         2       475       476       486       596
         2       475       476       586       596
         2       475       485       595       596
         2       475       585       595       596
         2       475       585       586       596
         2       476       477       486       587
         2       467       476       477       587
         2       467       476       577       587
         2       476       486       587       596
         2       476       586       587       596
         2       476       577       586       587
         2       477       487       488       598
         2       477       478       488       598
         2       477       478       588       598
         2       477       487       597       598
         2       477       587       597       598
         2       477       587       588       598
         2       478       488       489       599
         2       478       479       489       599
         2       478       479       589       599
         2       478       488       598       599
         2       478       588       598       599
         2       478       588       589       599
         2       479       489       490       600
         2       479       480       490       600
         2       479       480       590       600
         2       479       489       599       600
         2       479       589       599       600
         2       479       589       590       600
         2       480       490       491       601
         2       480       481       491       601
         2       480       481       591       601
         2       480       490       600       601
         2       480       590       600       601
         2       480       590       591       601
         2       481       491       492       602
         2       481       482       492       602
         2       481       482       592       602
         2       481       491       601       602
         2       481       591       601       602
         2       481       591       592       602
         2       482       492       493       603
         2       482       483       493       603
         2       482       483       593       603
         2       482       492       602       603
         2       482       592       602       603
         2       482       592       593       603
         2       483       493       494       604
         2       483       484       494       604
         2       483       484       594       604
         2       483       493       603       604
         2       483       593       603       604
         2       483       593       594       604
         2       484       494       495       605
         2       484       485       495       605
         2       484       485       595       605
         2       484       494       604       605
         2       484       594       604       605
         2       484       594       595       605
         2       485       495       496       606
         2       485       486       496       606
         2       485       486       596       606
         2       485       495       605       606
         2       485       595       605       606
         2       485       595       596       606
         2       486       487       496       597
         2       477       486       487       597
         2       477       486       587       597
         2       486       496       597       606
         2       486       596       597       606
         2       486       587       596       597
         2       387       388       487       498
         2       388       487       488       498
         2       487       488       498       598
         2       387       487       497       498
         2       487       497       498       597
         2       487       498       597       598
         2       388       389       488       499
         2       389       488       489       499
         2       488       489       499       599
         2       388       488       498       499
         2       488       498       499       598
         2       488       499       598       599
         2       389       390       489       500
         2       390       489       490       500
         2       489       490       500       600
         2       389       489       499       500
         2       489       499       500       599
         2       489       500       599       600
         2       390       391       490       501
         2       391       490       491       501
         2       490       491       501       601
         2       390       490       500       501
         2       490       500       501       600
         2       490       501       600       601
         2       391       392       491       502
         2       392       491       492       502
         2       491       492       502       602
         2       391       491       501       502
         2       491       501       502       601
         2       491       502       601       602
         2       392       393       492       503
         2       393       492       493       503
         2       492       493       503       603
         2       392       492       502       503
         2       492       502       503       602
         2       492       503       602       603
         2       393       394       493       504
         2       394       493       494       504
         2       493       494       504       604
         2       393       493       503       504
         2       493       503       504       603
         2       493       504       603       604
         2       394       395       494       505
         2       395       494       495       505
         2       494       495       505       605
         2       394       494       504       505
         2       494       504       505       604
         2       494       505       604       605
         2       395       396       495       506
         2       396       495       496       506
         2       495       496       506       606
         2       395       495       505       506
         2       495       505       506       605
         2       495       506       605       606
         2       387       396       496       497
         2       387       487       496       497
         2       487       496       497       597
         2       396       496       497       506
         2       496       497       506       606
         2       496       497       597       606
         2       497       507       508       606
         2       497       498       508       606
         2       497       498       506       606
         2       497       507       597       606
         2       497       497       597       606
         2       497       497       506       606
         2       498       508       509       605
         2       498       499       509       605
         2       498       499       505       605
         2       498       508       605       606
         2       498       506       605       606
         2       498       505       506       605
         2       499       509       510       604
         2       499       500       510       604
         2       499       500       504       604
         2       499       509       604       605
         2       499       505       604       605
         2       499       504       505       604
         2       500       510       511       603
         2       500       501       511       603
         2       500       501       503       603
         2       500       510       603       604
         2       500       504       603       604
         2       500       503       504       603
         2       501       511       512       602
         2       501       502       512       602
         2       501       502       502       602
         2       501       511       602       603
         2       501       503       602       603
         2       501       502       503       602
         2       502       512       513       601
         2       502       503       513       601
         2       501       502       503       601
         2       502       512       601       602
         2       502       502       601       602
         2       501       502       502       601
         2       503       513       514       600
         2       503       504       514       600
         2       500       503       504       600
         2       503       513       600       601
         2       501       503       600       601
         2       500       501       503       600
         2       504       514       515       599
         2       504       505       515       599
         2       499       504       505       599
         2       504       514       599       600
         2       500       504       599       600
         2       499       500       504       599
         2       505       515       516       598
         2       505       506       516       598
         2       498       505       506       598
         2       505       515       598       599
         2       499       505       598       599
         2       498       499       505       598
         2       506       507       516       597
         2       497       506       507       597
         2       497       497       506       597
         2       506       516       597       598
         2       498       506       597       598
         2       497       498       506       597
         2       507       517       518       596
         2       507       508       518       596
         2       507       508       596       606
         2       507       517       587       596
         2       507       587       596       597
         2       507       596       597       606
         2       508       518       519       595
         2       508       509       519       595
         2       508       509       595       605
         2       508       518       595       596
         2       508       595       596       606
         2       508       595       605       606
         2       509       519       520       594
         2       509       510       520       594
         2       509       510       594       604
         2       509       519       594       595
         2       509       594       595       605
         2       509       594       604       605
         2       510       520       521       593
         2       510       511       521       593
         2       510       511       593       603
         2       510       520       593       594
         2       510       593       594       604
         2       510       593       603       604
         2       511       521       522       592
         2       511       512       522       592
         2       511       512       592       602
         2       511       521       592       593
         2       511       592       593       603
         2       511       592       602       603
         2       512       522       523       591
         2       512       513       523       591
         2       512       513       591       601
         2       512       522       591       592
         2       512       591       592       602
         2       512       591       601       602
         2       513       523       524       590
         2       513       514       524       590
         2       513       514       590       600
         2       513       523       590       591
         2       513       590       591       601
         2       513       590       600       601
         2       514       524       525       589
         2       514       515       525       589
         2       514       515       589       599
         2       514       524       589       590
         2       514       589       590       600
         2       514       589       599       600
         2       515       525       526       588
         2       515       516       526       588
         2       515       516       588       598
         2       515       525       588       589
         2       515       588       589       599
         2       515       588       598       599
         2       516       517       526       587
         2       507       516       517       587
         2       507       516       587       597
         2       516       526       587       588
         2       516       587       588       598
         2       516       587       597       598
         2       517       527       528       586
         2       517       518       528       586
         2       517       518       586       596
         2       517       527       577       586
         2       517       577       586       587
         2       517       586       587       596
         2       518       528       529       585
         2       518       519       529       585
         2       518       519       585       595
         2       518       528       585       586
         2       518       585       586       596
         2       518       585       595       596
         2       519       529       530       584
         2       519       520       530       584
         2       519       520       584       594
         2       519       529       584       585
         2       519       584       585       595
         2       519       584       594       595
         2       520       530       531       583
         2       520       521       531       583
         2       520       521       583       593
         2       520       530       583       584
         2       520       583       584       594
         2       520       583       593       594
         2       521       531       532       582
         2       521       522       532       582
         2       521       522       582       592
         2       521       531       582       583
         2       521       582       583       593
         2       521       582       592       593
         2       522       532       533       581
         2       522       523       533       581
         2       522       523       581       591
         2       522       532       581       582
         2       522       581       582       592
         2       522       581       591       592
         2       523       533       534       580
         2       523       524       534       580
         2       523       524       580       590
         2       523       533       580       581
         2       523       580       581       591
         2       523       580       590       591
         2       524       534       535       579
         2       524       525       535       579
         2       524       525       579       589
         2       524       534       579       580
         2       524       579       580       590
         2       524       579       589       590
         2       525       535       536       578
         2       525       526       536       578
         2       525       526       578       588
         2       525       535       578       579
         2       525       578       579       589
         2       525       578       588       589
         2       526       527       536       577
         2       517       526       527       577
         2       517       526       577       587
         2       526       536       577       578
         2       526       577       578       588
         2       526       577       587       588
         2       527       537       538       576
         2       527       528       538       576
         2       527       528       576       586
         2       527       537       567       576
         2       527       567       576       577
         2       527       576       577       586
         2       528       538       539       575
         2       528       529       539       575
         2       528       529       575       585
         2       528       538       575       576
         2       528       575       576       586
         2       528       575       585       586
         2       529       539       540       574
         2       529       530       540       574
         2       529       530       574       584
         2       529       539       574       575
         2       529       574       575       585
         2       529       574       584       585
         2       530       540       541       573
         2       530       531       541       573
         2       530       531       573       583
         2       530       540       573       574
         2       530       573       574       584
         2       530       573       583       584
         2       531       541       542       572
         2       531       532       542       572
         2       531       532       572       582
         2       531       541       572       573
         2       531       572       573       583
         2       531       572       582       583
         2       532       542       543       571
         2       532       533       543       571
         2       532       533       571       581
         2       532       542       571       572
         2       532       571       572       582
         2       532       571       581       582
         2       533       543       544       570
         2       533       534       544       570
         2       533       534       570       580
         2       533       543       570       571
         2       533       570       571       581
         2       533       570       580       581
         2       534       544       545       569
         2       534       535       545       569
         2       534       535       569       579
         2       534       544       569       570
         2       534       569       570       580
         2       534       569       579       580
         2       535       545       546       568
         2       535       536       546       568
         2       535       536       568       578
         2       535       545       568       569
         2       535       568       569       579
         2       535       568       578       579
         2       536       537       546       567
         2       527       536       537       567
         2       527       536       567       577
         2       536       546       567       568
         2       536       567       568       578
         2       536       567       577       578
         2       537       547       548       566
         2       537       538       548       566
         2       537       538       566       576
         2       537       547       557       566
         2       537       557       566       567
         2       537       566       567       576
         2       538       548       549       565
         2       538       539       549       565
         2       538       539       565       575
         2       538       548       565       566
         2       538       565       566       576
         2       538       565       575       576
         2       539       549       550       564
         2       539       540       550       564
         2       539       540       564       574
         2       539       549       564       565
         2       539       564       565       575
         2       539       564       574       575
         2       540       550       551       563
         2       540       541       551       563
         2       540       541       563       573
         2       540       550       563       564
         2       540       563       564       574
         2       540       563       573       574
         2       541       551       552       562
         2       541       542       552       562
         2       541       542       562       572
         2       541       551       562       563
         2       541       562       563       573
         2       541       562       572       573
         2       542       552       553       561
         2       542       543       553       561
         2       542       543       561       571
         2       542       552       561       562
         2       542       561       562       572
         2       542       561       571       572
         2       543       553       554       560
         2       543       544       554       560
         2       543       544       560       570
         2       543       553       560       561
         2       543       560       561       571
         2       543       560       570       571
         2       544       554       555       559
         2       544       545       555       559
         2       544       545       559       569
         2       544       554       559       560
         2       544       559       560       570
         2       544       559       569       570
         2       545       555       556       558
         2       545       546       556       558
         2       545       546       558       568
         2       545       555       558       559
         2       545       558       559       569
         2       545       558       568       569
         2       546       547       556       557
         2       537       546       547       557
         2       537       546       557       567
         2       546       556       557       558
         2       546       557       558       568
         2       546       557       567       568
         2       547       556       557       558
         2       547       548       556       558
         2       547       548       556       566
         4       547       547       556       557
         2       547       556       557       566
         2       548       555       558       559
         2       548       549       555       559
         2       548       549       555       565
         2       548       555       556       558
         2       548       555       556       566
         2       548       555       565       566
         2       549       554       559       560
         2       549       550       554       560
         2       549       550       554       564
         2       549       554       555       559
         2       549       554       555       565
         2       549       554       564       565
         2       550       553       560       561
         2       550       551       553       561
         2       550       551       553       563
         2       550       553       554       560
         2       550       553       554       564
         2       550       553       563       564
         2       551       552       561       562
         4       551       552       552       562
         2       551       552       553       561
         2       551       552       553       563
         2       551       552       562       563
