Automatically generated mesh
     662
Reciprocal lattice
    0.00000000000000    0.00000000000000    0.00000000000000             1
    0.09090909090909    0.00000000000000    0.00000000000000             2
    0.18181818181818    0.00000000000000    0.00000000000000             2
    0.27272727272727    0.00000000000000    0.00000000000000             2
    0.36363636363636    0.00000000000000    0.00000000000000             2
    0.45454545454545    0.00000000000000    0.00000000000000             2
    0.00000000000000    0.08333333333333    0.00000000000000             2
    0.09090909090909    0.08333333333333    0.00000000000000             2
    0.18181818181818    0.08333333333333    0.00000000000000             2
    0.27272727272727    0.08333333333333    0.00000000000000             2
    0.36363636363636    0.08333333333333    0.00000000000000             2
    0.45454545454545    0.08333333333333    0.00000000000000             2
   -0.45454545454545    0.08333333333333   -0.00000000000000             2
   -0.36363636363636    0.08333333333333    0.00000000000000             2
   -0.27272727272727    0.08333333333333    0.00000000000000             2
   -0.18181818181818    0.08333333333333   -0.00000000000000             2
   -0.09090909090909    0.08333333333333    0.00000000000000             2
    0.00000000000000    0.16666666666667    0.00000000000000             2
    0.09090909090909    0.16666666666667    0.00000000000000             2
    0.18181818181818    0.16666666666667    0.00000000000000             2
    0.27272727272727    0.16666666666667    0.00000000000000             2
    0.36363636363636    0.16666666666667    0.00000000000000             2
    0.45454545454545    0.16666666666667    0.00000000000000             2
   -0.45454545454545    0.16666666666667   -0.00000000000000             2
   -0.36363636363636    0.16666666666667   -0.00000000000000             2
   -0.27272727272727    0.16666666666667    0.00000000000000             2
   -0.18181818181818    0.16666666666667    0.00000000000000             2
   -0.09090909090909    0.16666666666667    0.00000000000000             2
    0.00000000000000    0.25000000000000    0.00000000000000             2
    0.09090909090909    0.25000000000000    0.00000000000000             2
    0.18181818181818    0.25000000000000    0.00000000000000             2
    0.27272727272727    0.25000000000000    0.00000000000000             2
    0.36363636363636    0.25000000000000    0.00000000000000             2
    0.45454545454545    0.25000000000000    0.00000000000000             2
   -0.45454545454545    0.25000000000000   -0.00000000000000             2
   -0.36363636363636    0.25000000000000    0.00000000000000             2
   -0.27272727272727    0.25000000000000    0.00000000000000             2
   -0.18181818181818    0.25000000000000   -0.00000000000000             2
   -0.09090909090909    0.25000000000000    0.00000000000000             2
    0.00000000000000    0.33333333333333    0.00000000000000             2
    0.09090909090909    0.33333333333333    0.00000000000000             2
    0.18181818181818    0.33333333333333    0.00000000000000             2
    0.27272727272727    0.33333333333333    0.00000000000000             2
    0.36363636363636    0.33333333333333    0.00000000000000             2
    0.45454545454545    0.33333333333333    0.00000000000000             2
   -0.45454545454545    0.33333333333333    0.00000000000000             2
   -0.36363636363636    0.33333333333333    0.00000000000000             2
   -0.27272727272727    0.33333333333333    0.00000000000000             2
   -0.18181818181818    0.33333333333333    0.00000000000000             2
   -0.09090909090909    0.33333333333333    0.00000000000000             2
    0.00000000000000    0.41666666666667    0.00000000000000             2
    0.09090909090909    0.41666666666667    0.00000000000000             2
    0.18181818181818    0.41666666666667    0.00000000000000             2
    0.27272727272727    0.41666666666667    0.00000000000000             2
    0.36363636363636    0.41666666666667    0.00000000000000             2
    0.45454545454545    0.41666666666667   -0.00000000000000             2
   -0.45454545454545    0.41666666666667   -0.00000000000000             2
   -0.36363636363636    0.41666666666667   -0.00000000000000             2
   -0.27272727272727    0.41666666666667    0.00000000000000             2
   -0.18181818181818    0.41666666666667    0.00000000000000             2
   -0.09090909090909    0.41666666666667    0.00000000000000             2
    0.00000000000000    0.50000000000000    0.00000000000000             1
    0.09090909090909    0.50000000000000    0.00000000000000             2
    0.18181818181818    0.50000000000000    0.00000000000000             2
    0.27272727272727    0.50000000000000   -0.00000000000000             2
    0.36363636363636    0.50000000000000    0.00000000000000             2
    0.45454545454545    0.50000000000000    0.00000000000000             2
    0.00000000000000    0.00000000000000    0.10000000000000             2
    0.09090909090909    0.00000000000000    0.10000000000000             2
    0.18181818181818    0.00000000000000    0.10000000000000             2
    0.27272727272727    0.00000000000000    0.10000000000000             2
    0.36363636363636    0.00000000000000    0.10000000000000             2
    0.45454545454545    0.00000000000000    0.10000000000000             2
   -0.45454545454545    0.00000000000000    0.10000000000000             2
   -0.36363636363636    0.00000000000000    0.10000000000000             2
   -0.27272727272727    0.00000000000000    0.10000000000000             2
   -0.18181818181818    0.00000000000000    0.10000000000000             2
   -0.09090909090909    0.00000000000000    0.10000000000000             2
    0.00000000000000    0.08333333333333    0.10000000000000             2
    0.09090909090909    0.08333333333333    0.10000000000000             2
    0.18181818181818    0.08333333333333    0.10000000000000             2
    0.27272727272727    0.08333333333333    0.10000000000000             2
    0.36363636363636    0.08333333333333    0.10000000000000             2
    0.45454545454545    0.08333333333333    0.10000000000000             2
   -0.45454545454545    0.08333333333333    0.10000000000000             2
   -0.36363636363636    0.08333333333333    0.10000000000000             2
   -0.27272727272727    0.08333333333333    0.10000000000000             2
   -0.18181818181818    0.08333333333333    0.10000000000000             2
   -0.09090909090909    0.08333333333333    0.10000000000000             2
    0.00000000000000    0.16666666666667    0.10000000000000             2
    0.09090909090909    0.16666666666667    0.10000000000000             2
    0.18181818181818    0.16666666666667    0.10000000000000             2
    0.27272727272727    0.16666666666667    0.10000000000000             2
    0.36363636363636    0.16666666666667    0.10000000000000             2
    0.45454545454545    0.16666666666667    0.10000000000000             2
   -0.45454545454545    0.16666666666667    0.10000000000000             2
   -0.36363636363636    0.16666666666667    0.10000000000000             2
   -0.27272727272727    0.16666666666667    0.10000000000000             2
   -0.18181818181818    0.16666666666667    0.10000000000000             2
   -0.09090909090909    0.16666666666667    0.10000000000000             2
    0.00000000000000    0.25000000000000    0.10000000000000             2
    0.09090909090909    0.25000000000000    0.10000000000000             2
    0.18181818181818    0.25000000000000    0.10000000000000             2
    0.27272727272727    0.25000000000000    0.10000000000000             2
    0.36363636363636    0.25000000000000    0.10000000000000             2
    0.45454545454545    0.25000000000000    0.10000000000000             2
   -0.45454545454545    0.25000000000000    0.10000000000000             2
   -0.36363636363636    0.25000000000000    0.10000000000000             2
   -0.27272727272727    0.25000000000000    0.10000000000000             2
   -0.18181818181818    0.25000000000000    0.10000000000000             2
   -0.09090909090909    0.25000000000000    0.10000000000000             2
    0.00000000000000    0.33333333333333    0.10000000000000             2
    0.09090909090909    0.33333333333333    0.10000000000000             2
    0.18181818181818    0.33333333333333    0.10000000000000             2
    0.27272727272727    0.33333333333333    0.10000000000000             2
    0.36363636363636    0.33333333333333    0.10000000000000             2
    0.45454545454545    0.33333333333333    0.10000000000000             2
   -0.45454545454545    0.33333333333333    0.10000000000000             2
   -0.36363636363636    0.33333333333333    0.10000000000000             2
   -0.27272727272727    0.33333333333333    0.10000000000000             2
   -0.18181818181818    0.33333333333333    0.10000000000000             2
   -0.09090909090909    0.33333333333333    0.10000000000000             2
    0.00000000000000    0.41666666666667    0.10000000000000             2
    0.09090909090909    0.41666666666667    0.10000000000000             2
    0.18181818181818    0.41666666666667    0.10000000000000             2
    0.27272727272727    0.41666666666667    0.10000000000000             2
    0.36363636363636    0.41666666666667    0.10000000000000             2
    0.45454545454545    0.41666666666667    0.10000000000000             2
   -0.45454545454545    0.41666666666667    0.10000000000000             2
   -0.36363636363636    0.41666666666667    0.10000000000000             2
   -0.27272727272727    0.41666666666667    0.10000000000000             2
   -0.18181818181818    0.41666666666667    0.10000000000000             2
   -0.09090909090909    0.41666666666667    0.10000000000000             2
    0.00000000000000    0.50000000000000    0.10000000000000             2
    0.09090909090909    0.50000000000000    0.10000000000000             2
    0.18181818181818    0.50000000000000    0.10000000000000             2
    0.27272727272727    0.50000000000000    0.10000000000000             2
    0.36363636363636    0.50000000000000    0.10000000000000             2
    0.45454545454545    0.50000000000000    0.10000000000000             2
   -0.45454545454545    0.50000000000000    0.10000000000000             2
   -0.36363636363636    0.50000000000000    0.10000000000000             2
   -0.27272727272727    0.50000000000000    0.10000000000000             2
   -0.18181818181818    0.50000000000000    0.10000000000000             2
   -0.09090909090909    0.50000000000000    0.10000000000000             2
    0.00000000000000   -0.41666666666667    0.10000000000000             2
    0.09090909090909   -0.41666666666667    0.10000000000000             2
    0.18181818181818   -0.41666666666667    0.10000000000000             2
    0.27272727272727   -0.41666666666667    0.10000000000000             2
    0.36363636363636   -0.41666666666667    0.10000000000000             2
    0.45454545454545   -0.41666666666667    0.10000000000000             2
   -0.45454545454545   -0.41666666666667    0.10000000000000             2
   -0.36363636363636   -0.41666666666667    0.10000000000000             2
   -0.27272727272727   -0.41666666666667    0.10000000000000             2
   -0.18181818181818   -0.41666666666667    0.10000000000000             2
   -0.09090909090909   -0.41666666666667    0.10000000000000             2
    0.00000000000000   -0.33333333333333    0.10000000000000             2
    0.09090909090909   -0.33333333333333    0.10000000000000             2
    0.18181818181818   -0.33333333333333    0.10000000000000             2
    0.27272727272727   -0.33333333333333    0.10000000000000             2
    0.36363636363636   -0.33333333333333    0.10000000000000             2
    0.45454545454545   -0.33333333333333    0.10000000000000             2
   -0.45454545454545   -0.33333333333333    0.10000000000000             2
   -0.36363636363636   -0.33333333333333    0.10000000000000             2
   -0.27272727272727   -0.33333333333333    0.10000000000000             2
   -0.18181818181818   -0.33333333333333    0.10000000000000             2
   -0.09090909090909   -0.33333333333333    0.10000000000000             2
    0.00000000000000   -0.25000000000000    0.10000000000000             2
    0.09090909090909   -0.25000000000000    0.10000000000000             2
    0.18181818181818   -0.25000000000000    0.10000000000000             2
    0.27272727272727   -0.25000000000000    0.10000000000000             2
    0.36363636363636   -0.25000000000000    0.10000000000000             2
    0.45454545454545   -0.25000000000000    0.10000000000000             2
   -0.45454545454545   -0.25000000000000    0.10000000000000             2
   -0.36363636363636   -0.25000000000000    0.10000000000000             2
   -0.27272727272727   -0.25000000000000    0.10000000000000             2
   -0.18181818181818   -0.25000000000000    0.10000000000000             2
   -0.09090909090909   -0.25000000000000    0.10000000000000             2
    0.00000000000000   -0.16666666666667    0.10000000000000             2
    0.09090909090909   -0.16666666666667    0.10000000000000             2
    0.18181818181818   -0.16666666666667    0.10000000000000             2
    0.27272727272727   -0.16666666666667    0.10000000000000             2
    0.36363636363636   -0.16666666666667    0.10000000000000             2
    0.45454545454545   -0.16666666666667    0.10000000000000             2
   -0.45454545454545   -0.16666666666667    0.10000000000000             2
   -0.36363636363636   -0.16666666666667    0.10000000000000             2
   -0.27272727272727   -0.16666666666667    0.10000000000000             2
   -0.18181818181818   -0.16666666666667    0.10000000000000             2
   -0.09090909090909   -0.16666666666667    0.10000000000000             2
    0.00000000000000   -0.08333333333333    0.10000000000000             2
    0.09090909090909   -0.08333333333333    0.10000000000000             2
    0.18181818181818   -0.08333333333333    0.10000000000000             2
    0.27272727272727   -0.08333333333333    0.10000000000000             2
    0.36363636363636   -0.08333333333333    0.10000000000000             2
    0.45454545454545   -0.08333333333333    0.10000000000000             2
   -0.45454545454545   -0.08333333333333    0.10000000000000             2
   -0.36363636363636   -0.08333333333333    0.10000000000000             2
   -0.27272727272727   -0.08333333333333    0.10000000000000             2
   -0.18181818181818   -0.08333333333333    0.10000000000000             2
   -0.09090909090909   -0.08333333333333    0.10000000000000             2
    0.00000000000000    0.00000000000000    0.20000000000000             2
    0.09090909090909    0.00000000000000    0.20000000000000             2
    0.18181818181818    0.00000000000000    0.20000000000000             2
    0.27272727272727    0.00000000000000    0.20000000000000             2
    0.36363636363636    0.00000000000000    0.20000000000000             2
    0.45454545454545    0.00000000000000    0.20000000000000             2
   -0.45454545454545    0.00000000000000    0.20000000000000             2
   -0.36363636363636    0.00000000000000    0.20000000000000             2
   -0.27272727272727    0.00000000000000    0.20000000000000             2
   -0.18181818181818    0.00000000000000    0.20000000000000             2
   -0.09090909090909    0.00000000000000    0.20000000000000             2
    0.00000000000000    0.08333333333333    0.20000000000000             2
    0.09090909090909    0.08333333333333    0.20000000000000             2
    0.18181818181818    0.08333333333333    0.20000000000000             2
    0.27272727272727    0.08333333333333    0.20000000000000             2
    0.36363636363636    0.08333333333333    0.20000000000000             2
    0.45454545454545    0.08333333333333    0.20000000000000             2
   -0.45454545454545    0.08333333333333    0.20000000000000             2
   -0.36363636363636    0.08333333333333    0.20000000000000             2
   -0.27272727272727    0.08333333333333    0.20000000000000             2
   -0.18181818181818    0.08333333333333    0.20000000000000             2
   -0.09090909090909    0.08333333333333    0.20000000000000             2
    0.00000000000000    0.16666666666667    0.20000000000000             2
    0.09090909090909    0.16666666666667    0.20000000000000             2
    0.18181818181818    0.16666666666667    0.20000000000000             2
    0.27272727272727    0.16666666666667    0.20000000000000             2
    0.36363636363636    0.16666666666667    0.20000000000000             2
    0.45454545454545    0.16666666666667    0.20000000000000             2
   -0.45454545454545    0.16666666666667    0.20000000000000             2
   -0.36363636363636    0.16666666666667    0.20000000000000             2
   -0.27272727272727    0.16666666666667    0.20000000000000             2
   -0.18181818181818    0.16666666666667    0.20000000000000             2
   -0.09090909090909    0.16666666666667    0.20000000000000             2
    0.00000000000000    0.25000000000000    0.20000000000000             2
    0.09090909090909    0.25000000000000    0.20000000000000             2
    0.18181818181818    0.25000000000000    0.20000000000000             2
    0.27272727272727    0.25000000000000    0.20000000000000             2
    0.36363636363636    0.25000000000000    0.20000000000000             2
    0.45454545454545    0.25000000000000    0.20000000000000             2
   -0.45454545454545    0.25000000000000    0.20000000000000             2
   -0.36363636363636    0.25000000000000    0.20000000000000             2
   -0.27272727272727    0.25000000000000    0.20000000000000             2
   -0.18181818181818    0.25000000000000    0.20000000000000             2
   -0.09090909090909    0.25000000000000    0.20000000000000             2
    0.00000000000000    0.33333333333333    0.20000000000000             2
    0.09090909090909    0.33333333333333    0.20000000000000             2
    0.18181818181818    0.33333333333333    0.20000000000000             2
    0.27272727272727    0.33333333333333    0.20000000000000             2
    0.36363636363636    0.33333333333333    0.20000000000000             2
    0.45454545454545    0.33333333333333    0.20000000000000             2
   -0.45454545454545    0.33333333333333    0.20000000000000             2
   -0.36363636363636    0.33333333333333    0.20000000000000             2
   -0.27272727272727    0.33333333333333    0.20000000000000             2
   -0.18181818181818    0.33333333333333    0.20000000000000             2
   -0.09090909090909    0.33333333333333    0.20000000000000             2
    0.00000000000000    0.41666666666667    0.20000000000000             2
    0.09090909090909    0.41666666666667    0.20000000000000             2
    0.18181818181818    0.41666666666667    0.20000000000000             2
    0.27272727272727    0.41666666666667    0.20000000000000             2
    0.36363636363636    0.41666666666667    0.20000000000000             2
    0.45454545454545    0.41666666666667    0.20000000000000             2
   -0.45454545454545    0.41666666666667    0.20000000000000             2
   -0.36363636363636    0.41666666666667    0.20000000000000             2
   -0.27272727272727    0.41666666666667    0.20000000000000             2
   -0.18181818181818    0.41666666666667    0.20000000000000             2
   -0.09090909090909    0.41666666666667    0.20000000000000             2
    0.00000000000000    0.50000000000000    0.20000000000000             2
    0.09090909090909    0.50000000000000    0.20000000000000             2
    0.18181818181818    0.50000000000000    0.20000000000000             2
    0.27272727272727    0.50000000000000    0.20000000000000             2
    0.36363636363636    0.50000000000000    0.20000000000000             2
    0.45454545454545    0.50000000000000    0.20000000000000             2
   -0.45454545454545    0.50000000000000    0.20000000000000             2
   -0.36363636363636    0.50000000000000    0.20000000000000             2
   -0.27272727272727    0.50000000000000    0.20000000000000             2
   -0.18181818181818    0.50000000000000    0.20000000000000             2
   -0.09090909090909    0.50000000000000    0.20000000000000             2
    0.00000000000000   -0.41666666666667    0.20000000000000             2
    0.09090909090909   -0.41666666666667    0.20000000000000             2
    0.18181818181818   -0.41666666666667    0.20000000000000             2
    0.27272727272727   -0.41666666666667    0.20000000000000             2
    0.36363636363636   -0.41666666666667    0.20000000000000             2
    0.45454545454545   -0.41666666666667    0.20000000000000             2
   -0.45454545454545   -0.41666666666667    0.20000000000000             2
   -0.36363636363636   -0.41666666666667    0.20000000000000             2
   -0.27272727272727   -0.41666666666667    0.20000000000000             2
   -0.18181818181818   -0.41666666666667    0.20000000000000             2
   -0.09090909090909   -0.41666666666667    0.20000000000000             2
    0.00000000000000   -0.33333333333333    0.20000000000000             2
    0.09090909090909   -0.33333333333333    0.20000000000000             2
    0.18181818181818   -0.33333333333333    0.20000000000000             2
    0.27272727272727   -0.33333333333333    0.20000000000000             2
    0.36363636363636   -0.33333333333333    0.20000000000000             2
    0.45454545454545   -0.33333333333333    0.20000000000000             2
   -0.45454545454545   -0.33333333333333    0.20000000000000             2
   -0.36363636363636   -0.33333333333333    0.20000000000000             2
   -0.27272727272727   -0.33333333333333    0.20000000000000             2
   -0.18181818181818   -0.33333333333333    0.20000000000000             2
   -0.09090909090909   -0.33333333333333    0.20000000000000             2
    0.00000000000000   -0.25000000000000    0.20000000000000             2
    0.09090909090909   -0.25000000000000    0.20000000000000             2
    0.18181818181818   -0.25000000000000    0.20000000000000             2
    0.27272727272727   -0.25000000000000    0.20000000000000             2
    0.36363636363636   -0.25000000000000    0.20000000000000             2
    0.45454545454545   -0.25000000000000    0.20000000000000             2
   -0.45454545454545   -0.25000000000000    0.20000000000000             2
   -0.36363636363636   -0.25000000000000    0.20000000000000             2
   -0.27272727272727   -0.25000000000000    0.20000000000000             2
   -0.18181818181818   -0.25000000000000    0.20000000000000             2
   -0.09090909090909   -0.25000000000000    0.20000000000000             2
    0.00000000000000   -0.16666666666667    0.20000000000000             2
    0.09090909090909   -0.16666666666667    0.20000000000000             2
    0.18181818181818   -0.16666666666667    0.20000000000000             2
    0.27272727272727   -0.16666666666667    0.20000000000000             2
    0.36363636363636   -0.16666666666667    0.20000000000000             2
    0.45454545454545   -0.16666666666667    0.20000000000000             2
   -0.45454545454545   -0.16666666666667    0.20000000000000             2
   -0.36363636363636   -0.16666666666667    0.20000000000000             2
   -0.27272727272727   -0.16666666666667    0.20000000000000             2
   -0.18181818181818   -0.16666666666667    0.20000000000000             2
   -0.09090909090909   -0.16666666666667    0.20000000000000             2
    0.00000000000000   -0.08333333333333    0.20000000000000             2
    0.09090909090909   -0.08333333333333    0.20000000000000             2
    0.18181818181818   -0.08333333333333    0.20000000000000             2
    0.27272727272727   -0.08333333333333    0.20000000000000             2
    0.36363636363636   -0.08333333333333    0.20000000000000             2
    0.45454545454545   -0.08333333333333    0.20000000000000             2
   -0.45454545454545   -0.08333333333333    0.20000000000000             2
   -0.36363636363636   -0.08333333333333    0.20000000000000             2
   -0.27272727272727   -0.08333333333333    0.20000000000000             2
   -0.18181818181818   -0.08333333333333    0.20000000000000             2
   -0.09090909090909   -0.08333333333333    0.20000000000000             2
    0.00000000000000    0.00000000000000    0.30000000000000             2
    0.09090909090909    0.00000000000000    0.30000000000000             2
    0.18181818181818    0.00000000000000    0.30000000000000             2
    0.27272727272727    0.00000000000000    0.30000000000000             2
    0.36363636363636    0.00000000000000    0.30000000000000             2
    0.45454545454545    0.00000000000000    0.30000000000000             2
   -0.45454545454545    0.00000000000000    0.30000000000000             2
   -0.36363636363636    0.00000000000000    0.30000000000000             2
   -0.27272727272727    0.00000000000000    0.30000000000000             2
   -0.18181818181818    0.00000000000000    0.30000000000000             2
   -0.09090909090909    0.00000000000000    0.30000000000000             2
    0.00000000000000    0.08333333333333    0.30000000000000             2
    0.09090909090909    0.08333333333333    0.30000000000000             2
    0.18181818181818    0.08333333333333    0.30000000000000             2
    0.27272727272727    0.08333333333333    0.30000000000000             2
    0.36363636363636    0.08333333333333    0.30000000000000             2
    0.45454545454545    0.08333333333333    0.30000000000000             2
   -0.45454545454545    0.08333333333333    0.30000000000000             2
   -0.36363636363636    0.08333333333333    0.30000000000000             2
   -0.27272727272727    0.08333333333333    0.30000000000000             2
   -0.18181818181818    0.08333333333333    0.30000000000000             2
   -0.09090909090909    0.08333333333333    0.30000000000000             2
    0.00000000000000    0.16666666666667    0.30000000000000             2
    0.09090909090909    0.16666666666667    0.30000000000000             2
    0.18181818181818    0.16666666666667    0.30000000000000             2
    0.27272727272727    0.16666666666667    0.30000000000000             2
    0.36363636363636    0.16666666666667    0.30000000000000             2
    0.45454545454545    0.16666666666667    0.30000000000000             2
   -0.45454545454545    0.16666666666667    0.30000000000000             2
   -0.36363636363636    0.16666666666667    0.30000000000000             2
   -0.27272727272727    0.16666666666667    0.30000000000000             2
   -0.18181818181818    0.16666666666667    0.30000000000000             2
   -0.09090909090909    0.16666666666667    0.30000000000000             2
    0.00000000000000    0.25000000000000    0.30000000000000             2
    0.09090909090909    0.25000000000000    0.30000000000000             2
    0.18181818181818    0.25000000000000    0.30000000000000             2
    0.27272727272727    0.25000000000000    0.30000000000000             2
    0.36363636363636    0.25000000000000    0.30000000000000             2
    0.45454545454545    0.25000000000000    0.30000000000000             2
   -0.45454545454545    0.25000000000000    0.30000000000000             2
   -0.36363636363636    0.25000000000000    0.30000000000000             2
   -0.27272727272727    0.25000000000000    0.30000000000000             2
   -0.18181818181818    0.25000000000000    0.30000000000000             2
   -0.09090909090909    0.25000000000000    0.30000000000000             2
    0.00000000000000    0.33333333333333    0.30000000000000             2
    0.09090909090909    0.33333333333333    0.30000000000000             2
    0.18181818181818    0.33333333333333    0.30000000000000             2
    0.27272727272727    0.33333333333333    0.30000000000000             2
    0.36363636363636    0.33333333333333    0.30000000000000             2
    0.45454545454545    0.33333333333333    0.30000000000000             2
   -0.45454545454545    0.33333333333333    0.30000000000000             2
   -0.36363636363636    0.33333333333333    0.30000000000000             2
   -0.27272727272727    0.33333333333333    0.30000000000000             2
   -0.18181818181818    0.33333333333333    0.30000000000000             2
   -0.09090909090909    0.33333333333333    0.30000000000000             2
    0.00000000000000    0.41666666666667    0.30000000000000             2
    0.09090909090909    0.41666666666667    0.30000000000000             2
    0.18181818181818    0.41666666666667    0.30000000000000             2
    0.27272727272727    0.41666666666667    0.30000000000000             2
    0.36363636363636    0.41666666666667    0.30000000000000             2
    0.45454545454545    0.41666666666667    0.30000000000000             2
   -0.45454545454545    0.41666666666667    0.30000000000000             2
   -0.36363636363636    0.41666666666667    0.30000000000000             2
   -0.27272727272727    0.41666666666667    0.30000000000000             2
   -0.18181818181818    0.41666666666667    0.30000000000000             2
   -0.09090909090909    0.41666666666667    0.30000000000000             2
    0.00000000000000    0.50000000000000    0.30000000000000             2
    0.09090909090909    0.50000000000000    0.30000000000000             2
    0.18181818181818    0.50000000000000    0.30000000000000             2
    0.27272727272727    0.50000000000000    0.30000000000000             2
    0.36363636363636    0.50000000000000    0.30000000000000             2
    0.45454545454545    0.50000000000000    0.30000000000000             2
   -0.45454545454545    0.50000000000000    0.30000000000000             2
   -0.36363636363636    0.50000000000000    0.30000000000000             2
   -0.27272727272727    0.50000000000000    0.30000000000000             2
   -0.18181818181818    0.50000000000000    0.30000000000000             2
   -0.09090909090909    0.50000000000000    0.30000000000000             2
    0.00000000000000   -0.41666666666667    0.30000000000000             2
    0.09090909090909   -0.41666666666667    0.30000000000000             2
    0.18181818181818   -0.41666666666667    0.30000000000000             2
    0.27272727272727   -0.41666666666667    0.30000000000000             2
    0.36363636363636   -0.41666666666667    0.30000000000000             2
    0.45454545454545   -0.41666666666667    0.30000000000000             2
   -0.45454545454545   -0.41666666666667    0.30000000000000             2
   -0.36363636363636   -0.41666666666667    0.30000000000000             2
   -0.27272727272727   -0.41666666666667    0.30000000000000             2
   -0.18181818181818   -0.41666666666667    0.30000000000000             2
   -0.09090909090909   -0.41666666666667    0.30000000000000             2
    0.00000000000000   -0.33333333333333    0.30000000000000             2
    0.09090909090909   -0.33333333333333    0.30000000000000             2
    0.18181818181818   -0.33333333333333    0.30000000000000             2
    0.27272727272727   -0.33333333333333    0.30000000000000             2
    0.36363636363636   -0.33333333333333    0.30000000000000             2
    0.45454545454545   -0.33333333333333    0.30000000000000             2
   -0.45454545454545   -0.33333333333333    0.30000000000000             2
   -0.36363636363636   -0.33333333333333    0.30000000000000             2
   -0.27272727272727   -0.33333333333333    0.30000000000000             2
   -0.18181818181818   -0.33333333333333    0.30000000000000             2
   -0.09090909090909   -0.33333333333333    0.30000000000000             2
    0.00000000000000   -0.25000000000000    0.30000000000000             2
    0.09090909090909   -0.25000000000000    0.30000000000000             2
    0.18181818181818   -0.25000000000000    0.30000000000000             2
    0.27272727272727   -0.25000000000000    0.30000000000000             2
    0.36363636363636   -0.25000000000000    0.30000000000000             2
    0.45454545454545   -0.25000000000000    0.30000000000000             2
   -0.45454545454545   -0.25000000000000    0.30000000000000             2
   -0.36363636363636   -0.25000000000000    0.30000000000000             2
   -0.27272727272727   -0.25000000000000    0.30000000000000             2
   -0.18181818181818   -0.25000000000000    0.30000000000000             2
   -0.09090909090909   -0.25000000000000    0.30000000000000             2
    0.00000000000000   -0.16666666666667    0.30000000000000             2
    0.09090909090909   -0.16666666666667    0.30000000000000             2
    0.18181818181818   -0.16666666666667    0.30000000000000             2
    0.27272727272727   -0.16666666666667    0.30000000000000             2
    0.36363636363636   -0.16666666666667    0.30000000000000             2
    0.45454545454545   -0.16666666666667    0.30000000000000             2
   -0.45454545454545   -0.16666666666667    0.30000000000000             2
   -0.36363636363636   -0.16666666666667    0.30000000000000             2
   -0.27272727272727   -0.16666666666667    0.30000000000000             2
   -0.18181818181818   -0.16666666666667    0.30000000000000             2
   -0.09090909090909   -0.16666666666667    0.30000000000000             2
    0.00000000000000   -0.08333333333333    0.30000000000000             2
    0.09090909090909   -0.08333333333333    0.30000000000000             2
    0.18181818181818   -0.08333333333333    0.30000000000000             2
    0.27272727272727   -0.08333333333333    0.30000000000000             2
    0.36363636363636   -0.08333333333333    0.30000000000000             2
    0.45454545454545   -0.08333333333333    0.30000000000000             2
   -0.45454545454545   -0.08333333333333    0.30000000000000             2
   -0.36363636363636   -0.08333333333333    0.30000000000000             2
   -0.27272727272727   -0.08333333333333    0.30000000000000             2
   -0.18181818181818   -0.08333333333333    0.30000000000000             2
   -0.09090909090909   -0.08333333333333    0.30000000000000             2
    0.00000000000000    0.00000000000000    0.40000000000000             2
    0.09090909090909    0.00000000000000    0.40000000000000             2
    0.18181818181818    0.00000000000000    0.40000000000000             2
    0.27272727272727    0.00000000000000    0.40000000000000             2
    0.36363636363636    0.00000000000000    0.40000000000000             2
    0.45454545454545    0.00000000000000    0.40000000000000             2
   -0.45454545454545    0.00000000000000    0.40000000000000             2
   -0.36363636363636    0.00000000000000    0.40000000000000             2
   -0.27272727272727    0.00000000000000    0.40000000000000             2
   -0.18181818181818    0.00000000000000    0.40000000000000             2
   -0.09090909090909    0.00000000000000    0.40000000000000             2
    0.00000000000000    0.08333333333333    0.40000000000000             2
    0.09090909090909    0.08333333333333    0.40000000000000             2
    0.18181818181818    0.08333333333333    0.40000000000000             2
    0.27272727272727    0.08333333333333    0.40000000000000             2
    0.36363636363636    0.08333333333333    0.40000000000000             2
    0.45454545454545    0.08333333333333    0.40000000000000             2
   -0.45454545454545    0.08333333333333    0.40000000000000             2
   -0.36363636363636    0.08333333333333    0.40000000000000             2
   -0.27272727272727    0.08333333333333    0.40000000000000             2
   -0.18181818181818    0.08333333333333    0.40000000000000             2
   -0.09090909090909    0.08333333333333    0.40000000000000             2
    0.00000000000000    0.16666666666667    0.40000000000000             2
    0.09090909090909    0.16666666666667    0.40000000000000             2
    0.18181818181818    0.16666666666667    0.40000000000000             2
    0.27272727272727    0.16666666666667    0.40000000000000             2
    0.36363636363636    0.16666666666667    0.40000000000000             2
    0.45454545454545    0.16666666666667    0.40000000000000             2
   -0.45454545454545    0.16666666666667    0.40000000000000             2
   -0.36363636363636    0.16666666666667    0.40000000000000             2
   -0.27272727272727    0.16666666666667    0.40000000000000             2
   -0.18181818181818    0.16666666666667    0.40000000000000             2
   -0.09090909090909    0.16666666666667    0.40000000000000             2
    0.00000000000000    0.25000000000000    0.40000000000000             2
    0.09090909090909    0.25000000000000    0.40000000000000             2
    0.18181818181818    0.25000000000000    0.40000000000000             2
    0.27272727272727    0.25000000000000    0.40000000000000             2
    0.36363636363636    0.25000000000000    0.40000000000000             2
    0.45454545454545    0.25000000000000    0.40000000000000             2
   -0.45454545454545    0.25000000000000    0.40000000000000             2
   -0.36363636363636    0.25000000000000    0.40000000000000             2
   -0.27272727272727    0.25000000000000    0.40000000000000             2
   -0.18181818181818    0.25000000000000    0.40000000000000             2
   -0.09090909090909    0.25000000000000    0.40000000000000             2
    0.00000000000000    0.33333333333333    0.40000000000000             2
    0.09090909090909    0.33333333333333    0.40000000000000             2
    0.18181818181818    0.33333333333333    0.40000000000000             2
    0.27272727272727    0.33333333333333    0.40000000000000             2
    0.36363636363636    0.33333333333333    0.40000000000000             2
    0.45454545454545    0.33333333333333    0.40000000000000             2
   -0.45454545454545    0.33333333333333    0.40000000000000             2
   -0.36363636363636    0.33333333333333    0.40000000000000             2
   -0.27272727272727    0.33333333333333    0.40000000000000             2
   -0.18181818181818    0.33333333333333    0.40000000000000             2
   -0.09090909090909    0.33333333333333    0.40000000000000             2
    0.00000000000000    0.41666666666667    0.40000000000000             2
    0.09090909090909    0.41666666666667    0.40000000000000             2
    0.18181818181818    0.41666666666667    0.40000000000000             2
    0.27272727272727    0.41666666666667    0.40000000000000             2
    0.36363636363636    0.41666666666667    0.40000000000000             2
    0.45454545454545    0.41666666666667    0.40000000000000             2
   -0.45454545454545    0.41666666666667    0.40000000000000             2
   -0.36363636363636    0.41666666666667    0.40000000000000             2
   -0.27272727272727    0.41666666666667    0.40000000000000             2
   -0.18181818181818    0.41666666666667    0.40000000000000             2
   -0.09090909090909    0.41666666666667    0.40000000000000             2
    0.00000000000000    0.50000000000000    0.40000000000000             2
    0.09090909090909    0.50000000000000    0.40000000000000             2
    0.18181818181818    0.50000000000000    0.40000000000000             2
    0.27272727272727    0.50000000000000    0.40000000000000             2
    0.36363636363636    0.50000000000000    0.40000000000000             2
    0.45454545454545    0.50000000000000    0.40000000000000             2
   -0.45454545454545    0.50000000000000    0.40000000000000             2
   -0.36363636363636    0.50000000000000    0.40000000000000             2
   -0.27272727272727    0.50000000000000    0.40000000000000             2
   -0.18181818181818    0.50000000000000    0.40000000000000             2
   -0.09090909090909    0.50000000000000    0.40000000000000             2
    0.00000000000000   -0.41666666666667    0.40000000000000             2
    0.09090909090909   -0.41666666666667    0.40000000000000             2
    0.18181818181818   -0.41666666666667    0.40000000000000             2
    0.27272727272727   -0.41666666666667    0.40000000000000             2
    0.36363636363636   -0.41666666666667    0.40000000000000             2
    0.45454545454545   -0.41666666666667    0.40000000000000             2
   -0.45454545454545   -0.41666666666667    0.40000000000000             2
   -0.36363636363636   -0.41666666666667    0.40000000000000             2
   -0.27272727272727   -0.41666666666667    0.40000000000000             2
   -0.18181818181818   -0.41666666666667    0.40000000000000             2
   -0.09090909090909   -0.41666666666667    0.40000000000000             2
    0.00000000000000   -0.33333333333333    0.40000000000000             2
    0.09090909090909   -0.33333333333333    0.40000000000000             2
    0.18181818181818   -0.33333333333333    0.40000000000000             2
    0.27272727272727   -0.33333333333333    0.40000000000000             2
    0.36363636363636   -0.33333333333333    0.40000000000000             2
    0.45454545454545   -0.33333333333333    0.40000000000000             2
   -0.45454545454545   -0.33333333333333    0.40000000000000             2
   -0.36363636363636   -0.33333333333333    0.40000000000000             2
   -0.27272727272727   -0.33333333333333    0.40000000000000             2
   -0.18181818181818   -0.33333333333333    0.40000000000000             2
   -0.09090909090909   -0.33333333333333    0.40000000000000             2
    0.00000000000000   -0.25000000000000    0.40000000000000             2
    0.09090909090909   -0.25000000000000    0.40000000000000             2
    0.18181818181818   -0.25000000000000    0.40000000000000             2
    0.27272727272727   -0.25000000000000    0.40000000000000             2
    0.36363636363636   -0.25000000000000    0.40000000000000             2
    0.45454545454545   -0.25000000000000    0.40000000000000             2
   -0.45454545454545   -0.25000000000000    0.40000000000000             2
   -0.36363636363636   -0.25000000000000    0.40000000000000             2
   -0.27272727272727   -0.25000000000000    0.40000000000000             2
   -0.18181818181818   -0.25000000000000    0.40000000000000             2
   -0.09090909090909   -0.25000000000000    0.40000000000000             2
    0.00000000000000   -0.16666666666667    0.40000000000000             2
    0.09090909090909   -0.16666666666667    0.40000000000000             2
    0.18181818181818   -0.16666666666667    0.40000000000000             2
    0.27272727272727   -0.16666666666667    0.40000000000000             2
    0.36363636363636   -0.16666666666667    0.40000000000000             2
    0.45454545454545   -0.16666666666667    0.40000000000000             2
   -0.45454545454545   -0.16666666666667    0.40000000000000             2
   -0.36363636363636   -0.16666666666667    0.40000000000000             2
   -0.27272727272727   -0.16666666666667    0.40000000000000             2
   -0.18181818181818   -0.16666666666667    0.40000000000000             2
   -0.09090909090909   -0.16666666666667    0.40000000000000             2
    0.00000000000000   -0.08333333333333    0.40000000000000             2
    0.09090909090909   -0.08333333333333    0.40000000000000             2
    0.18181818181818   -0.08333333333333    0.40000000000000             2
    0.27272727272727   -0.08333333333333    0.40000000000000             2
    0.36363636363636   -0.08333333333333    0.40000000000000             2
    0.45454545454545   -0.08333333333333    0.40000000000000             2
   -0.45454545454545   -0.08333333333333    0.40000000000000             2
   -0.36363636363636   -0.08333333333333    0.40000000000000             2
   -0.27272727272727   -0.08333333333333    0.40000000000000             2
   -0.18181818181818   -0.08333333333333    0.40000000000000             2
   -0.09090909090909   -0.08333333333333    0.40000000000000             2
    0.00000000000000    0.00000000000000    0.50000000000000             1
    0.09090909090909    0.00000000000000    0.50000000000000             2
    0.18181818181818    0.00000000000000    0.50000000000000             2
    0.27272727272727    0.00000000000000    0.50000000000000             2
    0.36363636363636    0.00000000000000    0.50000000000000             2
    0.45454545454545    0.00000000000000    0.50000000000000             2
    0.00000000000000    0.08333333333333    0.50000000000000             2
    0.09090909090909    0.08333333333333    0.50000000000000             2
    0.18181818181818    0.08333333333333    0.50000000000000             2
    0.27272727272727    0.08333333333333    0.50000000000000             2
    0.36363636363636    0.08333333333333    0.50000000000000             2
    0.45454545454545    0.08333333333333    0.50000000000000             2
   -0.45454545454545    0.08333333333333    0.50000000000000             2
   -0.36363636363636    0.08333333333333    0.50000000000000             2
   -0.27272727272727    0.08333333333333    0.50000000000000             2
   -0.18181818181818    0.08333333333333    0.50000000000000             2
   -0.09090909090909    0.08333333333333    0.50000000000000             2
    0.00000000000000    0.16666666666667    0.50000000000000             2
    0.09090909090909    0.16666666666667    0.50000000000000             2
    0.18181818181818    0.16666666666667    0.50000000000000             2
    0.27272727272727    0.16666666666667    0.50000000000000             2
    0.36363636363636    0.16666666666667    0.50000000000000             2
    0.45454545454545    0.16666666666667    0.50000000000000             2
   -0.45454545454545    0.16666666666667    0.50000000000000             2
   -0.36363636363636    0.16666666666667    0.50000000000000             2
   -0.27272727272727    0.16666666666667    0.50000000000000             2
   -0.18181818181818    0.16666666666667    0.50000000000000             2
   -0.09090909090909    0.16666666666667    0.50000000000000             2
    0.00000000000000    0.25000000000000    0.50000000000000             2
    0.09090909090909    0.25000000000000    0.50000000000000             2
    0.18181818181818    0.25000000000000    0.50000000000000             2
    0.27272727272727    0.25000000000000    0.50000000000000             2
    0.36363636363636    0.25000000000000    0.50000000000000             2
    0.45454545454545    0.25000000000000    0.50000000000000             2
   -0.45454545454545    0.25000000000000    0.50000000000000             2
   -0.36363636363636    0.25000000000000    0.50000000000000             2
   -0.27272727272727    0.25000000000000    0.50000000000000             2
   -0.18181818181818    0.25000000000000    0.50000000000000             2
   -0.09090909090909    0.25000000000000    0.50000000000000             2
    0.00000000000000    0.33333333333333    0.50000000000000             2
    0.09090909090909    0.33333333333333    0.50000000000000             2
    0.18181818181818    0.33333333333333    0.50000000000000             2
    0.27272727272727    0.33333333333333    0.50000000000000             2
    0.36363636363636    0.33333333333333    0.50000000000000             2
    0.45454545454545    0.33333333333333    0.50000000000000             2
   -0.45454545454545    0.33333333333333    0.50000000000000             2
   -0.36363636363636    0.33333333333333    0.50000000000000             2
   -0.27272727272727    0.33333333333333    0.50000000000000             2
   -0.18181818181818    0.33333333333333    0.50000000000000             2
   -0.09090909090909    0.33333333333333    0.50000000000000             2
    0.00000000000000    0.41666666666667    0.50000000000000             2
    0.09090909090909    0.41666666666667    0.50000000000000             2
    0.18181818181818    0.41666666666667    0.50000000000000             2
    0.27272727272727    0.41666666666667    0.50000000000000             2
    0.36363636363636    0.41666666666667    0.50000000000000             2
    0.45454545454545    0.41666666666667    0.50000000000000             2
   -0.45454545454545    0.41666666666667    0.50000000000000             2
   -0.36363636363636    0.41666666666667    0.50000000000000             2
   -0.27272727272727    0.41666666666667    0.50000000000000             2
   -0.18181818181818    0.41666666666667    0.50000000000000             2
   -0.09090909090909    0.41666666666667    0.50000000000000             2
    0.00000000000000    0.50000000000000    0.50000000000000             1
    0.09090909090909    0.50000000000000    0.50000000000000             2
    0.18181818181818    0.50000000000000    0.50000000000000             2
    0.27272727272727    0.50000000000000    0.50000000000000             2
    0.36363636363636    0.50000000000000    0.50000000000000             2
    0.45454545454545    0.50000000000000    0.50000000000000             2
Tetrahedra
      3960    0.00012626262626
         2         1         7         8        80
         2         1         2         8        80
         2         1         2        69        80
         2         1         7        79        80
         2         1        68        79        80
         2         1        68        69        80
         2         2         8         9        81
         2         2         3         9        81
         2         2         3        70        81
         2         2         8        80        81
         2         2        69        80        81
         2         2        69        70        81
         2         3         9        10        82
         2         3         4        10        82
         2         3         4        71        82
         2         3         9        81        82
         2         3        70        81        82
         2         3        70        71        82
         2         4        10        11        83
         2         4         5        11        83
         2         4         5        72        83
         2         4        10        82        83
         2         4        71        82        83
         2         4        71        72        83
         2         5        11        12        84
         2         5         6        12        84
         2         5         6        73        84
         2         5        11        83        84
         2         5        72        83        84
         2         5        72        73        84
         2         6        12        13        85
         2         6         6        13        85
         2         6         6        74        85
         2         6        12        84        85
         2         6        73        84        85
         2         6        73        74        85
         2         6        13        14        86
         2         5         6        14        86
         2         5         6        75        86
         2         6        13        85        86
         2         6        74        85        86
         2         6        74        75        86
         2         5        14        15        87
         2         4         5        15        87
         2         4         5        76        87
         2         5        14        86        87
         2         5        75        86        87
         2         5        75        76        87
         2         4        15        16        88
         2         3         4        16        88
         2         3         4        77        88
         2         4        15        87        88
         2         4        76        87        88
         2         4        76        77        88
         2         3        16        17        89
         2         2         3        17        89
         2         2         3        78        89
         2         3        16        88        89
         2         3        77        88        89
         2         3        77        78        89
         2         2         7        17        79
         2         1         2         7        79
         2         1         2        68        79
         2         2        17        79        89
         2         2        78        79        89
         2         2        68        78        79
         2         7        18        19        91
         2         7         8        19        91
         2         7         8        80        91
         2         7        18        90        91
         2         7        79        90        91
         2         7        79        80        91
         2         8        19        20        92
         2         8         9        20        92
         2         8         9        81        92
         2         8        19        91        92
         2         8        80        91        92
         2         8        80        81        92
         2         9        20        21        93
         2         9        10        21        93
         2         9        10        82        93
         2         9        20        92        93
         2         9        81        92        93
         2         9        81        82        93
         2        10        21        22        94
         2        10        11        22        94
         2        10        11        83        94
         2        10        21        93        94
         2        10        82        93        94
         2        10        82        83        94
         2        11        22        23        95
         2        11        12        23        95
         2        11        12        84        95
         2        11        22        94        95
         2        11        83        94        95
         2        11        83        84        95
         2        12        23        24        96
         2        12        13        24        96
         2        12        13        85        96
         2        12        23        95        96
         2        12        84        95        96
         2        12        84        85        96
         2        13        24        25        97
         2        13        14        25        97
         2        13        14        86        97
         2        13        24        96        97
         2        13        85        96        97
         2        13        85        86        97
         2        14        25        26        98
         2        14        15        26        98
         2        14        15        87        98
         2        14        25        97        98
         2        14        86        97        98
         2        14        86        87        98
         2        15        26        27        99
         2        15        16        27        99
         2        15        16        88        99
         2        15        26        98        99
         2        15        87        98        99
         2        15        87        88        99
         2        16        27        28       100
         2        16        17        28       100
         2        16        17        89       100
         2        16        27        99       100
         2        16        88        99       100
         2        16        88        89       100
         2        17        18        28        90
         2         7        17        18        90
         2         7        17        79        90
         2        17        28        90       100
         2        17        89        90       100
         2        17        79        89        90
         2        18        29        30       102
         2        18        19        30       102
         2        18        19        91       102
         2        18        29       101       102
         2        18        90       101       102
         2        18        90        91       102
         2        19        30        31       103
         2        19        20        31       103
         2        19        20        92       103
         2        19        30       102       103
         2        19        91       102       103
         2        19        91        92       103
         2        20        31        32       104
         2        20        21        32       104
         2        20        21        93       104
         2        20        31       103       104
         2        20        92       103       104
         2        20        92        93       104
         2        21        32        33       105
         2        21        22        33       105
         2        21        22        94       105
         2        21        32       104       105
         2        21        93       104       105
         2        21        93        94       105
         2        22        33        34       106
         2        22        23        34       106
         2        22        23        95       106
         2        22        33       105       106
         2        22        94       105       106
         2        22        94        95       106
         2        23        34        35       107
         2        23        24        35       107
         2        23        24        96       107
         2        23        34       106       107
         2        23        95       106       107
         2        23        95        96       107
         2        24        35        36       108
         2        24        25        36       108
         2        24        25        97       108
         2        24        35       107       108
         2        24        96       107       108
         2        24        96        97       108
         2        25        36        37       109
         2        25        26        37       109
         2        25        26        98       109
         2        25        36       108       109
         2        25        97       108       109
         2        25        97        98       109
         2        26        37        38       110
         2        26        27        38       110
         2        26        27        99       110
         2        26        37       109       110
         2        26        98       109       110
         2        26        98        99       110
         2        27        38        39       111
         2        27        28        39       111
         2        27        28       100       111
         2        27        38       110       111
         2        27        99       110       111
         2        27        99       100       111
         2        28        29        39       101
         2        18        28        29       101
         2        18        28        90       101
         2        28        39       101       111
         2        28       100       101       111
         2        28        90       100       101
         2        29        40        41       113
         2        29        30        41       113
         2        29        30       102       113
         2        29        40       112       113
         2        29       101       112       113
         2        29       101       102       113
         2        30        41        42       114
         2        30        31        42       114
         2        30        31       103       114
         2        30        41       113       114
         2        30       102       113       114
         2        30       102       103       114
         2        31        42        43       115
         2        31        32        43       115
         2        31        32       104       115
         2        31        42       114       115
         2        31       103       114       115
         2        31       103       104       115
         2        32        43        44       116
         2        32        33        44       116
         2        32        33       105       116
         2        32        43       115       116
         2        32       104       115       116
         2        32       104       105       116
         2        33        44        45       117
         2        33        34        45       117
         2        33        34       106       117
         2        33        44       116       117
         2        33       105       116       117
         2        33       105       106       117
         2        34        45        46       118
         2        34        35        46       118
         2        34        35       107       118
         2        34        45       117       118
         2        34       106       117       118
         2        34       106       107       118
         2        35        46        47       119
         2        35        36        47       119
         2        35        36       108       119
         2        35        46       118       119
         2        35       107       118       119
         2        35       107       108       119
         2        36        47        48       120
         2        36        37        48       120
         2        36        37       109       120
         2        36        47       119       120
         2        36       108       119       120
         2        36       108       109       120
         2        37        48        49       121
         2        37        38        49       121
         2        37        38       110       121
         2        37        48       120       121
         2        37       109       120       121
         2        37       109       110       121
         2        38        49        50       122
         2        38        39        50       122
         2        38        39       111       122
         2        38        49       121       122
         2        38       110       121       122
         2        38       110       111       122
         2        39        40        50       112
         2        29        39        40       112
         2        29        39       101       112
         2        39        50       112       122
         2        39       111       112       122
         2        39       101       111       112
         2        40        51        52       124
         2        40        41        52       124
         2        40        41       113       124
         2        40        51       123       124
         2        40       112       123       124
         2        40       112       113       124
         2        41        52        53       125
         2        41        42        53       125
         2        41        42       114       125
         2        41        52       124       125
         2        41       113       124       125
         2        41       113       114       125
         2        42        53        54       126
         2        42        43        54       126
         2        42        43       115       126
         2        42        53       125       126
         2        42       114       125       126
         2        42       114       115       126
         2        43        54        55       127
         2        43        44        55       127
         2        43        44       116       127
         2        43        54       126       127
         2        43       115       126       127
         2        43       115       116       127
         2        44        55        56       128
         2        44        45        56       128
         2        44        45       117       128
         2        44        55       127       128
         2        44       116       127       128
         2        44       116       117       128
         2        45        56        57       129
         2        45        46        57       129
         2        45        46       118       129
         2        45        56       128       129
         2        45       117       128       129
         2        45       117       118       129
         2        46        57        58       130
         2        46        47        58       130
         2        46        47       119       130
         2        46        57       129       130
         2        46       118       129       130
         2        46       118       119       130
         2        47        58        59       131
         2        47        48        59       131
         2        47        48       120       131
         2        47        58       130       131
         2        47       119       130       131
         2        47       119       120       131
         2        48        59        60       132
         2        48        49        60       132
         2        48        49       121       132
         2        48        59       131       132
         2        48       120       131       132
         2        48       120       121       132
         2        49        60        61       133
         2        49        50        61       133
         2        49        50       122       133
         2        49        60       132       133
         2        49       121       132       133
         2        49       121       122       133
         2        50        51        61       123
         2        40        50        51       123
         2        40        50       112       123
         2        50        61       123       133
         2        50       122       123       133
         2        50       112       122       123
         2        51        62        63       135
         2        51        52        63       135
         2        51        52       124       135
         2        51        62       134       135
         2        51       123       134       135
         2        51       123       124       135
         2        52        63        64       136
         2        52        53        64       136
         2        52        53       125       136
         2        52        63       135       136
         2        52       124       135       136
         2        52       124       125       136
         2        53        64        65       137
         2        53        54        65       137
         2        53        54       126       137
         2        53        64       136       137
         2        53       125       136       137
         2        53       125       126       137
         2        54        65        66       138
         2        54        55        66       138
         2        54        55       127       138
         2        54        65       137       138
         2        54       126       137       138
         2        54       126       127       138
         2        55        66        67       139
         2        55        56        67       139
         2        55        56       128       139
         2        55        66       138       139
         2        55       127       138       139
         2        55       127       128       139
         2        56        67        67       140
         2        56        57        67       140
         2        56        57       129       140
         2        56        67       139       140
         2        56       128       139       140
         2        56       128       129       140
         2        57        66        67       141
         2        57        58        66       141
         2        57        58       130       141
         2        57        67       140       141
         2        57       129       140       141
         2        57       129       130       141
         2        58        65        66       142
         2        58        59        65       142
         2        58        59       131       142
         2        58        66       141       142
         2        58       130       141       142
         2        58       130       131       142
         2        59        64        65       143
         2        59        60        64       143
         2        59        60       132       143
         2        59        65       142       143
         2        59       131       142       143
         2        59       131       132       143
         2        60        63        64       144
         2        60        61        63       144
         2        60        61       133       144
         2        60        64       143       144
         2        60       132       143       144
         2        60       132       133       144
         2        61        62        63       134
         2        51        61        62       134
         2        51        61       123       134
         2        61        63       134       144
         2        61       133       134       144
         2        61       123       133       134
         2        51        61        62       146
         2        61        62        63       146
         2        62        63       135       146
         2        51        62       145       146
         2        62       134       145       146
         2        62       134       135       146
         2        60        61        63       147
         2        60        63        64       147
         2        63        64       136       147
         2        61        63       146       147
         2        63       135       146       147
         2        63       135       136       147
         2        59        60        64       148
         2        59        64        65       148
         2        64        65       137       148
         2        60        64       147       148
         2        64       136       147       148
         2        64       136       137       148
         2        58        59        65       149
         2        58        65        66       149
         2        65        66       138       149
         2        59        65       148       149
         2        65       137       148       149
         2        65       137       138       149
         2        57        58        66       150
         2        57        66        67       150
         2        66        67       139       150
         2        58        66       149       150
         2        66       138       149       150
         2        66       138       139       150
         2        56        57        67       151
         2        56        67        67       151
         2        67        67       140       151
         2        57        67       150       151
         2        67       139       150       151
         2        67       139       140       151
         2        55        56        67       152
         2        55        66        67       152
         2        66        67       141       152
         2        56        67       151       152
         2        67       140       151       152
         2        67       140       141       152
         2        54        55        66       153
         2        54        65        66       153
         2        65        66       142       153
         2        55        66       152       153
         2        66       141       152       153
         2        66       141       142       153
         2        53        54        65       154
         2        53        64        65       154
         2        64        65       143       154
         2        54        65       153       154
         2        65       142       153       154
         2        65       142       143       154
         2        52        53        64       155
         2        52        63        64       155
         2        63        64       144       155
         2        53        64       154       155
         2        64       143       154       155
         2        64       143       144       155
         2        51        52        63       145
         2        51        62        63       145
         2        62        63       134       145
         2        52        63       145       155
         2        63       144       145       155
         2        63       134       144       145
         2        40        50        51       157
         2        50        51        61       157
         2        51        61       146       157
         2        40        51       156       157
         2        51       145       156       157
         2        51       145       146       157
         2        49        50        61       158
         2        49        60        61       158
         2        60        61       147       158
         2        50        61       157       158
         2        61       146       157       158
         2        61       146       147       158
         2        48        49        60       159
         2        48        59        60       159
         2        59        60       148       159
         2        49        60       158       159
         2        60       147       158       159
         2        60       147       148       159
         2        47        48        59       160
         2        47        58        59       160
         2        58        59       149       160
         2        48        59       159       160
         2        59       148       159       160
         2        59       148       149       160
         2        46        47        58       161
         2        46        57        58       161
         2        57        58       150       161
         2        47        58       160       161
         2        58       149       160       161
         2        58       149       150       161
         2        45        46        57       162
         2        45        56        57       162
         2        56        57       151       162
         2        46        57       161       162
         2        57       150       161       162
         2        57       150       151       162
         2        44        45        56       163
         2        44        55        56       163
         2        55        56       152       163
         2        45        56       162       163
         2        56       151       162       163
         2        56       151       152       163
         2        43        44        55       164
         2        43        54        55       164
         2        54        55       153       164
         2        44        55       163       164
         2        55       152       163       164
         2        55       152       153       164
         2        42        43        54       165
         2        42        53        54       165
         2        53        54       154       165
         2        43        54       164       165
         2        54       153       164       165
         2        54       153       154       165
         2        41        42        53       166
         2        41        52        53       166
         2        52        53       155       166
         2        42        53       165       166
         2        53       154       165       166
         2        53       154       155       166
         2        40        41        52       156
         2        40        51        52       156
         2        51        52       145       156
         2        41        52       156       166
         2        52       155       156       166
         2        52       145       155       156
         2        29        39        40       168
         2        39        40        50       168
         2        40        50       157       168
         2        29        40       167       168
         2        40       156       167       168
         2        40       156       157       168
         2        38        39        50       169
         2        38        49        50       169
         2        49        50       158       169
         2        39        50       168       169
         2        50       157       168       169
         2        50       157       158       169
         2        37        38        49       170
         2        37        48        49       170
         2        48        49       159       170
         2        38        49       169       170
         2        49       158       169       170
         2        49       158       159       170
         2        36        37        48       171
         2        36        47        48       171
         2        47        48       160       171
         2        37        48       170       171
         2        48       159       170       171
         2        48       159       160       171
         2        35        36        47       172
         2        35        46        47       172
         2        46        47       161       172
         2        36        47       171       172
         2        47       160       171       172
         2        47       160       161       172
         2        34        35        46       173
         2        34        45        46       173
         2        45        46       162       173
         2        35        46       172       173
         2        46       161       172       173
         2        46       161       162       173
         2        33        34        45       174
         2        33        44        45       174
         2        44        45       163       174
         2        34        45       173       174
         2        45       162       173       174
         2        45       162       163       174
         2        32        33        44       175
         2        32        43        44       175
         2        43        44       164       175
         2        33        44       174       175
         2        44       163       174       175
         2        44       163       164       175
         2        31        32        43       176
         2        31        42        43       176
         2        42        43       165       176
         2        32        43       175       176
         2        43       164       175       176
         2        43       164       165       176
         2        30        31        42       177
         2        30        41        42       177
         2        41        42       166       177
         2        31        42       176       177
         2        42       165       176       177
         2        42       165       166       177
         2        29        30        41       167
         2        29        40        41       167
         2        40        41       156       167
         2        30        41       167       177
         2        41       166       167       177
         2        41       156       166       167
         2        18        28        29       179
         2        28        29        39       179
         2        29        39       168       179
         2        18        29       178       179
         2        29       167       178       179
         2        29       167       168       179
         2        27        28        39       180
         2        27        38        39       180
         2        38        39       169       180
         2        28        39       179       180
         2        39       168       179       180
         2        39       168       169       180
         2        26        27        38       181
         2        26        37        38       181
         2        37        38       170       181
         2        27        38       180       181
         2        38       169       180       181
         2        38       169       170       181
         2        25        26        37       182
         2        25        36        37       182
         2        36        37       171       182
         2        26        37       181       182
         2        37       170       181       182
         2        37       170       171       182
         2        24        25        36       183
         2        24        35        36       183
         2        35        36       172       183
         2        25        36       182       183
         2        36       171       182       183
         2        36       171       172       183
         2        23        24        35       184
         2        23        34        35       184
         2        34        35       173       184
         2        24        35       183       184
         2        35       172       183       184
         2        35       172       173       184
         2        22        23        34       185
         2        22        33        34       185
         2        33        34       174       185
         2        23        34       184       185
         2        34       173       184       185
         2        34       173       174       185
         2        21        22        33       186
         2        21        32        33       186
         2        32        33       175       186
         2        22        33       185       186
         2        33       174       185       186
         2        33       174       175       186
         2        20        21        32       187
         2        20        31        32       187
         2        31        32       176       187
         2        21        32       186       187
         2        32       175       186       187
         2        32       175       176       187
         2        19        20        31       188
         2        19        30        31       188
         2        30        31       177       188
         2        20        31       187       188
         2        31       176       187       188
         2        31       176       177       188
         2        18        19        30       178
         2        18        29        30       178
         2        29        30       167       178
         2        19        30       178       188
         2        30       177       178       188
         2        30       167       177       178
         2         7        17        18       190
         2        17        18        28       190
         2        18        28       179       190
         2         7        18       189       190
         2        18       178       189       190
         2        18       178       179       190
         2        16        17        28       191
         2        16        27        28       191
         2        27        28       180       191
         2        17        28       190       191
         2        28       179       190       191
         2        28       179       180       191
         2        15        16        27       192
         2        15        26        27       192
         2        26        27       181       192
         2        16        27       191       192
         2        27       180       191       192
         2        27       180       181       192
         2        14        15        26       193
         2        14        25        26       193
         2        25        26       182       193
         2        15        26       192       193
         2        26       181       192       193
         2        26       181       182       193
         2        13        14        25       194
         2        13        24        25       194
         2        24        25       183       194
         2        14        25       193       194
         2        25       182       193       194
         2        25       182       183       194
         2        12        13        24       195
         2        12        23        24       195
         2        23        24       184       195
         2        13        24       194       195
         2        24       183       194       195
         2        24       183       184       195
         2        11        12        23       196
         2        11        22        23       196
         2        22        23       185       196
         2        12        23       195       196
         2        23       184       195       196
         2        23       184       185       196
         2        10        11        22       197
         2        10        21        22       197
         2        21        22       186       197
         2        11        22       196       197
         2        22       185       196       197
         2        22       185       186       197
         2         9        10        21       198
         2         9        20        21       198
         2        20        21       187       198
         2        10        21       197       198
         2        21       186       197       198
         2        21       186       187       198
         2         8         9        20       199
         2         8        19        20       199
         2        19        20       188       199
         2         9        20       198       199
         2        20       187       198       199
         2        20       187       188       199
         2         7         8        19       189
         2         7        18        19       189
         2        18        19       178       189
         2         8        19       189       199
         2        19       188       189       199
         2        19       178       188       189
         2         1         2         7        69
         2         2         7        17        69
         2         7        17        69       190
         2         1         7        68        69
         2         7        68        69       189
         2         7        69       189       190
         2         2         3        17        70
         2         3        16        17        70
         2        16        17        70       191
         2         2        17        69        70
         2        17        69        70       190
         2        17        70       190       191
         2         3         4        16        71
         2         4        15        16        71
         2        15        16        71       192
         2         3        16        70        71
         2        16        70        71       191
         2        16        71       191       192
         2         4         5        15        72
         2         5        14        15        72
         2        14        15        72       193
         2         4        15        71        72
         2        15        71        72       192
         2        15        72       192       193
         2         5         6        14        73
         2         6        13        14        73
         2        13        14        73       194
         2         5        14        72        73
         2        14        72        73       193
         2        14        73       193       194
         2         6         6        13        74
         2         6        12        13        74
         2        12        13        74       195
         2         6        13        73        74
         2        13        73        74       194
         2        13        74       194       195
         2         5         6        12        75
         2         5        11        12        75
         2        11        12        75       196
         2         6        12        74        75
         2        12        74        75       195
         2        12        75       195       196
         2         4         5        11        76
         2         4        10        11        76
         2        10        11        76       197
         2         5        11        75        76
         2        11        75        76       196
         2        11        76       196       197
         2         3         4        10        77
         2         3         9        10        77
         2         9        10        77       198
         2         4        10        76        77
         2        10        76        77       197
         2        10        77       197       198
         2         2         3         9        78
         2         2         8         9        78
         2         8         9        78       199
         2         3         9        77        78
         2         9        77        78       198
         2         9        78       198       199
         2         1         2         8        68
         2         1         7         8        68
         2         7         8        68       189
         2         2         8        68        78
         2         8        68        78       199
         2         8        68       189       199
         2        68        79        80       212
         2        68        69        80       212
         2        68        69       201       212
         2        68        79       211       212
         2        68       200       211       212
         2        68       200       201       212
         2        69        80        81       213
         2        69        70        81       213
         2        69        70       202       213
         2        69        80       212       213
         2        69       201       212       213
         2        69       201       202       213
         2        70        81        82       214
         2        70        71        82       214
         2        70        71       203       214
         2        70        81       213       214
         2        70       202       213       214
         2        70       202       203       214
         2        71        82        83       215
         2        71        72        83       215
         2        71        72       204       215
         2        71        82       214       215
         2        71       203       214       215
         2        71       203       204       215
         2        72        83        84       216
         2        72        73        84       216
         2        72        73       205       216
         2        72        83       215       216
         2        72       204       215       216
         2        72       204       205       216
         2        73        84        85       217
         2        73        74        85       217
         2        73        74       206       217
         2        73        84       216       217
         2        73       205       216       217
         2        73       205       206       217
         2        74        85        86       218
         2        74        75        86       218
         2        74        75       207       218
         2        74        85       217       218
         2        74       206       217       218
         2        74       206       207       218
         2        75        86        87       219
         2        75        76        87       219
         2        75        76       208       219
         2        75        86       218       219
         2        75       207       218       219
         2        75       207       208       219
         2        76        87        88       220
         2        76        77        88       220
         2        76        77       209       220
         2        76        87       219       220
         2        76       208       219       220
         2        76       208       209       220
         2        77        88        89       221
         2        77        78        89       221
         2        77        78       210       221
         2        77        88       220       221
         2        77       209       220       221
         2        77       209       210       221
         2        78        79        89       211
         2        68        78        79       211
         2        68        78       200       211
         2        78        89       211       221
         2        78       210       211       221
         2        78       200       210       211
         2        79        90        91       223
         2        79        80        91       223
         2        79        80       212       223
         2        79        90       222       223
         2        79       211       222       223
         2        79       211       212       223
         2        80        91        92       224
         2        80        81        92       224
         2        80        81       213       224
         2        80        91       223       224
         2        80       212       223       224
         2        80       212       213       224
         2        81        92        93       225
         2        81        82        93       225
         2        81        82       214       225
         2        81        92       224       225
         2        81       213       224       225
         2        81       213       214       225
         2        82        93        94       226
         2        82        83        94       226
         2        82        83       215       226
         2        82        93       225       226
         2        82       214       225       226
         2        82       214       215       226
         2        83        94        95       227
         2        83        84        95       227
         2        83        84       216       227
         2        83        94       226       227
         2        83       215       226       227
         2        83       215       216       227
         2        84        95        96       228
         2        84        85        96       228
         2        84        85       217       228
         2        84        95       227       228
         2        84       216       227       228
         2        84       216       217       228
         2        85        96        97       229
         2        85        86        97       229
         2        85        86       218       229
         2        85        96       228       229
         2        85       217       228       229
         2        85       217       218       229
         2        86        97        98       230
         2        86        87        98       230
         2        86        87       219       230
         2        86        97       229       230
         2        86       218       229       230
         2        86       218       219       230
         2        87        98        99       231
         2        87        88        99       231
         2        87        88       220       231
         2        87        98       230       231
         2        87       219       230       231
         2        87       219       220       231
         2        88        99       100       232
         2        88        89       100       232
         2        88        89       221       232
         2        88        99       231       232
         2        88       220       231       232
         2        88       220       221       232
         2        89        90       100       222
         2        79        89        90       222
         2        79        89       211       222
         2        89       100       222       232
         2        89       221       222       232
         2        89       211       221       222
         2        90       101       102       234
         2        90        91       102       234
         2        90        91       223       234
         2        90       101       233       234
         2        90       222       233       234
         2        90       222       223       234
         2        91       102       103       235
         2        91        92       103       235
         2        91        92       224       235
         2        91       102       234       235
         2        91       223       234       235
         2        91       223       224       235
         2        92       103       104       236
         2        92        93       104       236
         2        92        93       225       236
         2        92       103       235       236
         2        92       224       235       236
         2        92       224       225       236
         2        93       104       105       237
         2        93        94       105       237
         2        93        94       226       237
         2        93       104       236       237
         2        93       225       236       237
         2        93       225       226       237
         2        94       105       106       238
         2        94        95       106       238
         2        94        95       227       238
         2        94       105       237       238
         2        94       226       237       238
         2        94       226       227       238
         2        95       106       107       239
         2        95        96       107       239
         2        95        96       228       239
         2        95       106       238       239
         2        95       227       238       239
         2        95       227       228       239
         2        96       107       108       240
         2        96        97       108       240
         2        96        97       229       240
         2        96       107       239       240
         2        96       228       239       240
         2        96       228       229       240
         2        97       108       109       241
         2        97        98       109       241
         2        97        98       230       241
         2        97       108       240       241
         2        97       229       240       241
         2        97       229       230       241
         2        98       109       110       242
         2        98        99       110       242
         2        98        99       231       242
         2        98       109       241       242
         2        98       230       241       242
         2        98       230       231       242
         2        99       110       111       243
         2        99       100       111       243
         2        99       100       232       243
         2        99       110       242       243
         2        99       231       242       243
         2        99       231       232       243
         2       100       101       111       233
         2        90       100       101       233
         2        90       100       222       233
         2       100       111       233       243
         2       100       232       233       243
         2       100       222       232       233
         2       101       112       113       245
         2       101       102       113       245
         2       101       102       234       245
         2       101       112       244       245
         2       101       233       244       245
         2       101       233       234       245
         2       102       113       114       246
         2       102       103       114       246
         2       102       103       235       246
         2       102       113       245       246
         2       102       234       245       246
         2       102       234       235       246
         2       103       114       115       247
         2       103       104       115       247
         2       103       104       236       247
         2       103       114       246       247
         2       103       235       246       247
         2       103       235       236       247
         2       104       115       116       248
         2       104       105       116       248
         2       104       105       237       248
         2       104       115       247       248
         2       104       236       247       248
         2       104       236       237       248
         2       105       116       117       249
         2       105       106       117       249
         2       105       106       238       249
         2       105       116       248       249
         2       105       237       248       249
         2       105       237       238       249
         2       106       117       118       250
         2       106       107       118       250
         2       106       107       239       250
         2       106       117       249       250
         2       106       238       249       250
         2       106       238       239       250
         2       107       118       119       251
         2       107       108       119       251
         2       107       108       240       251
         2       107       118       250       251
         2       107       239       250       251
         2       107       239       240       251
         2       108       119       120       252
         2       108       109       120       252
         2       108       109       241       252
         2       108       119       251       252
         2       108       240       251       252
         2       108       240       241       252
         2       109       120       121       253
         2       109       110       121       253
         2       109       110       242       253
         2       109       120       252       253
         2       109       241       252       253
         2       109       241       242       253
         2       110       121       122       254
         2       110       111       122       254
         2       110       111       243       254
         2       110       121       253       254
         2       110       242       253       254
         2       110       242       243       254
         2       111       112       122       244
         2       101       111       112       244
         2       101       111       233       244
         2       111       122       244       254
         2       111       243       244       254
         2       111       233       243       244
         2       112       123       124       256
         2       112       113       124       256
         2       112       113       245       256
         2       112       123       255       256
         2       112       244       255       256
         2       112       244       245       256
         2       113       124       125       257
         2       113       114       125       257
         2       113       114       246       257
         2       113       124       256       257
         2       113       245       256       257
         2       113       245       246       257
         2       114       125       126       258
         2       114       115       126       258
         2       114       115       247       258
         2       114       125       257       258
         2       114       246       257       258
         2       114       246       247       258
         2       115       126       127       259
         2       115       116       127       259
         2       115       116       248       259
         2       115       126       258       259
         2       115       247       258       259
         2       115       247       248       259
         2       116       127       128       260
         2       116       117       128       260
         2       116       117       249       260
         2       116       127       259       260
         2       116       248       259       260
         2       116       248       249       260
         2       117       128       129       261
         2       117       118       129       261
         2       117       118       250       261
         2       117       128       260       261
         2       117       249       260       261
         2       117       249       250       261
         2       118       129       130       262
         2       118       119       130       262
         2       118       119       251       262
         2       118       129       261       262
         2       118       250       261       262
         2       118       250       251       262
         2       119       130       131       263
         2       119       120       131       263
         2       119       120       252       263
         2       119       130       262       263
         2       119       251       262       263
         2       119       251       252       263
         2       120       131       132       264
         2       120       121       132       264
         2       120       121       253       264
         2       120       131       263       264
         2       120       252       263       264
         2       120       252       253       264
         2       121       132       133       265
         2       121       122       133       265
         2       121       122       254       265
         2       121       132       264       265
         2       121       253       264       265
         2       121       253       254       265
         2       122       123       133       255
         2       112       122       123       255
         2       112       122       244       255
         2       122       133       255       265
         2       122       254       255       265
         2       122       244       254       255
         2       123       134       135       267
         2       123       124       135       267
         2       123       124       256       267
         2       123       134       266       267
         2       123       255       266       267
         2       123       255       256       267
         2       124       135       136       268
         2       124       125       136       268
         2       124       125       257       268
         2       124       135       267       268
         2       124       256       267       268
         2       124       256       257       268
         2       125       136       137       269
         2       125       126       137       269
         2       125       126       258       269
         2       125       136       268       269
         2       125       257       268       269
         2       125       257       258       269
         2       126       137       138       270
         2       126       127       138       270
         2       126       127       259       270
         2       126       137       269       270
         2       126       258       269       270
         2       126       258       259       270
         2       127       138       139       271
         2       127       128       139       271
         2       127       128       260       271
         2       127       138       270       271
         2       127       259       270       271
         2       127       259       260       271
         2       128       139       140       272
         2       128       129       140       272
         2       128       129       261       272
         2       128       139       271       272
         2       128       260       271       272
         2       128       260       261       272
         2       129       140       141       273
         2       129       130       141       273
         2       129       130       262       273
         2       129       140       272       273
         2       129       261       272       273
         2       129       261       262       273
         2       130       141       142       274
         2       130       131       142       274
         2       130       131       263       274
         2       130       141       273       274
         2       130       262       273       274
         2       130       262       263       274
         2       131       142       143       275
         2       131       132       143       275
         2       131       132       264       275
         2       131       142       274       275
         2       131       263       274       275
         2       131       263       264       275
         2       132       143       144       276
         2       132       133       144       276
         2       132       133       265       276
         2       132       143       275       276
         2       132       264       275       276
         2       132       264       265       276
         2       133       134       144       266
         2       123       133       134       266
         2       123       133       255       266
         2       133       144       266       276
         2       133       265       266       276
         2       133       255       265       266
         2       134       145       146       278
         2       134       135       146       278
         2       134       135       267       278
         2       134       145       277       278
         2       134       266       277       278
         2       134       266       267       278
         2       135       146       147       279
         2       135       136       147       279
         2       135       136       268       279
         2       135       146       278       279
         2       135       267       278       279
         2       135       267       268       279
         2       136       147       148       280
         2       136       137       148       280
         2       136       137       269       280
         2       136       147       279       280
         2       136       268       279       280
         2       136       268       269       280
         2       137       148       149       281
         2       137       138       149       281
         2       137       138       270       281
         2       137       148       280       281
         2       137       269       280       281
         2       137       269       270       281
         2       138       149       150       282
         2       138       139       150       282
         2       138       139       271       282
         2       138       149       281       282
         2       138       270       281       282
         2       138       270       271       282
         2       139       150       151       283
         2       139       140       151       283
         2       139       140       272       283
         2       139       150       282       283
         2       139       271       282       283
         2       139       271       272       283
         2       140       151       152       284
         2       140       141       152       284
         2       140       141       273       284
         2       140       151       283       284
         2       140       272       283       284
         2       140       272       273       284
         2       141       152       153       285
         2       141       142       153       285
         2       141       142       274       285
         2       141       152       284       285
         2       141       273       284       285
         2       141       273       274       285
         2       142       153       154       286
         2       142       143       154       286
         2       142       143       275       286
         2       142       153       285       286
         2       142       274       285       286
         2       142       274       275       286
         2       143       154       155       287
         2       143       144       155       287
         2       143       144       276       287
         2       143       154       286       287
         2       143       275       286       287
         2       143       275       276       287
         2       144       145       155       277
         2       134       144       145       277
         2       134       144       266       277
         2       144       155       277       287
         2       144       276       277       287
         2       144       266       276       277
         2       145       156       157       289
         2       145       146       157       289
         2       145       146       278       289
         2       145       156       288       289
         2       145       277       288       289
         2       145       277       278       289
         2       146       157       158       290
         2       146       147       158       290
         2       146       147       279       290
         2       146       157       289       290
         2       146       278       289       290
         2       146       278       279       290
         2       147       158       159       291
         2       147       148       159       291
         2       147       148       280       291
         2       147       158       290       291
         2       147       279       290       291
         2       147       279       280       291
         2       148       159       160       292
         2       148       149       160       292
         2       148       149       281       292
         2       148       159       291       292
         2       148       280       291       292
         2       148       280       281       292
         2       149       160       161       293
         2       149       150       161       293
         2       149       150       282       293
         2       149       160       292       293
         2       149       281       292       293
         2       149       281       282       293
         2       150       161       162       294
         2       150       151       162       294
         2       150       151       283       294
         2       150       161       293       294
         2       150       282       293       294
         2       150       282       283       294
         2       151       162       163       295
         2       151       152       163       295
         2       151       152       284       295
         2       151       162       294       295
         2       151       283       294       295
         2       151       283       284       295
         2       152       163       164       296
         2       152       153       164       296
         2       152       153       285       296
         2       152       163       295       296
         2       152       284       295       296
         2       152       284       285       296
         2       153       164       165       297
         2       153       154       165       297
         2       153       154       286       297
         2       153       164       296       297
         2       153       285       296       297
         2       153       285       286       297
         2       154       165       166       298
         2       154       155       166       298
         2       154       155       287       298
         2       154       165       297       298
         2       154       286       297       298
         2       154       286       287       298
         2       155       156       166       288
         2       145       155       156       288
         2       145       155       277       288
         2       155       166       288       298
         2       155       287       288       298
         2       155       277       287       288
         2       156       167       168       300
         2       156       157       168       300
         2       156       157       289       300
         2       156       167       299       300
         2       156       288       299       300
         2       156       288       289       300
         2       157       168       169       301
         2       157       158       169       301
         2       157       158       290       301
         2       157       168       300       301
         2       157       289       300       301
         2       157       289       290       301
         2       158       169       170       302
         2       158       159       170       302
         2       158       159       291       302
         2       158       169       301       302
         2       158       290       301       302
         2       158       290       291       302
         2       159       170       171       303
         2       159       160       171       303
         2       159       160       292       303
         2       159       170       302       303
         2       159       291       302       303
         2       159       291       292       303
         2       160       171       172       304
         2       160       161       172       304
         2       160       161       293       304
         2       160       171       303       304
         2       160       292       303       304
         2       160       292       293       304
         2       161       172       173       305
         2       161       162       173       305
         2       161       162       294       305
         2       161       172       304       305
         2       161       293       304       305
         2       161       293       294       305
         2       162       173       174       306
         2       162       163       174       306
         2       162       163       295       306
         2       162       173       305       306
         2       162       294       305       306
         2       162       294       295       306
         2       163       174       175       307
         2       163       164       175       307
         2       163       164       296       307
         2       163       174       306       307
         2       163       295       306       307
         2       163       295       296       307
         2       164       175       176       308
         2       164       165       176       308
         2       164       165       297       308
         2       164       175       307       308
         2       164       296       307       308
         2       164       296       297       308
         2       165       176       177       309
         2       165       166       177       309
         2       165       166       298       309
         2       165       176       308       309
         2       165       297       308       309
         2       165       297       298       309
         2       166       167       177       299
         2       156       166       167       299
         2       156       166       288       299
         2       166       177       299       309
         2       166       298       299       309
         2       166       288       298       299
         2       167       178       179       311
         2       167       168       179       311
         2       167       168       300       311
         2       167       178       310       311
         2       167       299       310       311
         2       167       299       300       311
         2       168       179       180       312
         2       168       169       180       312
         2       168       169       301       312
         2       168       179       311       312
         2       168       300       311       312
         2       168       300       301       312
         2       169       180       181       313
         2       169       170       181       313
         2       169       170       302       313
         2       169       180       312       313
         2       169       301       312       313
         2       169       301       302       313
         2       170       181       182       314
         2       170       171       182       314
         2       170       171       303       314
         2       170       181       313       314
         2       170       302       313       314
         2       170       302       303       314
         2       171       182       183       315
         2       171       172       183       315
         2       171       172       304       315
         2       171       182       314       315
         2       171       303       314       315
         2       171       303       304       315
         2       172       183       184       316
         2       172       173       184       316
         2       172       173       305       316
         2       172       183       315       316
         2       172       304       315       316
         2       172       304       305       316
         2       173       184       185       317
         2       173       174       185       317
         2       173       174       306       317
         2       173       184       316       317
         2       173       305       316       317
         2       173       305       306       317
         2       174       185       186       318
         2       174       175       186       318
         2       174       175       307       318
         2       174       185       317       318
         2       174       306       317       318
         2       174       306       307       318
         2       175       186       187       319
         2       175       176       187       319
         2       175       176       308       319
         2       175       186       318       319
         2       175       307       318       319
         2       175       307       308       319
         2       176       187       188       320
         2       176       177       188       320
         2       176       177       309       320
         2       176       187       319       320
         2       176       308       319       320
         2       176       308       309       320
         2       177       178       188       310
         2       167       177       178       310
         2       167       177       299       310
         2       177       188       310       320
         2       177       309       310       320
         2       177       299       309       310
         2       178       189       190       322
         2       178       179       190       322
         2       178       179       311       322
         2       178       189       321       322
         2       178       310       321       322
         2       178       310       311       322
         2       179       190       191       323
         2       179       180       191       323
         2       179       180       312       323
         2       179       190       322       323
         2       179       311       322       323
         2       179       311       312       323
         2       180       191       192       324
         2       180       181       192       324
         2       180       181       313       324
         2       180       191       323       324
         2       180       312       323       324
         2       180       312       313       324
         2       181       192       193       325
         2       181       182       193       325
         2       181       182       314       325
         2       181       192       324       325
         2       181       313       324       325
         2       181       313       314       325
         2       182       193       194       326
         2       182       183       194       326
         2       182       183       315       326
         2       182       193       325       326
         2       182       314       325       326
         2       182       314       315       326
         2       183       194       195       327
         2       183       184       195       327
         2       183       184       316       327
         2       183       194       326       327
         2       183       315       326       327
         2       183       315       316       327
         2       184       195       196       328
         2       184       185       196       328
         2       184       185       317       328
         2       184       195       327       328
         2       184       316       327       328
         2       184       316       317       328
         2       185       196       197       329
         2       185       186       197       329
         2       185       186       318       329
         2       185       196       328       329
         2       185       317       328       329
         2       185       317       318       329
         2       186       197       198       330
         2       186       187       198       330
         2       186       187       319       330
         2       186       197       329       330
         2       186       318       329       330
         2       186       318       319       330
         2       187       198       199       331
         2       187       188       199       331
         2       187       188       320       331
         2       187       198       330       331
         2       187       319       330       331
         2       187       319       320       331
         2       188       189       199       321
         2       178       188       189       321
         2       178       188       310       321
         2       188       199       321       331
         2       188       320       321       331
         2       188       310       320       321
         2        68        69       189       201
         2        69       189       190       201
         2       189       190       201       322
         2        68       189       200       201
         2       189       200       201       321
         2       189       201       321       322
         2        69        70       190       202
         2        70       190       191       202
         2       190       191       202       323
         2        69       190       201       202
         2       190       201       202       322
         2       190       202       322       323
         2        70        71       191       203
         2        71       191       192       203
         2       191       192       203       324
         2        70       191       202       203
         2       191       202       203       323
         2       191       203       323       324
         2        71        72       192       204
         2        72       192       193       204
         2       192       193       204       325
         2        71       192       203       204
         2       192       203       204       324
         2       192       204       324       325
         2        72        73       193       205
         2        73       193       194       205
         2       193       194       205       326
         2        72       193       204       205
         2       193       204       205       325
         2       193       205       325       326
         2        73        74       194       206
         2        74       194       195       206
         2       194       195       206       327
         2        73       194       205       206
         2       194       205       206       326
         2       194       206       326       327
         2        74        75       195       207
         2        75       195       196       207
         2       195       196       207       328
         2        74       195       206       207
         2       195       206       207       327
         2       195       207       327       328
         2        75        76       196       208
         2        76       196       197       208
         2       196       197       208       329
         2        75       196       207       208
         2       196       207       208       328
         2       196       208       328       329
         2        76        77       197       209
         2        77       197       198       209
         2       197       198       209       330
         2        76       197       208       209
         2       197       208       209       329
         2       197       209       329       330
         2        77        78       198       210
         2        78       198       199       210
         2       198       199       210       331
         2        77       198       209       210
         2       198       209       210       330
         2       198       210       330       331
         2        68        78       199       200
         2        68       189       199       200
         2       189       199       200       321
         2        78       199       200       210
         2       199       200       210       331
         2       199       200       321       331
         2       200       211       212       344
         2       200       201       212       344
         2       200       201       333       344
         2       200       211       343       344
         2       200       332       343       344
         2       200       332       333       344
         2       201       212       213       345
         2       201       202       213       345
         2       201       202       334       345
         2       201       212       344       345
         2       201       333       344       345
         2       201       333       334       345
         2       202       213       214       346
         2       202       203       214       346
         2       202       203       335       346
         2       202       213       345       346
         2       202       334       345       346
         2       202       334       335       346
         2       203       214       215       347
         2       203       204       215       347
         2       203       204       336       347
         2       203       214       346       347
         2       203       335       346       347
         2       203       335       336       347
         2       204       215       216       348
         2       204       205       216       348
         2       204       205       337       348
         2       204       215       347       348
         2       204       336       347       348
         2       204       336       337       348
         2       205       216       217       349
         2       205       206       217       349
         2       205       206       338       349
         2       205       216       348       349
         2       205       337       348       349
         2       205       337       338       349
         2       206       217       218       350
         2       206       207       218       350
         2       206       207       339       350
         2       206       217       349       350
         2       206       338       349       350
         2       206       338       339       350
         2       207       218       219       351
         2       207       208       219       351
         2       207       208       340       351
         2       207       218       350       351
         2       207       339       350       351
         2       207       339       340       351
         2       208       219       220       352
         2       208       209       220       352
         2       208       209       341       352
         2       208       219       351       352
         2       208       340       351       352
         2       208       340       341       352
         2       209       220       221       353
         2       209       210       221       353
         2       209       210       342       353
         2       209       220       352       353
         2       209       341       352       353
         2       209       341       342       353
         2       210       211       221       343
         2       200       210       211       343
         2       200       210       332       343
         2       210       221       343       353
         2       210       342       343       353
         2       210       332       342       343
         2       211       222       223       355
         2       211       212       223       355
         2       211       212       344       355
         2       211       222       354       355
         2       211       343       354       355
         2       211       343       344       355
         2       212       223       224       356
         2       212       213       224       356
         2       212       213       345       356
         2       212       223       355       356
         2       212       344       355       356
         2       212       344       345       356
         2       213       224       225       357
         2       213       214       225       357
         2       213       214       346       357
         2       213       224       356       357
         2       213       345       356       357
         2       213       345       346       357
         2       214       225       226       358
         2       214       215       226       358
         2       214       215       347       358
         2       214       225       357       358
         2       214       346       357       358
         2       214       346       347       358
         2       215       226       227       359
         2       215       216       227       359
         2       215       216       348       359
         2       215       226       358       359
         2       215       347       358       359
         2       215       347       348       359
         2       216       227       228       360
         2       216       217       228       360
         2       216       217       349       360
         2       216       227       359       360
         2       216       348       359       360
         2       216       348       349       360
         2       217       228       229       361
         2       217       218       229       361
         2       217       218       350       361
         2       217       228       360       361
         2       217       349       360       361
         2       217       349       350       361
         2       218       229       230       362
         2       218       219       230       362
         2       218       219       351       362
         2       218       229       361       362
         2       218       350       361       362
         2       218       350       351       362
         2       219       230       231       363
         2       219       220       231       363
         2       219       220       352       363
         2       219       230       362       363
         2       219       351       362       363
         2       219       351       352       363
         2       220       231       232       364
         2       220       221       232       364
         2       220       221       353       364
         2       220       231       363       364
         2       220       352       363       364
         2       220       352       353       364
         2       221       222       232       354
         2       211       221       222       354
         2       211       221       343       354
         2       221       232       354       364
         2       221       353       354       364
         2       221       343       353       354
         2       222       233       234       366
         2       222       223       234       366
         2       222       223       355       366
         2       222       233       365       366
         2       222       354       365       366
         2       222       354       355       366
         2       223       234       235       367
         2       223       224       235       367
         2       223       224       356       367
         2       223       234       366       367
         2       223       355       366       367
         2       223       355       356       367
         2       224       235       236       368
         2       224       225       236       368
         2       224       225       357       368
         2       224       235       367       368
         2       224       356       367       368
         2       224       356       357       368
         2       225       236       237       369
         2       225       226       237       369
         2       225       226       358       369
         2       225       236       368       369
         2       225       357       368       369
         2       225       357       358       369
         2       226       237       238       370
         2       226       227       238       370
         2       226       227       359       370
         2       226       237       369       370
         2       226       358       369       370
         2       226       358       359       370
         2       227       238       239       371
         2       227       228       239       371
         2       227       228       360       371
         2       227       238       370       371
         2       227       359       370       371
         2       227       359       360       371
         2       228       239       240       372
         2       228       229       240       372
         2       228       229       361       372
         2       228       239       371       372
         2       228       360       371       372
         2       228       360       361       372
         2       229       240       241       373
         2       229       230       241       373
         2       229       230       362       373
         2       229       240       372       373
         2       229       361       372       373
         2       229       361       362       373
         2       230       241       242       374
         2       230       231       242       374
         2       230       231       363       374
         2       230       241       373       374
         2       230       362       373       374
         2       230       362       363       374
         2       231       242       243       375
         2       231       232       243       375
         2       231       232       364       375
         2       231       242       374       375
         2       231       363       374       375
         2       231       363       364       375
         2       232       233       243       365
         2       222       232       233       365
         2       222       232       354       365
         2       232       243       365       375
         2       232       364       365       375
         2       232       354       364       365
         2       233       244       245       377
         2       233       234       245       377
         2       233       234       366       377
         2       233       244       376       377
         2       233       365       376       377
         2       233       365       366       377
         2       234       245       246       378
         2       234       235       246       378
         2       234       235       367       378
         2       234       245       377       378
         2       234       366       377       378
         2       234       366       367       378
         2       235       246       247       379
         2       235       236       247       379
         2       235       236       368       379
         2       235       246       378       379
         2       235       367       378       379
         2       235       367       368       379
         2       236       247       248       380
         2       236       237       248       380
         2       236       237       369       380
         2       236       247       379       380
         2       236       368       379       380
         2       236       368       369       380
         2       237       248       249       381
         2       237       238       249       381
         2       237       238       370       381
         2       237       248       380       381
         2       237       369       380       381
         2       237       369       370       381
         2       238       249       250       382
         2       238       239       250       382
         2       238       239       371       382
         2       238       249       381       382
         2       238       370       381       382
         2       238       370       371       382
         2       239       250       251       383
         2       239       240       251       383
         2       239       240       372       383
         2       239       250       382       383
         2       239       371       382       383
         2       239       371       372       383
         2       240       251       252       384
         2       240       241       252       384
         2       240       241       373       384
         2       240       251       383       384
         2       240       372       383       384
         2       240       372       373       384
         2       241       252       253       385
         2       241       242       253       385
         2       241       242       374       385
         2       241       252       384       385
         2       241       373       384       385
         2       241       373       374       385
         2       242       253       254       386
         2       242       243       254       386
         2       242       243       375       386
         2       242       253       385       386
         2       242       374       385       386
         2       242       374       375       386
         2       243       244       254       376
         2       233       243       244       376
         2       233       243       365       376
         2       243       254       376       386
         2       243       375       376       386
         2       243       365       375       376
         2       244       255       256       388
         2       244       245       256       388
         2       244       245       377       388
         2       244       255       387       388
         2       244       376       387       388
         2       244       376       377       388
         2       245       256       257       389
         2       245       246       257       389
         2       245       246       378       389
         2       245       256       388       389
         2       245       377       388       389
         2       245       377       378       389
         2       246       257       258       390
         2       246       247       258       390
         2       246       247       379       390
         2       246       257       389       390
         2       246       378       389       390
         2       246       378       379       390
         2       247       258       259       391
         2       247       248       259       391
         2       247       248       380       391
         2       247       258       390       391
         2       247       379       390       391
         2       247       379       380       391
         2       248       259       260       392
         2       248       249       260       392
         2       248       249       381       392
         2       248       259       391       392
         2       248       380       391       392
         2       248       380       381       392
         2       249       260       261       393
         2       249       250       261       393
         2       249       250       382       393
         2       249       260       392       393
         2       249       381       392       393
         2       249       381       382       393
         2       250       261       262       394
         2       250       251       262       394
         2       250       251       383       394
         2       250       261       393       394
         2       250       382       393       394
         2       250       382       383       394
         2       251       262       263       395
         2       251       252       263       395
         2       251       252       384       395
         2       251       262       394       395
         2       251       383       394       395
         2       251       383       384       395
         2       252       263       264       396
         2       252       253       264       396
         2       252       253       385       396
         2       252       263       395       396
         2       252       384       395       396
         2       252       384       385       396
         2       253       264       265       397
         2       253       254       265       397
         2       253       254       386       397
         2       253       264       396       397
         2       253       385       396       397
         2       253       385       386       397
         2       254       255       265       387
         2       244       254       255       387
         2       244       254       376       387
         2       254       265       387       397
         2       254       386       387       397
         2       254       376       386       387
         2       255       266       267       399
         2       255       256       267       399
         2       255       256       388       399
         2       255       266       398       399
         2       255       387       398       399
         2       255       387       388       399
         2       256       267       268       400
         2       256       257       268       400
         2       256       257       389       400
         2       256       267       399       400
         2       256       388       399       400
         2       256       388       389       400
         2       257       268       269       401
         2       257       258       269       401
         2       257       258       390       401
         2       257       268       400       401
         2       257       389       400       401
         2       257       389       390       401
         2       258       269       270       402
         2       258       259       270       402
         2       258       259       391       402
         2       258       269       401       402
         2       258       390       401       402
         2       258       390       391       402
         2       259       270       271       403
         2       259       260       271       403
         2       259       260       392       403
         2       259       270       402       403
         2       259       391       402       403
         2       259       391       392       403
         2       260       271       272       404
         2       260       261       272       404
         2       260       261       393       404
         2       260       271       403       404
         2       260       392       403       404
         2       260       392       393       404
         2       261       272       273       405
         2       261       262       273       405
         2       261       262       394       405
         2       261       272       404       405
         2       261       393       404       405
         2       261       393       394       405
         2       262       273       274       406
         2       262       263       274       406
         2       262       263       395       406
         2       262       273       405       406
         2       262       394       405       406
         2       262       394       395       406
         2       263       274       275       407
         2       263       264       275       407
         2       263       264       396       407
         2       263       274       406       407
         2       263       395       406       407
         2       263       395       396       407
         2       264       275       276       408
         2       264       265       276       408
         2       264       265       397       408
         2       264       275       407       408
         2       264       396       407       408
         2       264       396       397       408
         2       265       266       276       398
         2       255       265       266       398
         2       255       265       387       398
         2       265       276       398       408
         2       265       397       398       408
         2       265       387       397       398
         2       266       277       278       410
         2       266       267       278       410
         2       266       267       399       410
         2       266       277       409       410
         2       266       398       409       410
         2       266       398       399       410
         2       267       278       279       411
         2       267       268       279       411
         2       267       268       400       411
         2       267       278       410       411
         2       267       399       410       411
         2       267       399       400       411
         2       268       279       280       412
         2       268       269       280       412
         2       268       269       401       412
         2       268       279       411       412
         2       268       400       411       412
         2       268       400       401       412
         2       269       280       281       413
         2       269       270       281       413
         2       269       270       402       413
         2       269       280       412       413
         2       269       401       412       413
         2       269       401       402       413
         2       270       281       282       414
         2       270       271       282       414
         2       270       271       403       414
         2       270       281       413       414
         2       270       402       413       414
         2       270       402       403       414
         2       271       282       283       415
         2       271       272       283       415
         2       271       272       404       415
         2       271       282       414       415
         2       271       403       414       415
         2       271       403       404       415
         2       272       283       284       416
         2       272       273       284       416
         2       272       273       405       416
         2       272       283       415       416
         2       272       404       415       416
         2       272       404       405       416
         2       273       284       285       417
         2       273       274       285       417
         2       273       274       406       417
         2       273       284       416       417
         2       273       405       416       417
         2       273       405       406       417
         2       274       285       286       418
         2       274       275       286       418
         2       274       275       407       418
         2       274       285       417       418
         2       274       406       417       418
         2       274       406       407       418
         2       275       286       287       419
         2       275       276       287       419
         2       275       276       408       419
         2       275       286       418       419
         2       275       407       418       419
         2       275       407       408       419
         2       276       277       287       409
         2       266       276       277       409
         2       266       276       398       409
         2       276       287       409       419
         2       276       408       409       419
         2       276       398       408       409
         2       277       288       289       421
         2       277       278       289       421
         2       277       278       410       421
         2       277       288       420       421
         2       277       409       420       421
         2       277       409       410       421
         2       278       289       290       422
         2       278       279       290       422
         2       278       279       411       422
         2       278       289       421       422
         2       278       410       421       422
         2       278       410       411       422
         2       279       290       291       423
         2       279       280       291       423
         2       279       280       412       423
         2       279       290       422       423
         2       279       411       422       423
         2       279       411       412       423
         2       280       291       292       424
         2       280       281       292       424
         2       280       281       413       424
         2       280       291       423       424
         2       280       412       423       424
         2       280       412       413       424
         2       281       292       293       425
         2       281       282       293       425
         2       281       282       414       425
         2       281       292       424       425
         2       281       413       424       425
         2       281       413       414       425
         2       282       293       294       426
         2       282       283       294       426
         2       282       283       415       426
         2       282       293       425       426
         2       282       414       425       426
         2       282       414       415       426
         2       283       294       295       427
         2       283       284       295       427
         2       283       284       416       427
         2       283       294       426       427
         2       283       415       426       427
         2       283       415       416       427
         2       284       295       296       428
         2       284       285       296       428
         2       284       285       417       428
         2       284       295       427       428
         2       284       416       427       428
         2       284       416       417       428
         2       285       296       297       429
         2       285       286       297       429
         2       285       286       418       429
         2       285       296       428       429
         2       285       417       428       429
         2       285       417       418       429
         2       286       297       298       430
         2       286       287       298       430
         2       286       287       419       430
         2       286       297       429       430
         2       286       418       429       430
         2       286       418       419       430
         2       287       288       298       420
         2       277       287       288       420
         2       277       287       409       420
         2       287       298       420       430
         2       287       419       420       430
         2       287       409       419       420
         2       288       299       300       432
         2       288       289       300       432
         2       288       289       421       432
         2       288       299       431       432
         2       288       420       431       432
         2       288       420       421       432
         2       289       300       301       433
         2       289       290       301       433
         2       289       290       422       433
         2       289       300       432       433
         2       289       421       432       433
         2       289       421       422       433
         2       290       301       302       434
         2       290       291       302       434
         2       290       291       423       434
         2       290       301       433       434
         2       290       422       433       434
         2       290       422       423       434
         2       291       302       303       435
         2       291       292       303       435
         2       291       292       424       435
         2       291       302       434       435
         2       291       423       434       435
         2       291       423       424       435
         2       292       303       304       436
         2       292       293       304       436
         2       292       293       425       436
         2       292       303       435       436
         2       292       424       435       436
         2       292       424       425       436
         2       293       304       305       437
         2       293       294       305       437
         2       293       294       426       437
         2       293       304       436       437
         2       293       425       436       437
         2       293       425       426       437
         2       294       305       306       438
         2       294       295       306       438
         2       294       295       427       438
         2       294       305       437       438
         2       294       426       437       438
         2       294       426       427       438
         2       295       306       307       439
         2       295       296       307       439
         2       295       296       428       439
         2       295       306       438       439
         2       295       427       438       439
         2       295       427       428       439
         2       296       307       308       440
         2       296       297       308       440
         2       296       297       429       440
         2       296       307       439       440
         2       296       428       439       440
         2       296       428       429       440
         2       297       308       309       441
         2       297       298       309       441
         2       297       298       430       441
         2       297       308       440       441
         2       297       429       440       441
         2       297       429       430       441
         2       298       299       309       431
         2       288       298       299       431
         2       288       298       420       431
         2       298       309       431       441
         2       298       430       431       441
         2       298       420       430       431
         2       299       310       311       443
         2       299       300       311       443
         2       299       300       432       443
         2       299       310       442       443
         2       299       431       442       443
         2       299       431       432       443
         2       300       311       312       444
         2       300       301       312       444
         2       300       301       433       444
         2       300       311       443       444
         2       300       432       443       444
         2       300       432       433       444
         2       301       312       313       445
         2       301       302       313       445
         2       301       302       434       445
         2       301       312       444       445
         2       301       433       444       445
         2       301       433       434       445
         2       302       313       314       446
         2       302       303       314       446
         2       302       303       435       446
         2       302       313       445       446
         2       302       434       445       446
         2       302       434       435       446
         2       303       314       315       447
         2       303       304       315       447
         2       303       304       436       447
         2       303       314       446       447
         2       303       435       446       447
         2       303       435       436       447
         2       304       315       316       448
         2       304       305       316       448
         2       304       305       437       448
         2       304       315       447       448
         2       304       436       447       448
         2       304       436       437       448
         2       305       316       317       449
         2       305       306       317       449
         2       305       306       438       449
         2       305       316       448       449
         2       305       437       448       449
         2       305       437       438       449
         2       306       317       318       450
         2       306       307       318       450
         2       306       307       439       450
         2       306       317       449       450
         2       306       438       449       450
         2       306       438       439       450
         2       307       318       319       451
         2       307       308       319       451
         2       307       308       440       451
         2       307       318       450       451
         2       307       439       450       451
         2       307       439       440       451
         2       308       319       320       452
         2       308       309       320       452
         2       308       309       441       452
         2       308       319       451       452
         2       308       440       451       452
         2       308       440       441       452
         2       309       310       320       442
         2       299       309       310       442
         2       299       309       431       442
         2       309       320       442       452
         2       309       441       442       452
         2       309       431       441       442
         2       310       321       322       454
         2       310       311       322       454
         2       310       311       443       454
         2       310       321       453       454
         2       310       442       453       454
         2       310       442       443       454
         2       311       322       323       455
         2       311       312       323       455
         2       311       312       444       455
         2       311       322       454       455
         2       311       443       454       455
         2       311       443       444       455
         2       312       323       324       456
         2       312       313       324       456
         2       312       313       445       456
         2       312       323       455       456
         2       312       444       455       456
         2       312       444       445       456
         2       313       324       325       457
         2       313       314       325       457
         2       313       314       446       457
         2       313       324       456       457
         2       313       445       456       457
         2       313       445       446       457
         2       314       325       326       458
         2       314       315       326       458
         2       314       315       447       458
         2       314       325       457       458
         2       314       446       457       458
         2       314       446       447       458
         2       315       326       327       459
         2       315       316       327       459
         2       315       316       448       459
         2       315       326       458       459
         2       315       447       458       459
         2       315       447       448       459
         2       316       327       328       460
         2       316       317       328       460
         2       316       317       449       460
         2       316       327       459       460
         2       316       448       459       460
         2       316       448       449       460
         2       317       328       329       461
         2       317       318       329       461
         2       317       318       450       461
         2       317       328       460       461
         2       317       449       460       461
         2       317       449       450       461
         2       318       329       330       462
         2       318       319       330       462
         2       318       319       451       462
         2       318       329       461       462
         2       318       450       461       462
         2       318       450       451       462
         2       319       330       331       463
         2       319       320       331       463
         2       319       320       452       463
         2       319       330       462       463
         2       319       451       462       463
         2       319       451       452       463
         2       320       321       331       453
         2       310       320       321       453
         2       310       320       442       453
         2       320       331       453       463
         2       320       452       453       463
         2       320       442       452       453
         2       200       201       321       333
         2       201       321       322       333
         2       321       322       333       454
         2       200       321       332       333
         2       321       332       333       453
         2       321       333       453       454
         2       201       202       322       334
         2       202       322       323       334
         2       322       323       334       455
         2       201       322       333       334
         2       322       333       334       454
         2       322       334       454       455
         2       202       203       323       335
         2       203       323       324       335
         2       323       324       335       456
         2       202       323       334       335
         2       323       334       335       455
         2       323       335       455       456
         2       203       204       324       336
         2       204       324       325       336
         2       324       325       336       457
         2       203       324       335       336
         2       324       335       336       456
         2       324       336       456       457
         2       204       205       325       337
         2       205       325       326       337
         2       325       326       337       458
         2       204       325       336       337
         2       325       336       337       457
         2       325       337       457       458
         2       205       206       326       338
         2       206       326       327       338
         2       326       327       338       459
         2       205       326       337       338
         2       326       337       338       458
         2       326       338       458       459
         2       206       207       327       339
         2       207       327       328       339
         2       327       328       339       460
         2       206       327       338       339
         2       327       338       339       459
         2       327       339       459       460
         2       207       208       328       340
         2       208       328       329       340
         2       328       329       340       461
         2       207       328       339       340
         2       328       339       340       460
         2       328       340       460       461
         2       208       209       329       341
         2       209       329       330       341
         2       329       330       341       462
         2       208       329       340       341
         2       329       340       341       461
         2       329       341       461       462
         2       209       210       330       342
         2       210       330       331       342
         2       330       331       342       463
         2       209       330       341       342
         2       330       341       342       462
         2       330       342       462       463
         2       200       210       331       332
         2       200       321       331       332
         2       321       331       332       453
         2       210       331       332       342
         2       331       332       342       463
         2       331       332       453       463
         2       332       343       344       476
         2       332       333       344       476
         2       332       333       465       476
         2       332       343       475       476
         2       332       464       475       476
         2       332       464       465       476
         2       333       344       345       477
         2       333       334       345       477
         2       333       334       466       477
         2       333       344       476       477
         2       333       465       476       477
         2       333       465       466       477
         2       334       345       346       478
         2       334       335       346       478
         2       334       335       467       478
         2       334       345       477       478
         2       334       466       477       478
         2       334       466       467       478
         2       335       346       347       479
         2       335       336       347       479
         2       335       336       468       479
         2       335       346       478       479
         2       335       467       478       479
         2       335       467       468       479
         2       336       347       348       480
         2       336       337       348       480
         2       336       337       469       480
         2       336       347       479       480
         2       336       468       479       480
         2       336       468       469       480
         2       337       348       349       481
         2       337       338       349       481
         2       337       338       470       481
         2       337       348       480       481
         2       337       469       480       481
         2       337       469       470       481
         2       338       349       350       482
         2       338       339       350       482
         2       338       339       471       482
         2       338       349       481       482
         2       338       470       481       482
         2       338       470       471       482
         2       339       350       351       483
         2       339       340       351       483
         2       339       340       472       483
         2       339       350       482       483
         2       339       471       482       483
         2       339       471       472       483
         2       340       351       352       484
         2       340       341       352       484
         2       340       341       473       484
         2       340       351       483       484
         2       340       472       483       484
         2       340       472       473       484
         2       341       352       353       485
         2       341       342       353       485
         2       341       342       474       485
         2       341       352       484       485
         2       341       473       484       485
         2       341       473       474       485
         2       342       343       353       475
         2       332       342       343       475
         2       332       342       464       475
         2       342       353       475       485
         2       342       474       475       485
         2       342       464       474       475
         2       343       354       355       487
         2       343       344       355       487
         2       343       344       476       487
         2       343       354       486       487
         2       343       475       486       487
         2       343       475       476       487
         2       344       355       356       488
         2       344       345       356       488
         2       344       345       477       488
         2       344       355       487       488
         2       344       476       487       488
         2       344       476       477       488
         2       345       356       357       489
         2       345       346       357       489
         2       345       346       478       489
         2       345       356       488       489
         2       345       477       488       489
         2       345       477       478       489
         2       346       357       358       490
         2       346       347       358       490
         2       346       347       479       490
         2       346       357       489       490
         2       346       478       489       490
         2       346       478       479       490
         2       347       358       359       491
         2       347       348       359       491
         2       347       348       480       491
         2       347       358       490       491
         2       347       479       490       491
         2       347       479       480       491
         2       348       359       360       492
         2       348       349       360       492
         2       348       349       481       492
         2       348       359       491       492
         2       348       480       491       492
         2       348       480       481       492
         2       349       360       361       493
         2       349       350       361       493
         2       349       350       482       493
         2       349       360       492       493
         2       349       481       492       493
         2       349       481       482       493
         2       350       361       362       494
         2       350       351       362       494
         2       350       351       483       494
         2       350       361       493       494
         2       350       482       493       494
         2       350       482       483       494
         2       351       362       363       495
         2       351       352       363       495
         2       351       352       484       495
         2       351       362       494       495
         2       351       483       494       495
         2       351       483       484       495
         2       352       363       364       496
         2       352       353       364       496
         2       352       353       485       496
         2       352       363       495       496
         2       352       484       495       496
         2       352       484       485       496
         2       353       354       364       486
         2       343       353       354       486
         2       343       353       475       486
         2       353       364       486       496
         2       353       485       486       496
         2       353       475       485       486
         2       354       365       366       498
         2       354       355       366       498
         2       354       355       487       498
         2       354       365       497       498
         2       354       486       497       498
         2       354       486       487       498
         2       355       366       367       499
         2       355       356       367       499
         2       355       356       488       499
         2       355       366       498       499
         2       355       487       498       499
         2       355       487       488       499
         2       356       367       368       500
         2       356       357       368       500
         2       356       357       489       500
         2       356       367       499       500
         2       356       488       499       500
         2       356       488       489       500
         2       357       368       369       501
         2       357       358       369       501
         2       357       358       490       501
         2       357       368       500       501
         2       357       489       500       501
         2       357       489       490       501
         2       358       369       370       502
         2       358       359       370       502
         2       358       359       491       502
         2       358       369       501       502
         2       358       490       501       502
         2       358       490       491       502
         2       359       370       371       503
         2       359       360       371       503
         2       359       360       492       503
         2       359       370       502       503
         2       359       491       502       503
         2       359       491       492       503
         2       360       371       372       504
         2       360       361       372       504
         2       360       361       493       504
         2       360       371       503       504
         2       360       492       503       504
         2       360       492       493       504
         2       361       372       373       505
         2       361       362       373       505
         2       361       362       494       505
         2       361       372       504       505
         2       361       493       504       505
         2       361       493       494       505
         2       362       373       374       506
         2       362       363       374       506
         2       362       363       495       506
         2       362       373       505       506
         2       362       494       505       506
         2       362       494       495       506
         2       363       374       375       507
         2       363       364       375       507
         2       363       364       496       507
         2       363       374       506       507
         2       363       495       506       507
         2       363       495       496       507
         2       364       365       375       497
         2       354       364       365       497
         2       354       364       486       497
         2       364       375       497       507
         2       364       496       497       507
         2       364       486       496       497
         2       365       376       377       509
         2       365       366       377       509
         2       365       366       498       509
         2       365       376       508       509
         2       365       497       508       509
         2       365       497       498       509
         2       366       377       378       510
         2       366       367       378       510
         2       366       367       499       510
         2       366       377       509       510
         2       366       498       509       510
         2       366       498       499       510
         2       367       378       379       511
         2       367       368       379       511
         2       367       368       500       511
         2       367       378       510       511
         2       367       499       510       511
         2       367       499       500       511
         2       368       379       380       512
         2       368       369       380       512
         2       368       369       501       512
         2       368       379       511       512
         2       368       500       511       512
         2       368       500       501       512
         2       369       380       381       513
         2       369       370       381       513
         2       369       370       502       513
         2       369       380       512       513
         2       369       501       512       513
         2       369       501       502       513
         2       370       381       382       514
         2       370       371       382       514
         2       370       371       503       514
         2       370       381       513       514
         2       370       502       513       514
         2       370       502       503       514
         2       371       382       383       515
         2       371       372       383       515
         2       371       372       504       515
         2       371       382       514       515
         2       371       503       514       515
         2       371       503       504       515
         2       372       383       384       516
         2       372       373       384       516
         2       372       373       505       516
         2       372       383       515       516
         2       372       504       515       516
         2       372       504       505       516
         2       373       384       385       517
         2       373       374       385       517
         2       373       374       506       517
         2       373       384       516       517
         2       373       505       516       517
         2       373       505       506       517
         2       374       385       386       518
         2       374       375       386       518
         2       374       375       507       518
         2       374       385       517       518
         2       374       506       517       518
         2       374       506       507       518
         2       375       376       386       508
         2       365       375       376       508
         2       365       375       497       508
         2       375       386       508       518
         2       375       507       508       518
         2       375       497       507       508
         2       376       387       388       520
         2       376       377       388       520
         2       376       377       509       520
         2       376       387       519       520
         2       376       508       519       520
         2       376       508       509       520
         2       377       388       389       521
         2       377       378       389       521
         2       377       378       510       521
         2       377       388       520       521
         2       377       509       520       521
         2       377       509       510       521
         2       378       389       390       522
         2       378       379       390       522
         2       378       379       511       522
         2       378       389       521       522
         2       378       510       521       522
         2       378       510       511       522
         2       379       390       391       523
         2       379       380       391       523
         2       379       380       512       523
         2       379       390       522       523
         2       379       511       522       523
         2       379       511       512       523
         2       380       391       392       524
         2       380       381       392       524
         2       380       381       513       524
         2       380       391       523       524
         2       380       512       523       524
         2       380       512       513       524
         2       381       392       393       525
         2       381       382       393       525
         2       381       382       514       525
         2       381       392       524       525
         2       381       513       524       525
         2       381       513       514       525
         2       382       393       394       526
         2       382       383       394       526
         2       382       383       515       526
         2       382       393       525       526
         2       382       514       525       526
         2       382       514       515       526
         2       383       394       395       527
         2       383       384       395       527
         2       383       384       516       527
         2       383       394       526       527
         2       383       515       526       527
         2       383       515       516       527
         2       384       395       396       528
         2       384       385       396       528
         2       384       385       517       528
         2       384       395       527       528
         2       384       516       527       528
         2       384       516       517       528
         2       385       396       397       529
         2       385       386       397       529
         2       385       386       518       529
         2       385       396       528       529
         2       385       517       528       529
         2       385       517       518       529
         2       386       387       397       519
         2       376       386       387       519
         2       376       386       508       519
         2       386       397       519       529
         2       386       518       519       529
         2       386       508       518       519
         2       387       398       399       531
         2       387       388       399       531
         2       387       388       520       531
         2       387       398       530       531
         2       387       519       530       531
         2       387       519       520       531
         2       388       399       400       532
         2       388       389       400       532
         2       388       389       521       532
         2       388       399       531       532
         2       388       520       531       532
         2       388       520       521       532
         2       389       400       401       533
         2       389       390       401       533
         2       389       390       522       533
         2       389       400       532       533
         2       389       521       532       533
         2       389       521       522       533
         2       390       401       402       534
         2       390       391       402       534
         2       390       391       523       534
         2       390       401       533       534
         2       390       522       533       534
         2       390       522       523       534
         2       391       402       403       535
         2       391       392       403       535
         2       391       392       524       535
         2       391       402       534       535
         2       391       523       534       535
         2       391       523       524       535
         2       392       403       404       536
         2       392       393       404       536
         2       392       393       525       536
         2       392       403       535       536
         2       392       524       535       536
         2       392       524       525       536
         2       393       404       405       537
         2       393       394       405       537
         2       393       394       526       537
         2       393       404       536       537
         2       393       525       536       537
         2       393       525       526       537
         2       394       405       406       538
         2       394       395       406       538
         2       394       395       527       538
         2       394       405       537       538
         2       394       526       537       538
         2       394       526       527       538
         2       395       406       407       539
         2       395       396       407       539
         2       395       396       528       539
         2       395       406       538       539
         2       395       527       538       539
         2       395       527       528       539
         2       396       407       408       540
         2       396       397       408       540
         2       396       397       529       540
         2       396       407       539       540
         2       396       528       539       540
         2       396       528       529       540
         2       397       398       408       530
         2       387       397       398       530
         2       387       397       519       530
         2       397       408       530       540
         2       397       529       530       540
         2       397       519       529       530
         2       398       409       410       542
         2       398       399       410       542
         2       398       399       531       542
         2       398       409       541       542
         2       398       530       541       542
         2       398       530       531       542
         2       399       410       411       543
         2       399       400       411       543
         2       399       400       532       543
         2       399       410       542       543
         2       399       531       542       543
         2       399       531       532       543
         2       400       411       412       544
         2       400       401       412       544
         2       400       401       533       544
         2       400       411       543       544
         2       400       532       543       544
         2       400       532       533       544
         2       401       412       413       545
         2       401       402       413       545
         2       401       402       534       545
         2       401       412       544       545
         2       401       533       544       545
         2       401       533       534       545
         2       402       413       414       546
         2       402       403       414       546
         2       402       403       535       546
         2       402       413       545       546
         2       402       534       545       546
         2       402       534       535       546
         2       403       414       415       547
         2       403       404       415       547
         2       403       404       536       547
         2       403       414       546       547
         2       403       535       546       547
         2       403       535       536       547
         2       404       415       416       548
         2       404       405       416       548
         2       404       405       537       548
         2       404       415       547       548
         2       404       536       547       548
         2       404       536       537       548
         2       405       416       417       549
         2       405       406       417       549
         2       405       406       538       549
         2       405       416       548       549
         2       405       537       548       549
         2       405       537       538       549
         2       406       417       418       550
         2       406       407       418       550
         2       406       407       539       550
         2       406       417       549       550
         2       406       538       549       550
         2       406       538       539       550
         2       407       418       419       551
         2       407       408       419       551
         2       407       408       540       551
         2       407       418       550       551
         2       407       539       550       551
         2       407       539       540       551
         2       408       409       419       541
         2       398       408       409       541
         2       398       408       530       541
         2       408       419       541       551
         2       408       540       541       551
         2       408       530       540       541
         2       409       420       421       553
         2       409       410       421       553
         2       409       410       542       553
         2       409       420       552       553
         2       409       541       552       553
         2       409       541       542       553
         2       410       421       422       554
         2       410       411       422       554
         2       410       411       543       554
         2       410       421       553       554
         2       410       542       553       554
         2       410       542       543       554
         2       411       422       423       555
         2       411       412       423       555
         2       411       412       544       555
         2       411       422       554       555
         2       411       543       554       555
         2       411       543       544       555
         2       412       423       424       556
         2       412       413       424       556
         2       412       413       545       556
         2       412       423       555       556
         2       412       544       555       556
         2       412       544       545       556
         2       413       424       425       557
         2       413       414       425       557
         2       413       414       546       557
         2       413       424       556       557
         2       413       545       556       557
         2       413       545       546       557
         2       414       425       426       558
         2       414       415       426       558
         2       414       415       547       558
         2       414       425       557       558
         2       414       546       557       558
         2       414       546       547       558
         2       415       426       427       559
         2       415       416       427       559
         2       415       416       548       559
         2       415       426       558       559
         2       415       547       558       559
         2       415       547       548       559
         2       416       427       428       560
         2       416       417       428       560
         2       416       417       549       560
         2       416       427       559       560
         2       416       548       559       560
         2       416       548       549       560
         2       417       428       429       561
         2       417       418       429       561
         2       417       418       550       561
         2       417       428       560       561
         2       417       549       560       561
         2       417       549       550       561
         2       418       429       430       562
         2       418       419       430       562
         2       418       419       551       562
         2       418       429       561       562
         2       418       550       561       562
         2       418       550       551       562
         2       419       420       430       552
         2       409       419       420       552
         2       409       419       541       552
         2       419       430       552       562
         2       419       551       552       562
         2       419       541       551       552
         2       420       431       432       564
         2       420       421       432       564
         2       420       421       553       564
         2       420       431       563       564
         2       420       552       563       564
         2       420       552       553       564
         2       421       432       433       565
         2       421       422       433       565
         2       421       422       554       565
         2       421       432       564       565
         2       421       553       564       565
         2       421       553       554       565
         2       422       433       434       566
         2       422       423       434       566
         2       422       423       555       566
         2       422       433       565       566
         2       422       554       565       566
         2       422       554       555       566
         2       423       434       435       567
         2       423       424       435       567
         2       423       424       556       567
         2       423       434       566       567
         2       423       555       566       567
         2       423       555       556       567
         2       424       435       436       568
         2       424       425       436       568
         2       424       425       557       568
         2       424       435       567       568
         2       424       556       567       568
         2       424       556       557       568
         2       425       436       437       569
         2       425       426       437       569
         2       425       426       558       569
         2       425       436       568       569
         2       425       557       568       569
         2       425       557       558       569
         2       426       437       438       570
         2       426       427       438       570
         2       426       427       559       570
         2       426       437       569       570
         2       426       558       569       570
         2       426       558       559       570
         2       427       438       439       571
         2       427       428       439       571
         2       427       428       560       571
         2       427       438       570       571
         2       427       559       570       571
         2       427       559       560       571
         2       428       439       440       572
         2       428       429       440       572
         2       428       429       561       572
         2       428       439       571       572
         2       428       560       571       572
         2       428       560       561       572
         2       429       440       441       573
         2       429       430       441       573
         2       429       430       562       573
         2       429       440       572       573
         2       429       561       572       573
         2       429       561       562       573
         2       430       431       441       563
         2       420       430       431       563
         2       420       430       552       563
         2       430       441       563       573
         2       430       562       563       573
         2       430       552       562       563
         2       431       442       443       575
         2       431       432       443       575
         2       431       432       564       575
         2       431       442       574       575
         2       431       563       574       575
         2       431       563       564       575
         2       432       443       444       576
         2       432       433       444       576
         2       432       433       565       576
         2       432       443       575       576
         2       432       564       575       576
         2       432       564       565       576
         2       433       444       445       577
         2       433       434       445       577
         2       433       434       566       577
         2       433       444       576       577
         2       433       565       576       577
         2       433       565       566       577
         2       434       445       446       578
         2       434       435       446       578
         2       434       435       567       578
         2       434       445       577       578
         2       434       566       577       578
         2       434       566       567       578
         2       435       446       447       579
         2       435       436       447       579
         2       435       436       568       579
         2       435       446       578       579
         2       435       567       578       579
         2       435       567       568       579
         2       436       447       448       580
         2       436       437       448       580
         2       436       437       569       580
         2       436       447       579       580
         2       436       568       579       580
         2       436       568       569       580
         2       437       448       449       581
         2       437       438       449       581
         2       437       438       570       581
         2       437       448       580       581
         2       437       569       580       581
         2       437       569       570       581
         2       438       449       450       582
         2       438       439       450       582
         2       438       439       571       582
         2       438       449       581       582
         2       438       570       581       582
         2       438       570       571       582
         2       439       450       451       583
         2       439       440       451       583
         2       439       440       572       583
         2       439       450       582       583
         2       439       571       582       583
         2       439       571       572       583
         2       440       451       452       584
         2       440       441       452       584
         2       440       441       573       584
         2       440       451       583       584
         2       440       572       583       584
         2       440       572       573       584
         2       441       442       452       574
         2       431       441       442       574
         2       431       441       563       574
         2       441       452       574       584
         2       441       573       574       584
         2       441       563       573       574
         2       442       453       454       586
         2       442       443       454       586
         2       442       443       575       586
         2       442       453       585       586
         2       442       574       585       586
         2       442       574       575       586
         2       443       454       455       587
         2       443       444       455       587
         2       443       444       576       587
         2       443       454       586       587
         2       443       575       586       587
         2       443       575       576       587
         2       444       455       456       588
         2       444       445       456       588
         2       444       445       577       588
         2       444       455       587       588
         2       444       576       587       588
         2       444       576       577       588
         2       445       456       457       589
         2       445       446       457       589
         2       445       446       578       589
         2       445       456       588       589
         2       445       577       588       589
         2       445       577       578       589
         2       446       457       458       590
         2       446       447       458       590
         2       446       447       579       590
         2       446       457       589       590
         2       446       578       589       590
         2       446       578       579       590
         2       447       458       459       591
         2       447       448       459       591
         2       447       448       580       591
         2       447       458       590       591
         2       447       579       590       591
         2       447       579       580       591
         2       448       459       460       592
         2       448       449       460       592
         2       448       449       581       592
         2       448       459       591       592
         2       448       580       591       592
         2       448       580       581       592
         2       449       460       461       593
         2       449       450       461       593
         2       449       450       582       593
         2       449       460       592       593
         2       449       581       592       593
         2       449       581       582       593
         2       450       461       462       594
         2       450       451       462       594
         2       450       451       583       594
         2       450       461       593       594
         2       450       582       593       594
         2       450       582       583       594
         2       451       462       463       595
         2       451       452       463       595
         2       451       452       584       595
         2       451       462       594       595
         2       451       583       594       595
         2       451       583       584       595
         2       452       453       463       585
         2       442       452       453       585
         2       442       452       574       585
         2       452       463       585       595
         2       452       584       585       595
         2       452       574       584       585
         2       332       333       453       465
         2       333       453       454       465
         2       453       454       465       586
         2       332       453       464       465
         2       453       464       465       585
         2       453       465       585       586
         2       333       334       454       466
         2       334       454       455       466
         2       454       455       466       587
         2       333       454       465       466
         2       454       465       466       586
         2       454       466       586       587
         2       334       335       455       467
         2       335       455       456       467
         2       455       456       467       588
         2       334       455       466       467
         2       455       466       467       587
         2       455       467       587       588
         2       335       336       456       468
         2       336       456       457       468
         2       456       457       468       589
         2       335       456       467       468
         2       456       467       468       588
         2       456       468       588       589
         2       336       337       457       469
         2       337       457       458       469
         2       457       458       469       590
         2       336       457       468       469
         2       457       468       469       589
         2       457       469       589       590
         2       337       338       458       470
         2       338       458       459       470
         2       458       459       470       591
         2       337       458       469       470
         2       458       469       470       590
         2       458       470       590       591
         2       338       339       459       471
         2       339       459       460       471
         2       459       460       471       592
         2       338       459       470       471
         2       459       470       471       591
         2       459       471       591       592
         2       339       340       460       472
         2       340       460       461       472
         2       460       461       472       593
         2       339       460       471       472
         2       460       471       472       592
         2       460       472       592       593
         2       340       341       461       473
         2       341       461       462       473
         2       461       462       473       594
         2       340       461       472       473
         2       461       472       473       593
         2       461       473       593       594
         2       341       342       462       474
         2       342       462       463       474
         2       462       463       474       595
         2       341       462       473       474
         2       462       473       474       594
         2       462       474       594       595
         2       332       342       463       464
         2       332       453       463       464
         2       453       463       464       585
         2       342       463       464       474
         2       463       464       474       595
         2       463       464       585       595
         2       464       475       476       603
         2       464       465       476       603
         2       464       465       597       603
         2       464       475       602       603
         2       464       596       602       603
         2       464       596       597       603
         2       465       476       477       604
         2       465       466       477       604
         2       465       466       598       604
         2       465       476       603       604
         2       465       597       603       604
         2       465       597       598       604
         2       466       477       478       605
         2       466       467       478       605
         2       466       467       599       605
         2       466       477       604       605
         2       466       598       604       605
         2       466       598       599       605
         2       467       478       479       606
         2       467       468       479       606
         2       467       468       600       606
         2       467       478       605       606
         2       467       599       605       606
         2       467       599       600       606
         2       468       479       480       607
         2       468       469       480       607
         2       468       469       601       607
         2       468       479       606       607
         2       468       600       606       607
         2       468       600       601       607
         2       469       480       481       608
         2       469       470       481       608
         2       469       470       601       608
         2       469       480       607       608
         2       469       601       607       608
         2       469       601       601       608
         2       470       481       482       609
         2       470       471       482       609
         2       470       471       600       609
         2       470       481       608       609
         2       470       601       608       609
         2       470       600       601       609
         2       471       482       483       610
         2       471       472       483       610
         2       471       472       599       610
         2       471       482       609       610
         2       471       600       609       610
         2       471       599       600       610
         2       472       483       484       611
         2       472       473       484       611
         2       472       473       598       611
         2       472       483       610       611
         2       472       599       610       611
         2       472       598       599       611
         2       473       484       485       612
         2       473       474       485       612
         2       473       474       597       612
         2       473       484       611       612
         2       473       598       611       612
         2       473       597       598       612
         2       474       475       485       602
         2       464       474       475       602
         2       464       474       596       602
         2       474       485       602       612
         2       474       597       602       612
         2       474       596       597       602
         2       475       486       487       614
         2       475       476       487       614
         2       475       476       603       614
         2       475       486       613       614
         2       475       602       613       614
         2       475       602       603       614
         2       476       487       488       615
         2       476       477       488       615
         2       476       477       604       615
         2       476       487       614       615
         2       476       603       614       615
         2       476       603       604       615
         2       477       488       489       616
         2       477       478       489       616
         2       477       478       605       616
         2       477       488       615       616
         2       477       604       615       616
         2       477       604       605       616
         2       478       489       490       617
         2       478       479       490       617
         2       478       479       606       617
         2       478       489       616       617
         2       478       605       616       617
         2       478       605       606       617
         2       479       490       491       618
         2       479       480       491       618
         2       479       480       607       618
         2       479       490       617       618
         2       479       606       617       618
         2       479       606       607       618
         2       480       491       492       619
         2       480       481       492       619
         2       480       481       608       619
         2       480       491       618       619
         2       480       607       618       619
         2       480       607       608       619
         2       481       492       493       620
         2       481       482       493       620
         2       481       482       609       620
         2       481       492       619       620
         2       481       608       619       620
         2       481       608       609       620
         2       482       493       494       621
         2       482       483       494       621
         2       482       483       610       621
         2       482       493       620       621
         2       482       609       620       621
         2       482       609       610       621
         2       483       494       495       622
         2       483       484       495       622
         2       483       484       611       622
         2       483       494       621       622
         2       483       610       621       622
         2       483       610       611       622
         2       484       495       496       623
         2       484       485       496       623
         2       484       485       612       623
         2       484       495       622       623
         2       484       611       622       623
         2       484       611       612       623
         2       485       486       496       613
         2       475       485       486       613
         2       475       485       602       613
         2       485       496       613       623
         2       485       612       613       623
         2       485       602       612       613
         2       486       497       498       625
         2       486       487       498       625
         2       486       487       614       625
         2       486       497       624       625
         2       486       613       624       625
         2       486       613       614       625
         2       487       498       499       626
         2       487       488       499       626
         2       487       488       615       626
         2       487       498       625       626
         2       487       614       625       626
         2       487       614       615       626
         2       488       499       500       627
         2       488       489       500       627
         2       488       489       616       627
         2       488       499       626       627
         2       488       615       626       627
         2       488       615       616       627
         2       489       500       501       628
         2       489       490       501       628
         2       489       490       617       628
         2       489       500       627       628
         2       489       616       627       628
         2       489       616       617       628
         2       490       501       502       629
         2       490       491       502       629
         2       490       491       618       629
         2       490       501       628       629
         2       490       617       628       629
         2       490       617       618       629
         2       491       502       503       630
         2       491       492       503       630
         2       491       492       619       630
         2       491       502       629       630
         2       491       618       629       630
         2       491       618       619       630
         2       492       503       504       631
         2       492       493       504       631
         2       492       493       620       631
         2       492       503       630       631
         2       492       619       630       631
         2       492       619       620       631
         2       493       504       505       632
         2       493       494       505       632
         2       493       494       621       632
         2       493       504       631       632
         2       493       620       631       632
         2       493       620       621       632
         2       494       505       506       633
         2       494       495       506       633
         2       494       495       622       633
         2       494       505       632       633
         2       494       621       632       633
         2       494       621       622       633
         2       495       506       507       634
         2       495       496       507       634
         2       495       496       623       634
         2       495       506       633       634
         2       495       622       633       634
         2       495       622       623       634
         2       496       497       507       624
         2       486       496       497       624
         2       486       496       613       624
         2       496       507       624       634
         2       496       623       624       634
         2       496       613       623       624
         2       497       508       509       636
         2       497       498       509       636
         2       497       498       625       636
         2       497       508       635       636
         2       497       624       635       636
         2       497       624       625       636
         2       498       509       510       637
         2       498       499       510       637
         2       498       499       626       637
         2       498       509       636       637
         2       498       625       636       637
         2       498       625       626       637
         2       499       510       511       638
         2       499       500       511       638
         2       499       500       627       638
         2       499       510       637       638
         2       499       626       637       638
         2       499       626       627       638
         2       500       511       512       639
         2       500       501       512       639
         2       500       501       628       639
         2       500       511       638       639
         2       500       627       638       639
         2       500       627       628       639
         2       501       512       513       640
         2       501       502       513       640
         2       501       502       629       640
         2       501       512       639       640
         2       501       628       639       640
         2       501       628       629       640
         2       502       513       514       641
         2       502       503       514       641
         2       502       503       630       641
         2       502       513       640       641
         2       502       629       640       641
         2       502       629       630       641
         2       503       514       515       642
         2       503       504       515       642
         2       503       504       631       642
         2       503       514       641       642
         2       503       630       641       642
         2       503       630       631       642
         2       504       515       516       643
         2       504       505       516       643
         2       504       505       632       643
         2       504       515       642       643
         2       504       631       642       643
         2       504       631       632       643
         2       505       516       517       644
         2       505       506       517       644
         2       505       506       633       644
         2       505       516       643       644
         2       505       632       643       644
         2       505       632       633       644
         2       506       517       518       645
         2       506       507       518       645
         2       506       507       634       645
         2       506       517       644       645
         2       506       633       644       645
         2       506       633       634       645
         2       507       508       518       635
         2       497       507       508       635
         2       497       507       624       635
         2       507       518       635       645
         2       507       634       635       645
         2       507       624       634       635
         2       508       519       520       647
         2       508       509       520       647
         2       508       509       636       647
         2       508       519       646       647
         2       508       635       646       647
         2       508       635       636       647
         2       509       520       521       648
         2       509       510       521       648
         2       509       510       637       648
         2       509       520       647       648
         2       509       636       647       648
         2       509       636       637       648
         2       510       521       522       649
         2       510       511       522       649
         2       510       511       638       649
         2       510       521       648       649
         2       510       637       648       649
         2       510       637       638       649
         2       511       522       523       650
         2       511       512       523       650
         2       511       512       639       650
         2       511       522       649       650
         2       511       638       649       650
         2       511       638       639       650
         2       512       523       524       651
         2       512       513       524       651
         2       512       513       640       651
         2       512       523       650       651
         2       512       639       650       651
         2       512       639       640       651
         2       513       524       525       652
         2       513       514       525       652
         2       513       514       641       652
         2       513       524       651       652
         2       513       640       651       652
         2       513       640       641       652
         2       514       525       526       653
         2       514       515       526       653
         2       514       515       642       653
         2       514       525       652       653
         2       514       641       652       653
         2       514       641       642       653
         2       515       526       527       654
         2       515       516       527       654
         2       515       516       643       654
         2       515       526       653       654
         2       515       642       653       654
         2       515       642       643       654
         2       516       527       528       655
         2       516       517       528       655
         2       516       517       644       655
         2       516       527       654       655
         2       516       643       654       655
         2       516       643       644       655
         2       517       528       529       656
         2       517       518       529       656
         2       517       518       645       656
         2       517       528       655       656
         2       517       644       655       656
         2       517       644       645       656
         2       518       519       529       646
         2       508       518       519       646
         2       508       518       635       646
         2       518       529       646       656
         2       518       645       646       656
         2       518       635       645       646
         2       519       530       531       658
         2       519       520       531       658
         2       519       520       647       658
         2       519       530       657       658
         2       519       646       657       658
         2       519       646       647       658
         2       520       531       532       659
         2       520       521       532       659
         2       520       521       648       659
         2       520       531       658       659
         2       520       647       658       659
         2       520       647       648       659
         2       521       532       533       660
         2       521       522       533       660
         2       521       522       649       660
         2       521       532       659       660
         2       521       648       659       660
         2       521       648       649       660
         2       522       533       534       661
         2       522       523       534       661
         2       522       523       650       661
         2       522       533       660       661
         2       522       649       660       661
         2       522       649       650       661
         2       523       534       535       662
         2       523       524       535       662
         2       523       524       651       662
         2       523       534       661       662
         2       523       650       661       662
         2       523       650       651       662
         2       524       535       536       662
         2       524       525       536       662
         2       524       525       652       662
         2       524       535       662       662
         2       524       651       662       662
         2       524       651       652       662
         2       525       536       537       661
         2       525       526       537       661
         2       525       526       653       661
         2       525       536       661       662
         2       525       652       661       662
         2       525       652       653       661
         2       526       537       538       660
         2       526       527       538       660
         2       526       527       654       660
         2       526       537       660       661
         2       526       653       660       661
         2       526       653       654       660
         2       527       538       539       659
         2       527       528       539       659
         2       527       528       655       659
         2       527       538       659       660
         2       527       654       659       660
         2       527       654       655       659
         2       528       539       540       658
         2       528       529       540       658
         2       528       529       656       658
         2       528       539       658       659
         2       528       655       658       659
         2       528       655       656       658
         2       529       530       540       657
         2       519       529       530       657
         2       519       529       646       657
         2       529       540       657       658
         2       529       656       657       658
         2       529       646       656       657
         2       530       541       542       656
         2       530       531       542       656
         2       530       531       656       658
         2       530       541       646       656
         2       530       646       656       657
         2       530       656       657       658
         2       531       542       543       655
         2       531       532       543       655
         2       531       532       655       659
         2       531       542       655       656
         2       531       655       656       658
         2       531       655       658       659
         2       532       543       544       654
         2       532       533       544       654
         2       532       533       654       660
         2       532       543       654       655
         2       532       654       655       659
         2       532       654       659       660
         2       533       544       545       653
         2       533       534       545       653
         2       533       534       653       661
         2       533       544       653       654
         2       533       653       654       660
         2       533       653       660       661
         2       534       545       546       652
         2       534       535       546       652
         2       534       535       652       662
         2       534       545       652       653
         2       534       652       653       661
         2       534       652       661       662
         2       535       546       547       651
         2       535       536       547       651
         2       535       536       651       662
         2       535       546       651       652
         2       535       651       652       662
         2       535       651       662       662
         2       536       547       548       650
         2       536       537       548       650
         2       536       537       650       661
         2       536       547       650       651
         2       536       650       651       662
         2       536       650       661       662
         2       537       548       549       649
         2       537       538       549       649
         2       537       538       649       660
         2       537       548       649       650
         2       537       649       650       661
         2       537       649       660       661
         2       538       549       550       648
         2       538       539       550       648
         2       538       539       648       659
         2       538       549       648       649
         2       538       648       649       660
         2       538       648       659       660
         2       539       550       551       647
         2       539       540       551       647
         2       539       540       647       658
         2       539       550       647       648
         2       539       647       648       659
         2       539       647       658       659
         2       540       541       551       646
         2       530       540       541       646
         2       530       540       646       657
         2       540       551       646       647
         2       540       646       647       658
         2       540       646       657       658
         2       541       552       553       645
         2       541       542       553       645
         2       541       542       645       656
         2       541       552       635       645
         2       541       635       645       646
         2       541       645       646       656
         2       542       553       554       644
         2       542       543       554       644
         2       542       543       644       655
         2       542       553       644       645
         2       542       644       645       656
         2       542       644       655       656
         2       543       554       555       643
         2       543       544       555       643
         2       543       544       643       654
         2       543       554       643       644
         2       543       643       644       655
         2       543       643       654       655
         2       544       555       556       642
         2       544       545       556       642
         2       544       545       642       653
         2       544       555       642       643
         2       544       642       643       654
         2       544       642       653       654
         2       545       556       557       641
         2       545       546       557       641
         2       545       546       641       652
         2       545       556       641       642
         2       545       641       642       653
         2       545       641       652       653
         2       546       557       558       640
         2       546       547       558       640
         2       546       547       640       651
         2       546       557       640       641
         2       546       640       641       652
         2       546       640       651       652
         2       547       558       559       639
         2       547       548       559       639
         2       547       548       639       650
         2       547       558       639       640
         2       547       639       640       651
         2       547       639       650       651
         2       548       559       560       638
         2       548       549       560       638
         2       548       549       638       649
         2       548       559       638       639
         2       548       638       639       650
         2       548       638       649       650
         2       549       560       561       637
         2       549       550       561       637
         2       549       550       637       648
         2       549       560       637       638
         2       549       637       638       649
         2       549       637       648       649
         2       550       561       562       636
         2       550       551       562       636
         2       550       551       636       647
         2       550       561       636       637
         2       550       636       637       648
         2       550       636       647       648
         2       551       552       562       635
         2       541       551       552       635
         2       541       551       635       646
         2       551       562       635       636
         2       551       635       636       647
         2       551       635       646       647
         2       552       563       564       634
         2       552       553       564       634
         2       552       553       634       645
         2       552       563       624       634
         2       552       624       634       635
         2       552       634       635       645
         2       553       564       565       633
         2       553       554       565       633
         2       553       554       633       644
         2       553       564       633       634
         2       553       633       634       645
         2       553       633       644       645
         2       554       565       566       632
         2       554       555       566       632
         2       554       555       632       643
         2       554       565       632       633
         2       554       632       633       644
         2       554       632       643       644
         2       555       566       567       631
         2       555       556       567       631
         2       555       556       631       642
         2       555       566       631       632
         2       555       631       632       643
         2       555       631       642       643
         2       556       567       568       630
         2       556       557       568       630
         2       556       557       630       641
         2       556       567       630       631
         2       556       630       631       642
         2       556       630       641       642
         2       557       568       569       629
         2       557       558       569       629
         2       557       558       629       640
         2       557       568       629       630
         2       557       629       630       641
         2       557       629       640       641
         2       558       569       570       628
         2       558       559       570       628
         2       558       559       628       639
         2       558       569       628       629
         2       558       628       629       640
         2       558       628       639       640
         2       559       570       571       627
         2       559       560       571       627
         2       559       560       627       638
         2       559       570       627       628
         2       559       627       628       639
         2       559       627       638       639
         2       560       571       572       626
         2       560       561       572       626
         2       560       561       626       637
         2       560       571       626       627
         2       560       626       627       638
         2       560       626       637       638
         2       561       572       573       625
         2       561       562       573       625
         2       561       562       625       636
         2       561       572       625       626
         2       561       625       626       637
         2       561       625       636       637
         2       562       563       573       624
         2       552       562       563       624
         2       552       562       624       635
         2       562       573       624       625
         2       562       624       625       636
         2       562       624       635       636
         2       563       574       575       623
         2       563       564       575       623
         2       563       564       623       634
         2       563       574       613       623
         2       563       613       623       624
         2       563       623       624       634
         2       564       575       576       622
         2       564       565       576       622
         2       564       565       622       633
         2       564       575       622       623
         2       564       622       623       634
         2       564       622       633       634
         2       565       576       577       621
         2       565       566       577       621
         2       565       566       621       632
         2       565       576       621       622
         2       565       621       622       633
         2       565       621       632       633
         2       566       577       578       620
         2       566       567       578       620
         2       566       567       620       631
         2       566       577       620       621
         2       566       620       621       632
         2       566       620       631       632
         2       567       578       579       619
         2       567       568       579       619
         2       567       568       619       630
         2       567       578       619       620
         2       567       619       620       631
         2       567       619       630       631
         2       568       579       580       618
         2       568       569       580       618
         2       568       569       618       629
         2       568       579       618       619
         2       568       618       619       630
         2       568       618       629       630
         2       569       580       581       617
         2       569       570       581       617
         2       569       570       617       628
         2       569       580       617       618
         2       569       617       618       629
         2       569       617       628       629
         2       570       581       582       616
         2       570       571       582       616
         2       570       571       616       627
         2       570       581       616       617
         2       570       616       617       628
         2       570       616       627       628
         2       571       582       583       615
         2       571       572       583       615
         2       571       572       615       626
         2       571       582       615       616
         2       571       615       616       627
         2       571       615       626       627
         2       572       583       584       614
         2       572       573       584       614
         2       572       573       614       625
         2       572       583       614       615
         2       572       614       615       626
         2       572       614       625       626
         2       573       574       584       613
         2       563       573       574       613
         2       563       573       613       624
         2       573       584       613       614
         2       573       613       614       625
         2       573       613       624       625
         2       574       585       586       612
         2       574       575       586       612
         2       574       575       612       623
         2       574       585       602       612
         2       574       602       612       613
         2       574       612       613       623
         2       575       586       587       611
         2       575       576       587       611
         2       575       576       611       622
         2       575       586       611       612
         2       575       611       612       623
         2       575       611       622       623
         2       576       587       588       610
         2       576       577       588       610
         2       576       577       610       621
         2       576       587       610       611
         2       576       610       611       622
         2       576       610       621       622
         2       577       588       589       609
         2       577       578       589       609
         2       577       578       609       620
         2       577       588       609       610
         2       577       609       610       621
         2       577       609       620       621
         2       578       589       590       608
         2       578       579       590       608
         2       578       579       608       619
         2       578       589       608       609
         2       578       608       609       620
         2       578       608       619       620
         2       579       590       591       607
         2       579       580       591       607
         2       579       580       607       618
         2       579       590       607       608
         2       579       607       608       619
         2       579       607       618       619
         2       580       591       592       606
         2       580       581       592       606
         2       580       581       606       617
         2       580       591       606       607
         2       580       606       607       618
         2       580       606       617       618
         2       581       592       593       605
         2       581       582       593       605
         2       581       582       605       616
         2       581       592       605       606
         2       581       605       606       617
         2       581       605       616       617
         2       582       593       594       604
         2       582       583       594       604
         2       582       583       604       615
         2       582       593       604       605
         2       582       604       605       616
         2       582       604       615       616
         2       583       594       595       603
         2       583       584       595       603
         2       583       584       603       614
         2       583       594       603       604
         2       583       603       604       615
         2       583       603       614       615
         2       584       585       595       602
         2       574       584       585       602
         2       574       584       602       613
         2       584       595       602       603
         2       584       602       603       614
         2       584       602       613       614
         2       464       465       585       597
         2       465       585       586       597
         2       585       586       597       612
         2       464       585       596       597
         2       585       596       597       602
         2       585       597       602       612
         2       465       466       586       598
         2       466       586       587       598
         2       586       587       598       611
         2       465       586       597       598
         2       586       597       598       612
         2       586       598       611       612
         2       466       467       587       599
         2       467       587       588       599
         2       587       588       599       610
         2       466       587       598       599
         2       587       598       599       611
         2       587       599       610       611
         2       467       468       588       600
         2       468       588       589       600
         2       588       589       600       609
         2       467       588       599       600
         2       588       599       600       610
         2       588       600       609       610
         2       468       469       589       601
         2       469       589       590       601
         2       589       590       601       608
         2       468       589       600       601
         2       589       600       601       609
         2       589       601       608       609
         2       469       470       590       601
         2       470       590       591       601
         2       590       591       601       607
         2       469       590       601       601
         2       590       601       601       608
         2       590       601       607       608
         2       470       471       591       600
         2       471       591       592       600
         2       591       592       600       606
         2       470       591       600       601
         2       591       600       601       607
         2       591       600       606       607
         2       471       472       592       599
         2       472       592       593       599
         2       592       593       599       605
         2       471       592       599       600
         2       592       599       600       606
         2       592       599       605       606
         2       472       473       593       598
         2       473       593       594       598
         2       593       594       598       604
         2       472       593       598       599
         2       593       598       599       605
         2       593       598       604       605
         2       473       474       594       597
         2       474       594       595       597
         2       594       595       597       603
         2       473       594       597       598
         2       594       597       598       604
         2       594       597       603       604
         2       464       474       595       596
         2       464       585       595       596
         2       585       595       596       602
         2       474       595       596       597
         2       595       596       597       603
         2       595       596       602       603
