Automatically generated mesh
     727
Reciprocal lattice
    0.00000000000000    0.00000000000000    0.00000000000000             1
    0.08333333333333    0.00000000000000   -0.00000000000000             2
    0.16666666666667    0.00000000000000   -0.00000000000000             2
    0.25000000000000   -0.00000000000000   -0.00000000000000             2
    0.33333333333333    0.00000000000000   -0.00000000000000             2
    0.41666666666667    0.00000000000000    0.00000000000000             2
    0.50000000000000   -0.00000000000000   -0.00000000000000             1
    0.00000000000000    0.09090909090909   -0.00000000000000             2
    0.08333333333333    0.09090909090909   -0.00000000000000             2
    0.16666666666667    0.09090909090909   -0.00000000000000             2
    0.25000000000000    0.09090909090909   -0.00000000000000             2
    0.33333333333333    0.09090909090909   -0.00000000000000             2
    0.41666666666667    0.09090909090909    0.00000000000000             2
    0.50000000000000    0.09090909090909   -0.00000000000000             2
   -0.41666666666667    0.09090909090909    0.00000000000000             2
   -0.33333333333333    0.09090909090909    0.00000000000000             2
   -0.25000000000000    0.09090909090909    0.00000000000000             2
   -0.16666666666667    0.09090909090909    0.00000000000000             2
   -0.08333333333333    0.09090909090909    0.00000000000000             2
    0.00000000000000    0.18181818181818   -0.00000000000000             2
    0.08333333333333    0.18181818181818   -0.00000000000000             2
    0.16666666666667    0.18181818181818   -0.00000000000000             2
    0.25000000000000    0.18181818181818   -0.00000000000000             2
    0.33333333333333    0.18181818181818   -0.00000000000000             2
    0.41666666666667    0.18181818181818   -0.00000000000000             2
    0.50000000000000    0.18181818181818   -0.00000000000000             2
   -0.41666666666667    0.18181818181818    0.00000000000000             2
   -0.33333333333333    0.18181818181818    0.00000000000000             2
   -0.25000000000000    0.18181818181818    0.00000000000000             2
   -0.16666666666667    0.18181818181818    0.00000000000000             2
   -0.08333333333333    0.18181818181818    0.00000000000000             2
    0.00000000000000    0.27272727272727    0.00000000000000             2
    0.08333333333333    0.27272727272727   -0.00000000000000             2
    0.16666666666667    0.27272727272727   -0.00000000000000             2
    0.25000000000000    0.27272727272727   -0.00000000000000             2
    0.33333333333333    0.27272727272727   -0.00000000000000             2
    0.41666666666667    0.27272727272727    0.00000000000000             2
    0.50000000000000    0.27272727272727   -0.00000000000000             2
   -0.41666666666667    0.27272727272727    0.00000000000000             2
   -0.33333333333333    0.27272727272727    0.00000000000000             2
   -0.25000000000000    0.27272727272727    0.00000000000000             2
   -0.16666666666667    0.27272727272727    0.00000000000000             2
   -0.08333333333333    0.27272727272727   -0.00000000000000             2
    0.00000000000000    0.36363636363636   -0.00000000000000             2
    0.08333333333333    0.36363636363636   -0.00000000000000             2
    0.16666666666667    0.36363636363636   -0.00000000000000             2
    0.25000000000000    0.36363636363636   -0.00000000000000             2
    0.33333333333333    0.36363636363636   -0.00000000000000             2
    0.41666666666667    0.36363636363636   -0.00000000000000             2
    0.50000000000000    0.36363636363636   -0.00000000000000             2
   -0.41666666666667    0.36363636363636   -0.00000000000000             2
   -0.33333333333333    0.36363636363636    0.00000000000000             2
   -0.25000000000000    0.36363636363636   -0.00000000000000             2
   -0.16666666666667    0.36363636363636    0.00000000000000             2
   -0.08333333333333    0.36363636363636    0.00000000000000             2
    0.00000000000000    0.45454545454545   -0.00000000000000             2
    0.08333333333333    0.45454545454545   -0.00000000000000             2
    0.16666666666667    0.45454545454546   -0.00000000000000             2
    0.25000000000000    0.45454545454546   -0.00000000000000             2
    0.33333333333333    0.45454545454546   -0.00000000000000             2
    0.41666666666667    0.45454545454546   -0.00000000000000             2
    0.50000000000000    0.45454545454545   -0.00000000000000             2
   -0.41666666666667    0.45454545454546    0.00000000000000             2
   -0.33333333333333    0.45454545454545    0.00000000000000             2
   -0.25000000000000    0.45454545454545   -0.00000000000000             2
   -0.16666666666667    0.45454545454545   -0.00000000000000             2
   -0.08333333333333    0.45454545454545    0.00000000000000             2
    0.00000000000000    0.00000000000000    0.09090909090909             2
    0.08333333333333    0.00000000000000    0.09090909090909             2
    0.16666666666667    0.00000000000000    0.09090909090909             2
    0.25000000000000   -0.00000000000000    0.09090909090909             2
    0.33333333333333    0.00000000000000    0.09090909090909             2
    0.41666666666667    0.00000000000000    0.09090909090909             2
    0.50000000000000   -0.00000000000000    0.09090909090909             2
   -0.41666666666667   -0.00000000000000    0.09090909090909             2
   -0.33333333333333    0.00000000000000    0.09090909090909             2
   -0.25000000000000    0.00000000000000    0.09090909090909             2
   -0.16666666666667    0.00000000000000    0.09090909090909             2
   -0.08333333333333    0.00000000000000    0.09090909090909             2
    0.00000000000000    0.09090909090909    0.09090909090909             2
    0.08333333333333    0.09090909090909    0.09090909090909             2
    0.16666666666667    0.09090909090909    0.09090909090909             2
    0.25000000000000    0.09090909090909    0.09090909090909             2
    0.33333333333333    0.09090909090909    0.09090909090909             2
    0.41666666666667    0.09090909090909    0.09090909090909             2
    0.50000000000000    0.09090909090909    0.09090909090909             2
   -0.41666666666667    0.09090909090909    0.09090909090909             2
   -0.33333333333333    0.09090909090909    0.09090909090909             2
   -0.25000000000000    0.09090909090909    0.09090909090909             2
   -0.16666666666667    0.09090909090909    0.09090909090909             2
   -0.08333333333333    0.09090909090909    0.09090909090909             2
    0.00000000000000    0.18181818181818    0.09090909090909             2
    0.08333333333333    0.18181818181818    0.09090909090909             2
    0.16666666666667    0.18181818181818    0.09090909090909             2
    0.25000000000000    0.18181818181818    0.09090909090909             2
    0.33333333333333    0.18181818181818    0.09090909090909             2
    0.41666666666667    0.18181818181818    0.09090909090909             2
    0.50000000000000    0.18181818181818    0.09090909090909             2
   -0.41666666666667    0.18181818181818    0.09090909090909             2
   -0.33333333333333    0.18181818181818    0.09090909090909             2
   -0.25000000000000    0.18181818181818    0.09090909090909             2
   -0.16666666666667    0.18181818181818    0.09090909090909             2
   -0.08333333333333    0.18181818181818    0.09090909090909             2
    0.00000000000000    0.27272727272727    0.09090909090909             2
    0.08333333333333    0.27272727272727    0.09090909090909             2
    0.16666666666667    0.27272727272727    0.09090909090909             2
    0.25000000000000    0.27272727272727    0.09090909090909             2
    0.33333333333333    0.27272727272727    0.09090909090909             2
    0.41666666666667    0.27272727272727    0.09090909090909             2
    0.50000000000000    0.27272727272727    0.09090909090909             2
   -0.41666666666667    0.27272727272727    0.09090909090909             2
   -0.33333333333333    0.27272727272727    0.09090909090909             2
   -0.25000000000000    0.27272727272727    0.09090909090909             2
   -0.16666666666667    0.27272727272727    0.09090909090909             2
   -0.08333333333333    0.27272727272727    0.09090909090909             2
    0.00000000000000    0.36363636363636    0.09090909090909             2
    0.08333333333333    0.36363636363636    0.09090909090909             2
    0.16666666666667    0.36363636363636    0.09090909090909             2
    0.25000000000000    0.36363636363636    0.09090909090909             2
    0.33333333333333    0.36363636363636    0.09090909090909             2
    0.41666666666667    0.36363636363636    0.09090909090909             2
    0.50000000000000    0.36363636363636    0.09090909090909             2
   -0.41666666666667    0.36363636363636    0.09090909090909             2
   -0.33333333333333    0.36363636363636    0.09090909090909             2
   -0.25000000000000    0.36363636363636    0.09090909090909             2
   -0.16666666666667    0.36363636363636    0.09090909090909             2
   -0.08333333333333    0.36363636363636    0.09090909090909             2
    0.00000000000000    0.45454545454545    0.09090909090909             2
    0.08333333333333    0.45454545454545    0.09090909090909             2
    0.16666666666667    0.45454545454546    0.09090909090909             2
    0.25000000000000    0.45454545454546    0.09090909090909             2
    0.33333333333333    0.45454545454546    0.09090909090909             2
    0.41666666666667    0.45454545454546    0.09090909090909             2
    0.50000000000000    0.45454545454545    0.09090909090909             2
   -0.41666666666667    0.45454545454546    0.09090909090909             2
   -0.33333333333333    0.45454545454545    0.09090909090909             2
   -0.25000000000000    0.45454545454545    0.09090909090909             2
   -0.16666666666667    0.45454545454545    0.09090909090909             2
   -0.08333333333333    0.45454545454545    0.09090909090909             2
    0.00000000000000   -0.45454545454545    0.09090909090909             2
    0.08333333333333   -0.45454545454545    0.09090909090909             2
    0.16666666666667   -0.45454545454545    0.09090909090909             2
    0.25000000000000   -0.45454545454545    0.09090909090909             2
    0.33333333333333   -0.45454545454545    0.09090909090909             2
    0.41666666666667   -0.45454545454546    0.09090909090909             2
    0.50000000000000   -0.45454545454545    0.09090909090909             2
   -0.41666666666667   -0.45454545454545    0.09090909090909             2
   -0.33333333333333   -0.45454545454546    0.09090909090909             2
   -0.25000000000000   -0.45454545454546    0.09090909090909             2
   -0.16666666666667   -0.45454545454546    0.09090909090909             2
   -0.08333333333333   -0.45454545454545    0.09090909090909             2
    0.00000000000000   -0.36363636363636    0.09090909090909             2
    0.08333333333333   -0.36363636363636    0.09090909090909             2
    0.16666666666667   -0.36363636363636    0.09090909090909             2
    0.25000000000000   -0.36363636363636    0.09090909090909             2
    0.33333333333333   -0.36363636363636    0.09090909090909             2
    0.41666666666667   -0.36363636363636    0.09090909090909             2
    0.50000000000000   -0.36363636363636    0.09090909090909             2
   -0.41666666666667   -0.36363636363636    0.09090909090909             2
   -0.33333333333333   -0.36363636363636    0.09090909090909             2
   -0.25000000000000   -0.36363636363636    0.09090909090909             2
   -0.16666666666667   -0.36363636363636    0.09090909090909             2
   -0.08333333333333   -0.36363636363636    0.09090909090909             2
    0.00000000000000   -0.27272727272727    0.09090909090909             2
    0.08333333333333   -0.27272727272727    0.09090909090909             2
    0.16666666666667   -0.27272727272727    0.09090909090909             2
    0.25000000000000   -0.27272727272727    0.09090909090909             2
    0.33333333333333   -0.27272727272727    0.09090909090909             2
    0.41666666666667   -0.27272727272727    0.09090909090909             2
    0.50000000000000   -0.27272727272727    0.09090909090909             2
   -0.41666666666667   -0.27272727272727    0.09090909090909             2
   -0.33333333333333   -0.27272727272727    0.09090909090909             2
   -0.25000000000000   -0.27272727272727    0.09090909090909             2
   -0.16666666666667   -0.27272727272727    0.09090909090909             2
   -0.08333333333333   -0.27272727272727    0.09090909090909             2
    0.00000000000000   -0.18181818181818    0.09090909090909             2
    0.08333333333333   -0.18181818181818    0.09090909090909             2
    0.16666666666667   -0.18181818181818    0.09090909090909             2
    0.25000000000000   -0.18181818181818    0.09090909090909             2
    0.33333333333333   -0.18181818181818    0.09090909090909             2
    0.41666666666667   -0.18181818181818    0.09090909090909             2
    0.50000000000000   -0.18181818181818    0.09090909090909             2
   -0.41666666666667   -0.18181818181818    0.09090909090909             2
   -0.33333333333333   -0.18181818181818    0.09090909090909             2
   -0.25000000000000   -0.18181818181818    0.09090909090909             2
   -0.16666666666667   -0.18181818181818    0.09090909090909             2
   -0.08333333333333   -0.18181818181818    0.09090909090909             2
    0.00000000000000   -0.09090909090909    0.09090909090909             2
    0.08333333333333   -0.09090909090909    0.09090909090909             2
    0.16666666666667   -0.09090909090909    0.09090909090909             2
    0.25000000000000   -0.09090909090909    0.09090909090909             2
    0.33333333333333   -0.09090909090909    0.09090909090909             2
    0.41666666666667   -0.09090909090909    0.09090909090909             2
    0.50000000000000   -0.09090909090909    0.09090909090909             2
   -0.41666666666667   -0.09090909090909    0.09090909090909             2
   -0.33333333333333   -0.09090909090909    0.09090909090909             2
   -0.25000000000000   -0.09090909090909    0.09090909090909             2
   -0.16666666666667   -0.09090909090909    0.09090909090909             2
   -0.08333333333333   -0.09090909090909    0.09090909090909             2
    0.00000000000000    0.00000000000000    0.18181818181818             2
    0.08333333333333    0.00000000000000    0.18181818181818             2
    0.16666666666667    0.00000000000000    0.18181818181818             2
    0.25000000000000   -0.00000000000000    0.18181818181818             2
    0.33333333333333    0.00000000000000    0.18181818181818             2
    0.41666666666667    0.00000000000000    0.18181818181818             2
    0.50000000000000   -0.00000000000000    0.18181818181818             2
   -0.41666666666667   -0.00000000000000    0.18181818181818             2
   -0.33333333333333    0.00000000000000    0.18181818181818             2
   -0.25000000000000    0.00000000000000    0.18181818181818             2
   -0.16666666666667    0.00000000000000    0.18181818181818             2
   -0.08333333333333    0.00000000000000    0.18181818181818             2
    0.00000000000000    0.09090909090909    0.18181818181818             2
    0.08333333333333    0.09090909090909    0.18181818181818             2
    0.16666666666667    0.09090909090909    0.18181818181818             2
    0.25000000000000    0.09090909090909    0.18181818181818             2
    0.33333333333333    0.09090909090909    0.18181818181818             2
    0.41666666666667    0.09090909090909    0.18181818181818             2
    0.50000000000000    0.09090909090909    0.18181818181818             2
   -0.41666666666667    0.09090909090909    0.18181818181818             2
   -0.33333333333333    0.09090909090909    0.18181818181818             2
   -0.25000000000000    0.09090909090909    0.18181818181818             2
   -0.16666666666667    0.09090909090909    0.18181818181818             2
   -0.08333333333333    0.09090909090909    0.18181818181818             2
    0.00000000000000    0.18181818181818    0.18181818181818             2
    0.08333333333333    0.18181818181818    0.18181818181818             2
    0.16666666666667    0.18181818181818    0.18181818181818             2
    0.25000000000000    0.18181818181818    0.18181818181818             2
    0.33333333333333    0.18181818181818    0.18181818181818             2
    0.41666666666667    0.18181818181818    0.18181818181818             2
    0.50000000000000    0.18181818181818    0.18181818181818             2
   -0.41666666666667    0.18181818181818    0.18181818181818             2
   -0.33333333333333    0.18181818181818    0.18181818181818             2
   -0.25000000000000    0.18181818181818    0.18181818181818             2
   -0.16666666666667    0.18181818181818    0.18181818181818             2
   -0.08333333333333    0.18181818181818    0.18181818181818             2
    0.00000000000000    0.27272727272727    0.18181818181818             2
    0.08333333333333    0.27272727272727    0.18181818181818             2
    0.16666666666667    0.27272727272727    0.18181818181818             2
    0.25000000000000    0.27272727272727    0.18181818181818             2
    0.33333333333333    0.27272727272727    0.18181818181818             2
    0.41666666666667    0.27272727272727    0.18181818181818             2
    0.50000000000000    0.27272727272727    0.18181818181818             2
   -0.41666666666667    0.27272727272727    0.18181818181818             2
   -0.33333333333333    0.27272727272727    0.18181818181818             2
   -0.25000000000000    0.27272727272727    0.18181818181818             2
   -0.16666666666667    0.27272727272727    0.18181818181818             2
   -0.08333333333333    0.27272727272727    0.18181818181818             2
    0.00000000000000    0.36363636363636    0.18181818181818             2
    0.08333333333333    0.36363636363636    0.18181818181818             2
    0.16666666666667    0.36363636363636    0.18181818181818             2
    0.25000000000000    0.36363636363636    0.18181818181818             2
    0.33333333333333    0.36363636363636    0.18181818181818             2
    0.41666666666667    0.36363636363636    0.18181818181818             2
    0.50000000000000    0.36363636363636    0.18181818181818             2
   -0.41666666666667    0.36363636363636    0.18181818181818             2
   -0.33333333333333    0.36363636363636    0.18181818181818             2
   -0.25000000000000    0.36363636363636    0.18181818181818             2
   -0.16666666666667    0.36363636363636    0.18181818181818             2
   -0.08333333333333    0.36363636363636    0.18181818181818             2
    0.00000000000000    0.45454545454545    0.18181818181818             2
    0.08333333333333    0.45454545454545    0.18181818181818             2
    0.16666666666667    0.45454545454546    0.18181818181818             2
    0.25000000000000    0.45454545454546    0.18181818181818             2
    0.33333333333333    0.45454545454546    0.18181818181818             2
    0.41666666666667    0.45454545454546    0.18181818181818             2
    0.50000000000000    0.45454545454545    0.18181818181818             2
   -0.41666666666667    0.45454545454546    0.18181818181818             2
   -0.33333333333333    0.45454545454545    0.18181818181818             2
   -0.25000000000000    0.45454545454545    0.18181818181818             2
   -0.16666666666667    0.45454545454545    0.18181818181818             2
   -0.08333333333333    0.45454545454545    0.18181818181818             2
    0.00000000000000   -0.45454545454545    0.18181818181818             2
    0.08333333333333   -0.45454545454545    0.18181818181818             2
    0.16666666666667   -0.45454545454545    0.18181818181818             2
    0.25000000000000   -0.45454545454545    0.18181818181818             2
    0.33333333333333   -0.45454545454545    0.18181818181818             2
    0.41666666666667   -0.45454545454546    0.18181818181818             2
    0.50000000000000   -0.45454545454545    0.18181818181818             2
   -0.41666666666667   -0.45454545454545    0.18181818181818             2
   -0.33333333333333   -0.45454545454546    0.18181818181818             2
   -0.25000000000000   -0.45454545454546    0.18181818181818             2
   -0.16666666666667   -0.45454545454546    0.18181818181818             2
   -0.08333333333333   -0.45454545454545    0.18181818181818             2
    0.00000000000000   -0.36363636363636    0.18181818181818             2
    0.08333333333333   -0.36363636363636    0.18181818181818             2
    0.16666666666667   -0.36363636363636    0.18181818181818             2
    0.25000000000000   -0.36363636363636    0.18181818181818             2
    0.33333333333333   -0.36363636363636    0.18181818181818             2
    0.41666666666667   -0.36363636363636    0.18181818181818             2
    0.50000000000000   -0.36363636363636    0.18181818181818             2
   -0.41666666666667   -0.36363636363636    0.18181818181818             2
   -0.33333333333333   -0.36363636363636    0.18181818181818             2
   -0.25000000000000   -0.36363636363636    0.18181818181818             2
   -0.16666666666667   -0.36363636363636    0.18181818181818             2
   -0.08333333333333   -0.36363636363636    0.18181818181818             2
    0.00000000000000   -0.27272727272727    0.18181818181818             2
    0.08333333333333   -0.27272727272727    0.18181818181818             2
    0.16666666666667   -0.27272727272727    0.18181818181818             2
    0.25000000000000   -0.27272727272727    0.18181818181818             2
    0.33333333333333   -0.27272727272727    0.18181818181818             2
    0.41666666666667   -0.27272727272727    0.18181818181818             2
    0.50000000000000   -0.27272727272727    0.18181818181818             2
   -0.41666666666667   -0.27272727272727    0.18181818181818             2
   -0.33333333333333   -0.27272727272727    0.18181818181818             2
   -0.25000000000000   -0.27272727272727    0.18181818181818             2
   -0.16666666666667   -0.27272727272727    0.18181818181818             2
   -0.08333333333333   -0.27272727272727    0.18181818181818             2
    0.00000000000000   -0.18181818181818    0.18181818181818             2
    0.08333333333333   -0.18181818181818    0.18181818181818             2
    0.16666666666667   -0.18181818181818    0.18181818181818             2
    0.25000000000000   -0.18181818181818    0.18181818181818             2
    0.33333333333333   -0.18181818181818    0.18181818181818             2
    0.41666666666667   -0.18181818181818    0.18181818181818             2
    0.50000000000000   -0.18181818181818    0.18181818181818             2
   -0.41666666666667   -0.18181818181818    0.18181818181818             2
   -0.33333333333333   -0.18181818181818    0.18181818181818             2
   -0.25000000000000   -0.18181818181818    0.18181818181818             2
   -0.16666666666667   -0.18181818181818    0.18181818181818             2
   -0.08333333333333   -0.18181818181818    0.18181818181818             2
    0.00000000000000   -0.09090909090909    0.18181818181818             2
    0.08333333333333   -0.09090909090909    0.18181818181818             2
    0.16666666666667   -0.09090909090909    0.18181818181818             2
    0.25000000000000   -0.09090909090909    0.18181818181818             2
    0.33333333333333   -0.09090909090909    0.18181818181818             2
    0.41666666666667   -0.09090909090909    0.18181818181818             2
    0.50000000000000   -0.09090909090909    0.18181818181818             2
   -0.41666666666667   -0.09090909090909    0.18181818181818             2
   -0.33333333333333   -0.09090909090909    0.18181818181818             2
   -0.25000000000000   -0.09090909090909    0.18181818181818             2
   -0.16666666666667   -0.09090909090909    0.18181818181818             2
   -0.08333333333333   -0.09090909090909    0.18181818181818             2
    0.00000000000000    0.00000000000000    0.27272727272727             2
    0.08333333333333    0.00000000000000    0.27272727272727             2
    0.16666666666667    0.00000000000000    0.27272727272727             2
    0.25000000000000   -0.00000000000000    0.27272727272727             2
    0.33333333333333    0.00000000000000    0.27272727272727             2
    0.41666666666667    0.00000000000000    0.27272727272727             2
    0.50000000000000   -0.00000000000000    0.27272727272727             2
   -0.41666666666667   -0.00000000000000    0.27272727272727             2
   -0.33333333333333    0.00000000000000    0.27272727272727             2
   -0.25000000000000    0.00000000000000    0.27272727272727             2
   -0.16666666666667    0.00000000000000    0.27272727272727             2
   -0.08333333333333    0.00000000000000    0.27272727272727             2
    0.00000000000000    0.09090909090909    0.27272727272727             2
    0.08333333333333    0.09090909090909    0.27272727272727             2
    0.16666666666667    0.09090909090909    0.27272727272727             2
    0.25000000000000    0.09090909090909    0.27272727272727             2
    0.33333333333333    0.09090909090909    0.27272727272727             2
    0.41666666666667    0.09090909090909    0.27272727272727             2
    0.50000000000000    0.09090909090909    0.27272727272727             2
   -0.41666666666667    0.09090909090909    0.27272727272727             2
   -0.33333333333333    0.09090909090909    0.27272727272727             2
   -0.25000000000000    0.09090909090909    0.27272727272727             2
   -0.16666666666667    0.09090909090909    0.27272727272727             2
   -0.08333333333333    0.09090909090909    0.27272727272727             2
    0.00000000000000    0.18181818181818    0.27272727272727             2
    0.08333333333333    0.18181818181818    0.27272727272727             2
    0.16666666666667    0.18181818181818    0.27272727272727             2
    0.25000000000000    0.18181818181818    0.27272727272727             2
    0.33333333333333    0.18181818181818    0.27272727272727             2
    0.41666666666667    0.18181818181818    0.27272727272727             2
    0.50000000000000    0.18181818181818    0.27272727272727             2
   -0.41666666666667    0.18181818181818    0.27272727272727             2
   -0.33333333333333    0.18181818181818    0.27272727272727             2
   -0.25000000000000    0.18181818181818    0.27272727272727             2
   -0.16666666666667    0.18181818181818    0.27272727272727             2
   -0.08333333333333    0.18181818181818    0.27272727272727             2
    0.00000000000000    0.27272727272727    0.27272727272727             2
    0.08333333333333    0.27272727272727    0.27272727272727             2
    0.16666666666667    0.27272727272727    0.27272727272727             2
    0.25000000000000    0.27272727272727    0.27272727272727             2
    0.33333333333333    0.27272727272727    0.27272727272727             2
    0.41666666666667    0.27272727272727    0.27272727272727             2
    0.50000000000000    0.27272727272727    0.27272727272727             2
   -0.41666666666667    0.27272727272727    0.27272727272727             2
   -0.33333333333333    0.27272727272727    0.27272727272727             2
   -0.25000000000000    0.27272727272727    0.27272727272727             2
   -0.16666666666667    0.27272727272727    0.27272727272727             2
   -0.08333333333333    0.27272727272727    0.27272727272727             2
    0.00000000000000    0.36363636363636    0.27272727272727             2
    0.08333333333333    0.36363636363636    0.27272727272727             2
    0.16666666666667    0.36363636363636    0.27272727272727             2
    0.25000000000000    0.36363636363636    0.27272727272727             2
    0.33333333333333    0.36363636363636    0.27272727272727             2
    0.41666666666667    0.36363636363636    0.27272727272727             2
    0.50000000000000    0.36363636363636    0.27272727272727             2
   -0.41666666666667    0.36363636363636    0.27272727272727             2
   -0.33333333333333    0.36363636363636    0.27272727272727             2
   -0.25000000000000    0.36363636363636    0.27272727272727             2
   -0.16666666666667    0.36363636363636    0.27272727272727             2
   -0.08333333333333    0.36363636363636    0.27272727272727             2
    0.00000000000000    0.45454545454545    0.27272727272727             2
    0.08333333333333    0.45454545454545    0.27272727272727             2
    0.16666666666667    0.45454545454546    0.27272727272727             2
    0.25000000000000    0.45454545454546    0.27272727272727             2
    0.33333333333333    0.45454545454546    0.27272727272727             2
    0.41666666666667    0.45454545454546    0.27272727272727             2
    0.50000000000000    0.45454545454545    0.27272727272727             2
   -0.41666666666667    0.45454545454546    0.27272727272727             2
   -0.33333333333333    0.45454545454545    0.27272727272727             2
   -0.25000000000000    0.45454545454545    0.27272727272727             2
   -0.16666666666667    0.45454545454545    0.27272727272727             2
   -0.08333333333333    0.45454545454545    0.27272727272727             2
    0.00000000000000   -0.45454545454545    0.27272727272727             2
    0.08333333333333   -0.45454545454545    0.27272727272727             2
    0.16666666666667   -0.45454545454545    0.27272727272727             2
    0.25000000000000   -0.45454545454545    0.27272727272727             2
    0.33333333333333   -0.45454545454545    0.27272727272727             2
    0.41666666666667   -0.45454545454546    0.27272727272727             2
    0.50000000000000   -0.45454545454545    0.27272727272727             2
   -0.41666666666667   -0.45454545454545    0.27272727272727             2
   -0.33333333333333   -0.45454545454546    0.27272727272727             2
   -0.25000000000000   -0.45454545454546    0.27272727272727             2
   -0.16666666666667   -0.45454545454546    0.27272727272727             2
   -0.08333333333333   -0.45454545454545    0.27272727272727             2
    0.00000000000000   -0.36363636363636    0.27272727272727             2
    0.08333333333333   -0.36363636363636    0.27272727272727             2
    0.16666666666667   -0.36363636363636    0.27272727272727             2
    0.25000000000000   -0.36363636363636    0.27272727272727             2
    0.33333333333333   -0.36363636363636    0.27272727272727             2
    0.41666666666667   -0.36363636363636    0.27272727272727             2
    0.50000000000000   -0.36363636363636    0.27272727272727             2
   -0.41666666666667   -0.36363636363636    0.27272727272727             2
   -0.33333333333333   -0.36363636363636    0.27272727272727             2
   -0.25000000000000   -0.36363636363636    0.27272727272727             2
   -0.16666666666667   -0.36363636363636    0.27272727272727             2
   -0.08333333333333   -0.36363636363636    0.27272727272727             2
    0.00000000000000   -0.27272727272727    0.27272727272727             2
    0.08333333333333   -0.27272727272727    0.27272727272727             2
    0.16666666666667   -0.27272727272727    0.27272727272727             2
    0.25000000000000   -0.27272727272727    0.27272727272727             2
    0.33333333333333   -0.27272727272727    0.27272727272727             2
    0.41666666666667   -0.27272727272727    0.27272727272727             2
    0.50000000000000   -0.27272727272727    0.27272727272727             2
   -0.41666666666667   -0.27272727272727    0.27272727272727             2
   -0.33333333333333   -0.27272727272727    0.27272727272727             2
   -0.25000000000000   -0.27272727272727    0.27272727272727             2
   -0.16666666666667   -0.27272727272727    0.27272727272727             2
   -0.08333333333333   -0.27272727272727    0.27272727272727             2
    0.00000000000000   -0.18181818181818    0.27272727272727             2
    0.08333333333333   -0.18181818181818    0.27272727272727             2
    0.16666666666667   -0.18181818181818    0.27272727272727             2
    0.25000000000000   -0.18181818181818    0.27272727272727             2
    0.33333333333333   -0.18181818181818    0.27272727272727             2
    0.41666666666667   -0.18181818181818    0.27272727272727             2
    0.50000000000000   -0.18181818181818    0.27272727272727             2
   -0.41666666666667   -0.18181818181818    0.27272727272727             2
   -0.33333333333333   -0.18181818181818    0.27272727272727             2
   -0.25000000000000   -0.18181818181818    0.27272727272727             2
   -0.16666666666667   -0.18181818181818    0.27272727272727             2
   -0.08333333333333   -0.18181818181818    0.27272727272727             2
    0.00000000000000   -0.09090909090909    0.27272727272727             2
    0.08333333333333   -0.09090909090909    0.27272727272727             2
    0.16666666666667   -0.09090909090909    0.27272727272727             2
    0.25000000000000   -0.09090909090909    0.27272727272727             2
    0.33333333333333   -0.09090909090909    0.27272727272727             2
    0.41666666666667   -0.09090909090909    0.27272727272727             2
    0.50000000000000   -0.09090909090909    0.27272727272727             2
   -0.41666666666667   -0.09090909090909    0.27272727272727             2
   -0.33333333333333   -0.09090909090909    0.27272727272727             2
   -0.25000000000000   -0.09090909090909    0.27272727272727             2
   -0.16666666666667   -0.09090909090909    0.27272727272727             2
   -0.08333333333333   -0.09090909090909    0.27272727272727             2
    0.00000000000000    0.00000000000000    0.36363636363636             2
    0.08333333333333    0.00000000000000    0.36363636363636             2
    0.16666666666667    0.00000000000000    0.36363636363636             2
    0.25000000000000   -0.00000000000000    0.36363636363636             2
    0.33333333333333    0.00000000000000    0.36363636363636             2
    0.41666666666667    0.00000000000000    0.36363636363636             2
    0.50000000000000   -0.00000000000000    0.36363636363636             2
   -0.41666666666667   -0.00000000000000    0.36363636363636             2
   -0.33333333333333    0.00000000000000    0.36363636363636             2
   -0.25000000000000    0.00000000000000    0.36363636363636             2
   -0.16666666666667    0.00000000000000    0.36363636363636             2
   -0.08333333333333    0.00000000000000    0.36363636363636             2
    0.00000000000000    0.09090909090909    0.36363636363636             2
    0.08333333333333    0.09090909090909    0.36363636363636             2
    0.16666666666667    0.09090909090909    0.36363636363636             2
    0.25000000000000    0.09090909090909    0.36363636363636             2
    0.33333333333333    0.09090909090909    0.36363636363636             2
    0.41666666666667    0.09090909090909    0.36363636363636             2
    0.50000000000000    0.09090909090909    0.36363636363636             2
   -0.41666666666667    0.09090909090909    0.36363636363636             2
   -0.33333333333333    0.09090909090909    0.36363636363636             2
   -0.25000000000000    0.09090909090909    0.36363636363636             2
   -0.16666666666667    0.09090909090909    0.36363636363636             2
   -0.08333333333333    0.09090909090909    0.36363636363636             2
    0.00000000000000    0.18181818181818    0.36363636363636             2
    0.08333333333333    0.18181818181818    0.36363636363636             2
    0.16666666666667    0.18181818181818    0.36363636363636             2
    0.25000000000000    0.18181818181818    0.36363636363636             2
    0.33333333333333    0.18181818181818    0.36363636363636             2
    0.41666666666667    0.18181818181818    0.36363636363636             2
    0.50000000000000    0.18181818181818    0.36363636363636             2
   -0.41666666666667    0.18181818181818    0.36363636363636             2
   -0.33333333333333    0.18181818181818    0.36363636363636             2
   -0.25000000000000    0.18181818181818    0.36363636363636             2
   -0.16666666666667    0.18181818181818    0.36363636363636             2
   -0.08333333333333    0.18181818181818    0.36363636363636             2
    0.00000000000000    0.27272727272727    0.36363636363636             2
    0.08333333333333    0.27272727272727    0.36363636363636             2
    0.16666666666667    0.27272727272727    0.36363636363636             2
    0.25000000000000    0.27272727272727    0.36363636363636             2
    0.33333333333333    0.27272727272727    0.36363636363636             2
    0.41666666666667    0.27272727272727    0.36363636363636             2
    0.50000000000000    0.27272727272727    0.36363636363636             2
   -0.41666666666667    0.27272727272727    0.36363636363636             2
   -0.33333333333333    0.27272727272727    0.36363636363636             2
   -0.25000000000000    0.27272727272727    0.36363636363636             2
   -0.16666666666667    0.27272727272727    0.36363636363636             2
   -0.08333333333333    0.27272727272727    0.36363636363636             2
    0.00000000000000    0.36363636363636    0.36363636363636             2
    0.08333333333333    0.36363636363636    0.36363636363636             2
    0.16666666666667    0.36363636363636    0.36363636363636             2
    0.25000000000000    0.36363636363636    0.36363636363636             2
    0.33333333333333    0.36363636363636    0.36363636363636             2
    0.41666666666667    0.36363636363636    0.36363636363636             2
    0.50000000000000    0.36363636363636    0.36363636363636             2
   -0.41666666666667    0.36363636363636    0.36363636363636             2
   -0.33333333333333    0.36363636363636    0.36363636363636             2
   -0.25000000000000    0.36363636363636    0.36363636363636             2
   -0.16666666666667    0.36363636363636    0.36363636363636             2
   -0.08333333333333    0.36363636363636    0.36363636363636             2
    0.00000000000000    0.45454545454545    0.36363636363636             2
    0.08333333333333    0.45454545454545    0.36363636363636             2
    0.16666666666667    0.45454545454546    0.36363636363636             2
    0.25000000000000    0.45454545454546    0.36363636363636             2
    0.33333333333333    0.45454545454546    0.36363636363636             2
    0.41666666666667    0.45454545454546    0.36363636363636             2
    0.50000000000000    0.45454545454545    0.36363636363636             2
   -0.41666666666667    0.45454545454546    0.36363636363636             2
   -0.33333333333333    0.45454545454545    0.36363636363636             2
   -0.25000000000000    0.45454545454545    0.36363636363636             2
   -0.16666666666667    0.45454545454545    0.36363636363636             2
   -0.08333333333333    0.45454545454545    0.36363636363636             2
    0.00000000000000   -0.45454545454545    0.36363636363636             2
    0.08333333333333   -0.45454545454545    0.36363636363636             2
    0.16666666666667   -0.45454545454545    0.36363636363636             2
    0.25000000000000   -0.45454545454545    0.36363636363636             2
    0.33333333333333   -0.45454545454545    0.36363636363636             2
    0.41666666666667   -0.45454545454546    0.36363636363636             2
    0.50000000000000   -0.45454545454545    0.36363636363636             2
   -0.41666666666667   -0.45454545454545    0.36363636363636             2
   -0.33333333333333   -0.45454545454546    0.36363636363636             2
   -0.25000000000000   -0.45454545454546    0.36363636363636             2
   -0.16666666666667   -0.45454545454546    0.36363636363636             2
   -0.08333333333333   -0.45454545454545    0.36363636363636             2
    0.00000000000000   -0.36363636363636    0.36363636363636             2
    0.08333333333333   -0.36363636363636    0.36363636363636             2
    0.16666666666667   -0.36363636363636    0.36363636363636             2
    0.25000000000000   -0.36363636363636    0.36363636363636             2
    0.33333333333333   -0.36363636363636    0.36363636363636             2
    0.41666666666667   -0.36363636363636    0.36363636363636             2
    0.50000000000000   -0.36363636363636    0.36363636363636             2
   -0.41666666666667   -0.36363636363636    0.36363636363636             2
   -0.33333333333333   -0.36363636363636    0.36363636363636             2
   -0.25000000000000   -0.36363636363636    0.36363636363636             2
   -0.16666666666667   -0.36363636363636    0.36363636363636             2
   -0.08333333333333   -0.36363636363636    0.36363636363636             2
    0.00000000000000   -0.27272727272727    0.36363636363636             2
    0.08333333333333   -0.27272727272727    0.36363636363636             2
    0.16666666666667   -0.27272727272727    0.36363636363636             2
    0.25000000000000   -0.27272727272727    0.36363636363636             2
    0.33333333333333   -0.27272727272727    0.36363636363636             2
    0.41666666666667   -0.27272727272727    0.36363636363636             2
    0.50000000000000   -0.27272727272727    0.36363636363636             2
   -0.41666666666667   -0.27272727272727    0.36363636363636             2
   -0.33333333333333   -0.27272727272727    0.36363636363636             2
   -0.25000000000000   -0.27272727272727    0.36363636363636             2
   -0.16666666666667   -0.27272727272727    0.36363636363636             2
   -0.08333333333333   -0.27272727272727    0.36363636363636             2
    0.00000000000000   -0.18181818181818    0.36363636363636             2
    0.08333333333333   -0.18181818181818    0.36363636363636             2
    0.16666666666667   -0.18181818181818    0.36363636363636             2
    0.25000000000000   -0.18181818181818    0.36363636363636             2
    0.33333333333333   -0.18181818181818    0.36363636363636             2
    0.41666666666667   -0.18181818181818    0.36363636363636             2
    0.50000000000000   -0.18181818181818    0.36363636363636             2
   -0.41666666666667   -0.18181818181818    0.36363636363636             2
   -0.33333333333333   -0.18181818181818    0.36363636363636             2
   -0.25000000000000   -0.18181818181818    0.36363636363636             2
   -0.16666666666667   -0.18181818181818    0.36363636363636             2
   -0.08333333333333   -0.18181818181818    0.36363636363636             2
    0.00000000000000   -0.09090909090909    0.36363636363636             2
    0.08333333333333   -0.09090909090909    0.36363636363636             2
    0.16666666666667   -0.09090909090909    0.36363636363636             2
    0.25000000000000   -0.09090909090909    0.36363636363636             2
    0.33333333333333   -0.09090909090909    0.36363636363636             2
    0.41666666666667   -0.09090909090909    0.36363636363636             2
    0.50000000000000   -0.09090909090909    0.36363636363636             2
   -0.41666666666667   -0.09090909090909    0.36363636363636             2
   -0.33333333333333   -0.09090909090909    0.36363636363636             2
   -0.25000000000000   -0.09090909090909    0.36363636363636             2
   -0.16666666666667   -0.09090909090909    0.36363636363636             2
   -0.08333333333333   -0.09090909090909    0.36363636363636             2
    0.00000000000000    0.00000000000000    0.45454545454546             2
    0.08333333333333    0.00000000000000    0.45454545454546             2
    0.16666666666667    0.00000000000000    0.45454545454546             2
    0.25000000000000   -0.00000000000000    0.45454545454546             2
    0.33333333333333    0.00000000000000    0.45454545454546             2
    0.41666666666667    0.00000000000000    0.45454545454546             2
    0.50000000000000   -0.00000000000000    0.45454545454546             2
   -0.41666666666667   -0.00000000000000    0.45454545454546             2
   -0.33333333333333    0.00000000000000    0.45454545454546             2
   -0.25000000000000    0.00000000000000    0.45454545454546             2
   -0.16666666666667    0.00000000000000    0.45454545454546             2
   -0.08333333333333    0.00000000000000    0.45454545454546             2
    0.00000000000000    0.09090909090909    0.45454545454546             2
    0.08333333333333    0.09090909090909    0.45454545454546             2
    0.16666666666667    0.09090909090909    0.45454545454546             2
    0.25000000000000    0.09090909090909    0.45454545454546             2
    0.33333333333333    0.09090909090909    0.45454545454546             2
    0.41666666666667    0.09090909090909    0.45454545454546             2
    0.50000000000000    0.09090909090909    0.45454545454546             2
   -0.41666666666667    0.09090909090909    0.45454545454546             2
   -0.33333333333333    0.09090909090909    0.45454545454546             2
   -0.25000000000000    0.09090909090909    0.45454545454546             2
   -0.16666666666667    0.09090909090909    0.45454545454546             2
   -0.08333333333333    0.09090909090909    0.45454545454546             2
    0.00000000000000    0.18181818181818    0.45454545454546             2
    0.08333333333333    0.18181818181818    0.45454545454545             2
    0.16666666666667    0.18181818181818    0.45454545454546             2
    0.25000000000000    0.18181818181818    0.45454545454546             2
    0.33333333333333    0.18181818181818    0.45454545454545             2
    0.41666666666667    0.18181818181818    0.45454545454546             2
    0.50000000000000    0.18181818181818    0.45454545454546             2
   -0.41666666666667    0.18181818181818    0.45454545454545             2
   -0.33333333333333    0.18181818181818    0.45454545454546             2
   -0.25000000000000    0.18181818181818    0.45454545454546             2
   -0.16666666666667    0.18181818181818    0.45454545454546             2
   -0.08333333333333    0.18181818181818    0.45454545454546             2
    0.00000000000000    0.27272727272727    0.45454545454546             2
    0.08333333333333    0.27272727272727    0.45454545454546             2
    0.16666666666667    0.27272727272727    0.45454545454546             2
    0.25000000000000    0.27272727272727    0.45454545454546             2
    0.33333333333333    0.27272727272727    0.45454545454546             2
    0.41666666666667    0.27272727272727    0.45454545454546             2
    0.50000000000000    0.27272727272727    0.45454545454546             2
   -0.41666666666667    0.27272727272727    0.45454545454546             2
   -0.33333333333333    0.27272727272727    0.45454545454546             2
   -0.25000000000000    0.27272727272727    0.45454545454546             2
   -0.16666666666667    0.27272727272727    0.45454545454546             2
   -0.08333333333333    0.27272727272727    0.45454545454546             2
    0.00000000000000    0.36363636363636    0.45454545454546             2
    0.08333333333333    0.36363636363636    0.45454545454546             2
    0.16666666666667    0.36363636363636    0.45454545454546             2
    0.25000000000000    0.36363636363636    0.45454545454546             2
    0.33333333333333    0.36363636363636    0.45454545454545             2
    0.41666666666667    0.36363636363636    0.45454545454546             2
    0.50000000000000    0.36363636363636    0.45454545454546             2
   -0.41666666666667    0.36363636363636    0.45454545454546             2
   -0.33333333333333    0.36363636363636    0.45454545454546             2
   -0.25000000000000    0.36363636363636    0.45454545454546             2
   -0.16666666666667    0.36363636363636    0.45454545454546             2
   -0.08333333333333    0.36363636363636    0.45454545454546             2
    0.00000000000000    0.45454545454545    0.45454545454545             2
    0.08333333333333    0.45454545454545    0.45454545454546             2
    0.16666666666667    0.45454545454546    0.45454545454545             2
    0.25000000000000    0.45454545454546    0.45454545454546             2
    0.33333333333333    0.45454545454546    0.45454545454545             2
    0.41666666666667    0.45454545454546    0.45454545454546             2
    0.50000000000000    0.45454545454545    0.45454545454546             2
   -0.41666666666667    0.45454545454546    0.45454545454546             2
   -0.33333333333333    0.45454545454545    0.45454545454546             2
   -0.25000000000000    0.45454545454545    0.45454545454546             2
   -0.16666666666667    0.45454545454545    0.45454545454546             2
   -0.08333333333333    0.45454545454545    0.45454545454546             2
    0.00000000000000   -0.45454545454545    0.45454545454546             2
    0.08333333333333   -0.45454545454545    0.45454545454546             2
    0.16666666666667   -0.45454545454545    0.45454545454546             2
    0.25000000000000   -0.45454545454545    0.45454545454546             2
    0.33333333333333   -0.45454545454545    0.45454545454546             2
    0.41666666666667   -0.45454545454546    0.45454545454546             2
    0.50000000000000   -0.45454545454545    0.45454545454546             2
   -0.41666666666667   -0.45454545454545    0.45454545454546             2
   -0.33333333333333   -0.45454545454546    0.45454545454546             2
   -0.25000000000000   -0.45454545454546    0.45454545454546             2
   -0.16666666666667   -0.45454545454546    0.45454545454546             2
   -0.08333333333333   -0.45454545454545    0.45454545454546             2
    0.00000000000000   -0.36363636363636    0.45454545454546             2
    0.08333333333333   -0.36363636363636    0.45454545454546             2
    0.16666666666667   -0.36363636363636    0.45454545454546             2
    0.25000000000000   -0.36363636363636    0.45454545454546             2
    0.33333333333333   -0.36363636363636    0.45454545454546             2
    0.41666666666667   -0.36363636363636    0.45454545454546             2
    0.50000000000000   -0.36363636363636    0.45454545454546             2
   -0.41666666666667   -0.36363636363636    0.45454545454546             2
   -0.33333333333333   -0.36363636363636    0.45454545454546             2
   -0.25000000000000   -0.36363636363636    0.45454545454546             2
   -0.16666666666667   -0.36363636363636    0.45454545454546             2
   -0.08333333333333   -0.36363636363636    0.45454545454546             2
    0.00000000000000   -0.27272727272727    0.45454545454546             2
    0.08333333333333   -0.27272727272727    0.45454545454546             2
    0.16666666666667   -0.27272727272727    0.45454545454546             2
    0.25000000000000   -0.27272727272727    0.45454545454546             2
    0.33333333333333   -0.27272727272727    0.45454545454546             2
    0.41666666666667   -0.27272727272727    0.45454545454546             2
    0.50000000000000   -0.27272727272727    0.45454545454545             2
   -0.41666666666667   -0.27272727272727    0.45454545454546             2
   -0.33333333333333   -0.27272727272727    0.45454545454546             2
   -0.25000000000000   -0.27272727272727    0.45454545454546             2
   -0.16666666666667   -0.27272727272727    0.45454545454546             2
   -0.08333333333333   -0.27272727272727    0.45454545454546             2
    0.00000000000000   -0.18181818181818    0.45454545454546             2
    0.08333333333333   -0.18181818181818    0.45454545454546             2
    0.16666666666667   -0.18181818181818    0.45454545454545             2
    0.25000000000000   -0.18181818181818    0.45454545454546             2
    0.33333333333333   -0.18181818181818    0.45454545454546             2
    0.41666666666667   -0.18181818181818    0.45454545454546             2
    0.50000000000000   -0.18181818181818    0.45454545454546             2
   -0.41666666666667   -0.18181818181818    0.45454545454546             2
   -0.33333333333333   -0.18181818181818    0.45454545454546             2
   -0.25000000000000   -0.18181818181818    0.45454545454546             2
   -0.16666666666667   -0.18181818181818    0.45454545454546             2
   -0.08333333333333   -0.18181818181818    0.45454545454546             2
    0.00000000000000   -0.09090909090909    0.45454545454546             2
    0.08333333333333   -0.09090909090909    0.45454545454546             2
    0.16666666666667   -0.09090909090909    0.45454545454545             2
    0.25000000000000   -0.09090909090909    0.45454545454545             2
    0.33333333333333   -0.09090909090909    0.45454545454546             2
    0.41666666666667   -0.09090909090909    0.45454545454546             2
    0.50000000000000   -0.09090909090909    0.45454545454545             2
   -0.41666666666667   -0.09090909090909    0.45454545454546             2
   -0.33333333333333   -0.09090909090909    0.45454545454546             2
   -0.25000000000000   -0.09090909090909    0.45454545454546             2
   -0.16666666666667   -0.09090909090909    0.45454545454546             2
   -0.08333333333333   -0.09090909090909    0.45454545454546             2
Tetrahedra
      4354    0.00011478420569
         2         1         8         9        81
         2         1         2         9        81
         2         1         2        69        81
         2         1         8        80        81
         2         1        68        80        81
         2         1        68        69        81
         2         2         9        10        82
         2         2         3        10        82
         2         2         3        70        82
         2         2         9        81        82
         2         2        69        81        82
         2         2        69        70        82
         2         3        10        11        83
         2         3         4        11        83
         2         3         4        71        83
         2         3        10        82        83
         2         3        70        82        83
         2         3        70        71        83
         2         4        11        12        84
         2         4         5        12        84
         2         4         5        72        84
         2         4        11        83        84
         2         4        71        83        84
         2         4        71        72        84
         2         5        12        13        85
         2         5         6        13        85
         2         5         6        73        85
         2         5        12        84        85
         2         5        72        84        85
         2         5        72        73        85
         2         6        13        14        86
         2         6         7        14        86
         2         6         7        74        86
         2         6        13        85        86
         2         6        73        85        86
         2         6        73        74        86
         2         7        14        15        87
         2         6         7        15        87
         2         6         7        75        87
         2         7        14        86        87
         2         7        74        86        87
         2         7        74        75        87
         2         6        15        16        88
         2         5         6        16        88
         2         5         6        76        88
         2         6        15        87        88
         2         6        75        87        88
         2         6        75        76        88
         2         5        16        17        89
         2         4         5        17        89
         2         4         5        77        89
         2         5        16        88        89
         2         5        76        88        89
         2         5        76        77        89
         2         4        17        18        90
         2         3         4        18        90
         2         3         4        78        90
         2         4        17        89        90
         2         4        77        89        90
         2         4        77        78        90
         2         3        18        19        91
         2         2         3        19        91
         2         2         3        79        91
         2         3        18        90        91
         2         3        78        90        91
         2         3        78        79        91
         2         2         8        19        80
         2         1         2         8        80
         2         1         2        68        80
         2         2        19        80        91
         2         2        79        80        91
         2         2        68        79        80
         2         8        20        21        93
         2         8         9        21        93
         2         8         9        81        93
         2         8        20        92        93
         2         8        80        92        93
         2         8        80        81        93
         2         9        21        22        94
         2         9        10        22        94
         2         9        10        82        94
         2         9        21        93        94
         2         9        81        93        94
         2         9        81        82        94
         2        10        22        23        95
         2        10        11        23        95
         2        10        11        83        95
         2        10        22        94        95
         2        10        82        94        95
         2        10        82        83        95
         2        11        23        24        96
         2        11        12        24        96
         2        11        12        84        96
         2        11        23        95        96
         2        11        83        95        96
         2        11        83        84        96
         2        12        24        25        97
         2        12        13        25        97
         2        12        13        85        97
         2        12        24        96        97
         2        12        84        96        97
         2        12        84        85        97
         2        13        25        26        98
         2        13        14        26        98
         2        13        14        86        98
         2        13        25        97        98
         2        13        85        97        98
         2        13        85        86        98
         2        14        26        27        99
         2        14        15        27        99
         2        14        15        87        99
         2        14        26        98        99
         2        14        86        98        99
         2        14        86        87        99
         2        15        27        28       100
         2        15        16        28       100
         2        15        16        88       100
         2        15        27        99       100
         2        15        87        99       100
         2        15        87        88       100
         2        16        28        29       101
         2        16        17        29       101
         2        16        17        89       101
         2        16        28       100       101
         2        16        88       100       101
         2        16        88        89       101
         2        17        29        30       102
         2        17        18        30       102
         2        17        18        90       102
         2        17        29       101       102
         2        17        89       101       102
         2        17        89        90       102
         2        18        30        31       103
         2        18        19        31       103
         2        18        19        91       103
         2        18        30       102       103
         2        18        90       102       103
         2        18        90        91       103
         2        19        20        31        92
         2         8        19        20        92
         2         8        19        80        92
         2        19        31        92       103
         2        19        91        92       103
         2        19        80        91        92
         2        20        32        33       105
         2        20        21        33       105
         2        20        21        93       105
         2        20        32       104       105
         2        20        92       104       105
         2        20        92        93       105
         2        21        33        34       106
         2        21        22        34       106
         2        21        22        94       106
         2        21        33       105       106
         2        21        93       105       106
         2        21        93        94       106
         2        22        34        35       107
         2        22        23        35       107
         2        22        23        95       107
         2        22        34       106       107
         2        22        94       106       107
         2        22        94        95       107
         2        23        35        36       108
         2        23        24        36       108
         2        23        24        96       108
         2        23        35       107       108
         2        23        95       107       108
         2        23        95        96       108
         2        24        36        37       109
         2        24        25        37       109
         2        24        25        97       109
         2        24        36       108       109
         2        24        96       108       109
         2        24        96        97       109
         2        25        37        38       110
         2        25        26        38       110
         2        25        26        98       110
         2        25        37       109       110
         2        25        97       109       110
         2        25        97        98       110
         2        26        38        39       111
         2        26        27        39       111
         2        26        27        99       111
         2        26        38       110       111
         2        26        98       110       111
         2        26        98        99       111
         2        27        39        40       112
         2        27        28        40       112
         2        27        28       100       112
         2        27        39       111       112
         2        27        99       111       112
         2        27        99       100       112
         2        28        40        41       113
         2        28        29        41       113
         2        28        29       101       113
         2        28        40       112       113
         2        28       100       112       113
         2        28       100       101       113
         2        29        41        42       114
         2        29        30        42       114
         2        29        30       102       114
         2        29        41       113       114
         2        29       101       113       114
         2        29       101       102       114
         2        30        42        43       115
         2        30        31        43       115
         2        30        31       103       115
         2        30        42       114       115
         2        30       102       114       115
         2        30       102       103       115
         2        31        32        43       104
         2        20        31        32       104
         2        20        31        92       104
         2        31        43       104       115
         2        31       103       104       115
         2        31        92       103       104
         2        32        44        45       117
         2        32        33        45       117
         2        32        33       105       117
         2        32        44       116       117
         2        32       104       116       117
         2        32       104       105       117
         2        33        45        46       118
         2        33        34        46       118
         2        33        34       106       118
         2        33        45       117       118
         2        33       105       117       118
         2        33       105       106       118
         2        34        46        47       119
         2        34        35        47       119
         2        34        35       107       119
         2        34        46       118       119
         2        34       106       118       119
         2        34       106       107       119
         2        35        47        48       120
         2        35        36        48       120
         2        35        36       108       120
         2        35        47       119       120
         2        35       107       119       120
         2        35       107       108       120
         2        36        48        49       121
         2        36        37        49       121
         2        36        37       109       121
         2        36        48       120       121
         2        36       108       120       121
         2        36       108       109       121
         2        37        49        50       122
         2        37        38        50       122
         2        37        38       110       122
         2        37        49       121       122
         2        37       109       121       122
         2        37       109       110       122
         2        38        50        51       123
         2        38        39        51       123
         2        38        39       111       123
         2        38        50       122       123
         2        38       110       122       123
         2        38       110       111       123
         2        39        51        52       124
         2        39        40        52       124
         2        39        40       112       124
         2        39        51       123       124
         2        39       111       123       124
         2        39       111       112       124
         2        40        52        53       125
         2        40        41        53       125
         2        40        41       113       125
         2        40        52       124       125
         2        40       112       124       125
         2        40       112       113       125
         2        41        53        54       126
         2        41        42        54       126
         2        41        42       114       126
         2        41        53       125       126
         2        41       113       125       126
         2        41       113       114       126
         2        42        54        55       127
         2        42        43        55       127
         2        42        43       115       127
         2        42        54       126       127
         2        42       114       126       127
         2        42       114       115       127
         2        43        44        55       116
         2        32        43        44       116
         2        32        43       104       116
         2        43        55       116       127
         2        43       115       116       127
         2        43       104       115       116
         2        44        56        57       129
         2        44        45        57       129
         2        44        45       117       129
         2        44        56       128       129
         2        44       116       128       129
         2        44       116       117       129
         2        45        57        58       130
         2        45        46        58       130
         2        45        46       118       130
         2        45        57       129       130
         2        45       117       129       130
         2        45       117       118       130
         2        46        58        59       131
         2        46        47        59       131
         2        46        47       119       131
         2        46        58       130       131
         2        46       118       130       131
         2        46       118       119       131
         2        47        59        60       132
         2        47        48        60       132
         2        47        48       120       132
         2        47        59       131       132
         2        47       119       131       132
         2        47       119       120       132
         2        48        60        61       133
         2        48        49        61       133
         2        48        49       121       133
         2        48        60       132       133
         2        48       120       132       133
         2        48       120       121       133
         2        49        61        62       134
         2        49        50        62       134
         2        49        50       122       134
         2        49        61       133       134
         2        49       121       133       134
         2        49       121       122       134
         2        50        62        63       135
         2        50        51        63       135
         2        50        51       123       135
         2        50        62       134       135
         2        50       122       134       135
         2        50       122       123       135
         2        51        63        64       136
         2        51        52        64       136
         2        51        52       124       136
         2        51        63       135       136
         2        51       123       135       136
         2        51       123       124       136
         2        52        64        65       137
         2        52        53        65       137
         2        52        53       125       137
         2        52        64       136       137
         2        52       124       136       137
         2        52       124       125       137
         2        53        65        66       138
         2        53        54        66       138
         2        53        54       126       138
         2        53        65       137       138
         2        53       125       137       138
         2        53       125       126       138
         2        54        66        67       139
         2        54        55        67       139
         2        54        55       127       139
         2        54        66       138       139
         2        54       126       138       139
         2        54       126       127       139
         2        55        56        67       128
         2        44        55        56       128
         2        44        55       116       128
         2        55        67       128       139
         2        55       127       128       139
         2        55       116       127       128
         2        56        56        67       141
         2        56        57        67       141
         2        56        57       129       141
         2        56        56       140       141
         2        56       128       140       141
         2        56       128       129       141
         2        57        66        67       142
         2        57        58        66       142
         2        57        58       130       142
         2        57        67       141       142
         2        57       129       141       142
         2        57       129       130       142
         2        58        65        66       143
         2        58        59        65       143
         2        58        59       131       143
         2        58        66       142       143
         2        58       130       142       143
         2        58       130       131       143
         2        59        64        65       144
         2        59        60        64       144
         2        59        60       132       144
         2        59        65       143       144
         2        59       131       143       144
         2        59       131       132       144
         2        60        63        64       145
         2        60        61        63       145
         2        60        61       133       145
         2        60        64       144       145
         2        60       132       144       145
         2        60       132       133       145
         2        61        62        63       146
         2        61        62        62       146
         2        61        62       134       146
         2        61        63       145       146
         2        61       133       145       146
         2        61       133       134       146
         2        61        62        62       147
         2        61        62        63       147
         2        62        63       135       147
         2        62        62       146       147
         2        62       134       146       147
         2        62       134       135       147
         2        60        61        63       148
         2        60        63        64       148
         2        63        64       136       148
         2        61        63       147       148
         2        63       135       147       148
         2        63       135       136       148
         2        59        60        64       149
         2        59        64        65       149
         2        64        65       137       149
         2        60        64       148       149
         2        64       136       148       149
         2        64       136       137       149
         2        58        59        65       150
         2        58        65        66       150
         2        65        66       138       150
         2        59        65       149       150
         2        65       137       149       150
         2        65       137       138       150
         2        57        58        66       151
         2        57        66        67       151
         2        66        67       139       151
         2        58        66       150       151
         2        66       138       150       151
         2        66       138       139       151
         2        56        57        67       140
         2        56        56        67       140
         2        56        67       128       140
         2        57        67       140       151
         2        67       139       140       151
         2        67       128       139       140
         2        44        55        56       153
         2        55        56        67       153
         2        56        67       141       153
         2        44        56       152       153
         2        56       140       152       153
         2        56       140       141       153
         2        54        55        67       154
         2        54        66        67       154
         2        66        67       142       154
         2        55        67       153       154
         2        67       141       153       154
         2        67       141       142       154
         2        53        54        66       155
         2        53        65        66       155
         2        65        66       143       155
         2        54        66       154       155
         2        66       142       154       155
         2        66       142       143       155
         2        52        53        65       156
         2        52        64        65       156
         2        64        65       144       156
         2        53        65       155       156
         2        65       143       155       156
         2        65       143       144       156
         2        51        52        64       157
         2        51        63        64       157
         2        63        64       145       157
         2        52        64       156       157
         2        64       144       156       157
         2        64       144       145       157
         2        50        51        63       158
         2        50        62        63       158
         2        62        63       146       158
         2        51        63       157       158
         2        63       145       157       158
         2        63       145       146       158
         2        49        50        62       159
         2        49        61        62       159
         2        61        62       147       159
         2        50        62       158       159
         2        62       146       158       159
         2        62       146       147       159
         2        48        49        61       160
         2        48        60        61       160
         2        60        61       148       160
         2        49        61       159       160
         2        61       147       159       160
         2        61       147       148       160
         2        47        48        60       161
         2        47        59        60       161
         2        59        60       149       161
         2        48        60       160       161
         2        60       148       160       161
         2        60       148       149       161
         2        46        47        59       162
         2        46        58        59       162
         2        58        59       150       162
         2        47        59       161       162
         2        59       149       161       162
         2        59       149       150       162
         2        45        46        58       163
         2        45        57        58       163
         2        57        58       151       163
         2        46        58       162       163
         2        58       150       162       163
         2        58       150       151       163
         2        44        45        57       152
         2        44        56        57       152
         2        56        57       140       152
         2        45        57       152       163
         2        57       151       152       163
         2        57       140       151       152
         2        32        43        44       165
         2        43        44        55       165
         2        44        55       153       165
         2        32        44       164       165
         2        44       152       164       165
         2        44       152       153       165
         2        42        43        55       166
         2        42        54        55       166
         2        54        55       154       166
         2        43        55       165       166
         2        55       153       165       166
         2        55       153       154       166
         2        41        42        54       167
         2        41        53        54       167
         2        53        54       155       167
         2        42        54       166       167
         2        54       154       166       167
         2        54       154       155       167
         2        40        41        53       168
         2        40        52        53       168
         2        52        53       156       168
         2        41        53       167       168
         2        53       155       167       168
         2        53       155       156       168
         2        39        40        52       169
         2        39        51        52       169
         2        51        52       157       169
         2        40        52       168       169
         2        52       156       168       169
         2        52       156       157       169
         2        38        39        51       170
         2        38        50        51       170
         2        50        51       158       170
         2        39        51       169       170
         2        51       157       169       170
         2        51       157       158       170
         2        37        38        50       171
         2        37        49        50       171
         2        49        50       159       171
         2        38        50       170       171
         2        50       158       170       171
         2        50       158       159       171
         2        36        37        49       172
         2        36        48        49       172
         2        48        49       160       172
         2        37        49       171       172
         2        49       159       171       172
         2        49       159       160       172
         2        35        36        48       173
         2        35        47        48       173
         2        47        48       161       173
         2        36        48       172       173
         2        48       160       172       173
         2        48       160       161       173
         2        34        35        47       174
         2        34        46        47       174
         2        46        47       162       174
         2        35        47       173       174
         2        47       161       173       174
         2        47       161       162       174
         2        33        34        46       175
         2        33        45        46       175
         2        45        46       163       175
         2        34        46       174       175
         2        46       162       174       175
         2        46       162       163       175
         2        32        33        45       164
         2        32        44        45       164
         2        44        45       152       164
         2        33        45       164       175
         2        45       163       164       175
         2        45       152       163       164
         2        20        31        32       177
         2        31        32        43       177
         2        32        43       165       177
         2        20        32       176       177
         2        32       164       176       177
         2        32       164       165       177
         2        30        31        43       178
         2        30        42        43       178
         2        42        43       166       178
         2        31        43       177       178
         2        43       165       177       178
         2        43       165       166       178
         2        29        30        42       179
         2        29        41        42       179
         2        41        42       167       179
         2        30        42       178       179
         2        42       166       178       179
         2        42       166       167       179
         2        28        29        41       180
         2        28        40        41       180
         2        40        41       168       180
         2        29        41       179       180
         2        41       167       179       180
         2        41       167       168       180
         2        27        28        40       181
         2        27        39        40       181
         2        39        40       169       181
         2        28        40       180       181
         2        40       168       180       181
         2        40       168       169       181
         2        26        27        39       182
         2        26        38        39       182
         2        38        39       170       182
         2        27        39       181       182
         2        39       169       181       182
         2        39       169       170       182
         2        25        26        38       183
         2        25        37        38       183
         2        37        38       171       183
         2        26        38       182       183
         2        38       170       182       183
         2        38       170       171       183
         2        24        25        37       184
         2        24        36        37       184
         2        36        37       172       184
         2        25        37       183       184
         2        37       171       183       184
         2        37       171       172       184
         2        23        24        36       185
         2        23        35        36       185
         2        35        36       173       185
         2        24        36       184       185
         2        36       172       184       185
         2        36       172       173       185
         2        22        23        35       186
         2        22        34        35       186
         2        34        35       174       186
         2        23        35       185       186
         2        35       173       185       186
         2        35       173       174       186
         2        21        22        34       187
         2        21        33        34       187
         2        33        34       175       187
         2        22        34       186       187
         2        34       174       186       187
         2        34       174       175       187
         2        20        21        33       176
         2        20        32        33       176
         2        32        33       164       176
         2        21        33       176       187
         2        33       175       176       187
         2        33       164       175       176
         2         8        19        20       189
         2        19        20        31       189
         2        20        31       177       189
         2         8        20       188       189
         2        20       176       188       189
         2        20       176       177       189
         2        18        19        31       190
         2        18        30        31       190
         2        30        31       178       190
         2        19        31       189       190
         2        31       177       189       190
         2        31       177       178       190
         2        17        18        30       191
         2        17        29        30       191
         2        29        30       179       191
         2        18        30       190       191
         2        30       178       190       191
         2        30       178       179       191
         2        16        17        29       192
         2        16        28        29       192
         2        28        29       180       192
         2        17        29       191       192
         2        29       179       191       192
         2        29       179       180       192
         2        15        16        28       193
         2        15        27        28       193
         2        27        28       181       193
         2        16        28       192       193
         2        28       180       192       193
         2        28       180       181       193
         2        14        15        27       194
         2        14        26        27       194
         2        26        27       182       194
         2        15        27       193       194
         2        27       181       193       194
         2        27       181       182       194
         2        13        14        26       195
         2        13        25        26       195
         2        25        26       183       195
         2        14        26       194       195
         2        26       182       194       195
         2        26       182       183       195
         2        12        13        25       196
         2        12        24        25       196
         2        24        25       184       196
         2        13        25       195       196
         2        25       183       195       196
         2        25       183       184       196
         2        11        12        24       197
         2        11        23        24       197
         2        23        24       185       197
         2        12        24       196       197
         2        24       184       196       197
         2        24       184       185       197
         2        10        11        23       198
         2        10        22        23       198
         2        22        23       186       198
         2        11        23       197       198
         2        23       185       197       198
         2        23       185       186       198
         2         9        10        22       199
         2         9        21        22       199
         2        21        22       187       199
         2        10        22       198       199
         2        22       186       198       199
         2        22       186       187       199
         2         8         9        21       188
         2         8        20        21       188
         2        20        21       176       188
         2         9        21       188       199
         2        21       187       188       199
         2        21       176       187       188
         2         1         2         8        69
         2         2         8        19        69
         2         8        19        69       189
         2         1         8        68        69
         2         8        68        69       188
         2         8        69       188       189
         2         2         3        19        70
         2         3        18        19        70
         2        18        19        70       190
         2         2        19        69        70
         2        19        69        70       189
         2        19        70       189       190
         2         3         4        18        71
         2         4        17        18        71
         2        17        18        71       191
         2         3        18        70        71
         2        18        70        71       190
         2        18        71       190       191
         2         4         5        17        72
         2         5        16        17        72
         2        16        17        72       192
         2         4        17        71        72
         2        17        71        72       191
         2        17        72       191       192
         2         5         6        16        73
         2         6        15        16        73
         2        15        16        73       193
         2         5        16        72        73
         2        16        72        73       192
         2        16        73       192       193
         2         6         7        15        74
         2         7        14        15        74
         2        14        15        74       194
         2         6        15        73        74
         2        15        73        74       193
         2        15        74       193       194
         2         6         7        14        75
         2         6        13        14        75
         2        13        14        75       195
         2         7        14        74        75
         2        14        74        75       194
         2        14        75       194       195
         2         5         6        13        76
         2         5        12        13        76
         2        12        13        76       196
         2         6        13        75        76
         2        13        75        76       195
         2        13        76       195       196
         2         4         5        12        77
         2         4        11        12        77
         2        11        12        77       197
         2         5        12        76        77
         2        12        76        77       196
         2        12        77       196       197
         2         3         4        11        78
         2         3        10        11        78
         2        10        11        78       198
         2         4        11        77        78
         2        11        77        78       197
         2        11        78       197       198
         2         2         3        10        79
         2         2         9        10        79
         2         9        10        79       199
         2         3        10        78        79
         2        10        78        79       198
         2        10        79       198       199
         2         1         2         9        68
         2         1         8         9        68
         2         8         9        68       188
         2         2         9        68        79
         2         9        68        79       199
         2         9        68       188       199
         2        68        80        81       213
         2        68        69        81       213
         2        68        69       201       213
         2        68        80       212       213
         2        68       200       212       213
         2        68       200       201       213
         2        69        81        82       214
         2        69        70        82       214
         2        69        70       202       214
         2        69        81       213       214
         2        69       201       213       214
         2        69       201       202       214
         2        70        82        83       215
         2        70        71        83       215
         2        70        71       203       215
         2        70        82       214       215
         2        70       202       214       215
         2        70       202       203       215
         2        71        83        84       216
         2        71        72        84       216
         2        71        72       204       216
         2        71        83       215       216
         2        71       203       215       216
         2        71       203       204       216
         2        72        84        85       217
         2        72        73        85       217
         2        72        73       205       217
         2        72        84       216       217
         2        72       204       216       217
         2        72       204       205       217
         2        73        85        86       218
         2        73        74        86       218
         2        73        74       206       218
         2        73        85       217       218
         2        73       205       217       218
         2        73       205       206       218
         2        74        86        87       219
         2        74        75        87       219
         2        74        75       207       219
         2        74        86       218       219
         2        74       206       218       219
         2        74       206       207       219
         2        75        87        88       220
         2        75        76        88       220
         2        75        76       208       220
         2        75        87       219       220
         2        75       207       219       220
         2        75       207       208       220
         2        76        88        89       221
         2        76        77        89       221
         2        76        77       209       221
         2        76        88       220       221
         2        76       208       220       221
         2        76       208       209       221
         2        77        89        90       222
         2        77        78        90       222
         2        77        78       210       222
         2        77        89       221       222
         2        77       209       221       222
         2        77       209       210       222
         2        78        90        91       223
         2        78        79        91       223
         2        78        79       211       223
         2        78        90       222       223
         2        78       210       222       223
         2        78       210       211       223
         2        79        80        91       212
         2        68        79        80       212
         2        68        79       200       212
         2        79        91       212       223
         2        79       211       212       223
         2        79       200       211       212
         2        80        92        93       225
         2        80        81        93       225
         2        80        81       213       225
         2        80        92       224       225
         2        80       212       224       225
         2        80       212       213       225
         2        81        93        94       226
         2        81        82        94       226
         2        81        82       214       226
         2        81        93       225       226
         2        81       213       225       226
         2        81       213       214       226
         2        82        94        95       227
         2        82        83        95       227
         2        82        83       215       227
         2        82        94       226       227
         2        82       214       226       227
         2        82       214       215       227
         2        83        95        96       228
         2        83        84        96       228
         2        83        84       216       228
         2        83        95       227       228
         2        83       215       227       228
         2        83       215       216       228
         2        84        96        97       229
         2        84        85        97       229
         2        84        85       217       229
         2        84        96       228       229
         2        84       216       228       229
         2        84       216       217       229
         2        85        97        98       230
         2        85        86        98       230
         2        85        86       218       230
         2        85        97       229       230
         2        85       217       229       230
         2        85       217       218       230
         2        86        98        99       231
         2        86        87        99       231
         2        86        87       219       231
         2        86        98       230       231
         2        86       218       230       231
         2        86       218       219       231
         2        87        99       100       232
         2        87        88       100       232
         2        87        88       220       232
         2        87        99       231       232
         2        87       219       231       232
         2        87       219       220       232
         2        88       100       101       233
         2        88        89       101       233
         2        88        89       221       233
         2        88       100       232       233
         2        88       220       232       233
         2        88       220       221       233
         2        89       101       102       234
         2        89        90       102       234
         2        89        90       222       234
         2        89       101       233       234
         2        89       221       233       234
         2        89       221       222       234
         2        90       102       103       235
         2        90        91       103       235
         2        90        91       223       235
         2        90       102       234       235
         2        90       222       234       235
         2        90       222       223       235
         2        91        92       103       224
         2        80        91        92       224
         2        80        91       212       224
         2        91       103       224       235
         2        91       223       224       235
         2        91       212       223       224
         2        92       104       105       237
         2        92        93       105       237
         2        92        93       225       237
         2        92       104       236       237
         2        92       224       236       237
         2        92       224       225       237
         2        93       105       106       238
         2        93        94       106       238
         2        93        94       226       238
         2        93       105       237       238
         2        93       225       237       238
         2        93       225       226       238
         2        94       106       107       239
         2        94        95       107       239
         2        94        95       227       239
         2        94       106       238       239
         2        94       226       238       239
         2        94       226       227       239
         2        95       107       108       240
         2        95        96       108       240
         2        95        96       228       240
         2        95       107       239       240
         2        95       227       239       240
         2        95       227       228       240
         2        96       108       109       241
         2        96        97       109       241
         2        96        97       229       241
         2        96       108       240       241
         2        96       228       240       241
         2        96       228       229       241
         2        97       109       110       242
         2        97        98       110       242
         2        97        98       230       242
         2        97       109       241       242
         2        97       229       241       242
         2        97       229       230       242
         2        98       110       111       243
         2        98        99       111       243
         2        98        99       231       243
         2        98       110       242       243
         2        98       230       242       243
         2        98       230       231       243
         2        99       111       112       244
         2        99       100       112       244
         2        99       100       232       244
         2        99       111       243       244
         2        99       231       243       244
         2        99       231       232       244
         2       100       112       113       245
         2       100       101       113       245
         2       100       101       233       245
         2       100       112       244       245
         2       100       232       244       245
         2       100       232       233       245
         2       101       113       114       246
         2       101       102       114       246
         2       101       102       234       246
         2       101       113       245       246
         2       101       233       245       246
         2       101       233       234       246
         2       102       114       115       247
         2       102       103       115       247
         2       102       103       235       247
         2       102       114       246       247
         2       102       234       246       247
         2       102       234       235       247
         2       103       104       115       236
         2        92       103       104       236
         2        92       103       224       236
         2       103       115       236       247
         2       103       235       236       247
         2       103       224       235       236
         2       104       116       117       249
         2       104       105       117       249
         2       104       105       237       249
         2       104       116       248       249
         2       104       236       248       249
         2       104       236       237       249
         2       105       117       118       250
         2       105       106       118       250
         2       105       106       238       250
         2       105       117       249       250
         2       105       237       249       250
         2       105       237       238       250
         2       106       118       119       251
         2       106       107       119       251
         2       106       107       239       251
         2       106       118       250       251
         2       106       238       250       251
         2       106       238       239       251
         2       107       119       120       252
         2       107       108       120       252
         2       107       108       240       252
         2       107       119       251       252
         2       107       239       251       252
         2       107       239       240       252
         2       108       120       121       253
         2       108       109       121       253
         2       108       109       241       253
         2       108       120       252       253
         2       108       240       252       253
         2       108       240       241       253
         2       109       121       122       254
         2       109       110       122       254
         2       109       110       242       254
         2       109       121       253       254
         2       109       241       253       254
         2       109       241       242       254
         2       110       122       123       255
         2       110       111       123       255
         2       110       111       243       255
         2       110       122       254       255
         2       110       242       254       255
         2       110       242       243       255
         2       111       123       124       256
         2       111       112       124       256
         2       111       112       244       256
         2       111       123       255       256
         2       111       243       255       256
         2       111       243       244       256
         2       112       124       125       257
         2       112       113       125       257
         2       112       113       245       257
         2       112       124       256       257
         2       112       244       256       257
         2       112       244       245       257
         2       113       125       126       258
         2       113       114       126       258
         2       113       114       246       258
         2       113       125       257       258
         2       113       245       257       258
         2       113       245       246       258
         2       114       126       127       259
         2       114       115       127       259
         2       114       115       247       259
         2       114       126       258       259
         2       114       246       258       259
         2       114       246       247       259
         2       115       116       127       248
         2       104       115       116       248
         2       104       115       236       248
         2       115       127       248       259
         2       115       247       248       259
         2       115       236       247       248
         2       116       128       129       261
         2       116       117       129       261
         2       116       117       249       261
         2       116       128       260       261
         2       116       248       260       261
         2       116       248       249       261
         2       117       129       130       262
         2       117       118       130       262
         2       117       118       250       262
         2       117       129       261       262
         2       117       249       261       262
         2       117       249       250       262
         2       118       130       131       263
         2       118       119       131       263
         2       118       119       251       263
         2       118       130       262       263
         2       118       250       262       263
         2       118       250       251       263
         2       119       131       132       264
         2       119       120       132       264
         2       119       120       252       264
         2       119       131       263       264
         2       119       251       263       264
         2       119       251       252       264
         2       120       132       133       265
         2       120       121       133       265
         2       120       121       253       265
         2       120       132       264       265
         2       120       252       264       265
         2       120       252       253       265
         2       121       133       134       266
         2       121       122       134       266
         2       121       122       254       266
         2       121       133       265       266
         2       121       253       265       266
         2       121       253       254       266
         2       122       134       135       267
         2       122       123       135       267
         2       122       123       255       267
         2       122       134       266       267
         2       122       254       266       267
         2       122       254       255       267
         2       123       135       136       268
         2       123       124       136       268
         2       123       124       256       268
         2       123       135       267       268
         2       123       255       267       268
         2       123       255       256       268
         2       124       136       137       269
         2       124       125       137       269
         2       124       125       257       269
         2       124       136       268       269
         2       124       256       268       269
         2       124       256       257       269
         2       125       137       138       270
         2       125       126       138       270
         2       125       126       258       270
         2       125       137       269       270
         2       125       257       269       270
         2       125       257       258       270
         2       126       138       139       271
         2       126       127       139       271
         2       126       127       259       271
         2       126       138       270       271
         2       126       258       270       271
         2       126       258       259       271
         2       127       128       139       260
         2       116       127       128       260
         2       116       127       248       260
         2       127       139       260       271
         2       127       259       260       271
         2       127       248       259       260
         2       128       140       141       273
         2       128       129       141       273
         2       128       129       261       273
         2       128       140       272       273
         2       128       260       272       273
         2       128       260       261       273
         2       129       141       142       274
         2       129       130       142       274
         2       129       130       262       274
         2       129       141       273       274
         2       129       261       273       274
         2       129       261       262       274
         2       130       142       143       275
         2       130       131       143       275
         2       130       131       263       275
         2       130       142       274       275
         2       130       262       274       275
         2       130       262       263       275
         2       131       143       144       276
         2       131       132       144       276
         2       131       132       264       276
         2       131       143       275       276
         2       131       263       275       276
         2       131       263       264       276
         2       132       144       145       277
         2       132       133       145       277
         2       132       133       265       277
         2       132       144       276       277
         2       132       264       276       277
         2       132       264       265       277
         2       133       145       146       278
         2       133       134       146       278
         2       133       134       266       278
         2       133       145       277       278
         2       133       265       277       278
         2       133       265       266       278
         2       134       146       147       279
         2       134       135       147       279
         2       134       135       267       279
         2       134       146       278       279
         2       134       266       278       279
         2       134       266       267       279
         2       135       147       148       280
         2       135       136       148       280
         2       135       136       268       280
         2       135       147       279       280
         2       135       267       279       280
         2       135       267       268       280
         2       136       148       149       281
         2       136       137       149       281
         2       136       137       269       281
         2       136       148       280       281
         2       136       268       280       281
         2       136       268       269       281
         2       137       149       150       282
         2       137       138       150       282
         2       137       138       270       282
         2       137       149       281       282
         2       137       269       281       282
         2       137       269       270       282
         2       138       150       151       283
         2       138       139       151       283
         2       138       139       271       283
         2       138       150       282       283
         2       138       270       282       283
         2       138       270       271       283
         2       139       140       151       272
         2       128       139       140       272
         2       128       139       260       272
         2       139       151       272       283
         2       139       271       272       283
         2       139       260       271       272
         2       140       152       153       285
         2       140       141       153       285
         2       140       141       273       285
         2       140       152       284       285
         2       140       272       284       285
         2       140       272       273       285
         2       141       153       154       286
         2       141       142       154       286
         2       141       142       274       286
         2       141       153       285       286
         2       141       273       285       286
         2       141       273       274       286
         2       142       154       155       287
         2       142       143       155       287
         2       142       143       275       287
         2       142       154       286       287
         2       142       274       286       287
         2       142       274       275       287
         2       143       155       156       288
         2       143       144       156       288
         2       143       144       276       288
         2       143       155       287       288
         2       143       275       287       288
         2       143       275       276       288
         2       144       156       157       289
         2       144       145       157       289
         2       144       145       277       289
         2       144       156       288       289
         2       144       276       288       289
         2       144       276       277       289
         2       145       157       158       290
         2       145       146       158       290
         2       145       146       278       290
         2       145       157       289       290
         2       145       277       289       290
         2       145       277       278       290
         2       146       158       159       291
         2       146       147       159       291
         2       146       147       279       291
         2       146       158       290       291
         2       146       278       290       291
         2       146       278       279       291
         2       147       159       160       292
         2       147       148       160       292
         2       147       148       280       292
         2       147       159       291       292
         2       147       279       291       292
         2       147       279       280       292
         2       148       160       161       293
         2       148       149       161       293
         2       148       149       281       293
         2       148       160       292       293
         2       148       280       292       293
         2       148       280       281       293
         2       149       161       162       294
         2       149       150       162       294
         2       149       150       282       294
         2       149       161       293       294
         2       149       281       293       294
         2       149       281       282       294
         2       150       162       163       295
         2       150       151       163       295
         2       150       151       283       295
         2       150       162       294       295
         2       150       282       294       295
         2       150       282       283       295
         2       151       152       163       284
         2       140       151       152       284
         2       140       151       272       284
         2       151       163       284       295
         2       151       283       284       295
         2       151       272       283       284
         2       152       164       165       297
         2       152       153       165       297
         2       152       153       285       297
         2       152       164       296       297
         2       152       284       296       297
         2       152       284       285       297
         2       153       165       166       298
         2       153       154       166       298
         2       153       154       286       298
         2       153       165       297       298
         2       153       285       297       298
         2       153       285       286       298
         2       154       166       167       299
         2       154       155       167       299
         2       154       155       287       299
         2       154       166       298       299
         2       154       286       298       299
         2       154       286       287       299
         2       155       167       168       300
         2       155       156       168       300
         2       155       156       288       300
         2       155       167       299       300
         2       155       287       299       300
         2       155       287       288       300
         2       156       168       169       301
         2       156       157       169       301
         2       156       157       289       301
         2       156       168       300       301
         2       156       288       300       301
         2       156       288       289       301
         2       157       169       170       302
         2       157       158       170       302
         2       157       158       290       302
         2       157       169       301       302
         2       157       289       301       302
         2       157       289       290       302
         2       158       170       171       303
         2       158       159       171       303
         2       158       159       291       303
         2       158       170       302       303
         2       158       290       302       303
         2       158       290       291       303
         2       159       171       172       304
         2       159       160       172       304
         2       159       160       292       304
         2       159       171       303       304
         2       159       291       303       304
         2       159       291       292       304
         2       160       172       173       305
         2       160       161       173       305
         2       160       161       293       305
         2       160       172       304       305
         2       160       292       304       305
         2       160       292       293       305
         2       161       173       174       306
         2       161       162       174       306
         2       161       162       294       306
         2       161       173       305       306
         2       161       293       305       306
         2       161       293       294       306
         2       162       174       175       307
         2       162       163       175       307
         2       162       163       295       307
         2       162       174       306       307
         2       162       294       306       307
         2       162       294       295       307
         2       163       164       175       296
         2       152       163       164       296
         2       152       163       284       296
         2       163       175       296       307
         2       163       295       296       307
         2       163       284       295       296
         2       164       176       177       309
         2       164       165       177       309
         2       164       165       297       309
         2       164       176       308       309
         2       164       296       308       309
         2       164       296       297       309
         2       165       177       178       310
         2       165       166       178       310
         2       165       166       298       310
         2       165       177       309       310
         2       165       297       309       310
         2       165       297       298       310
         2       166       178       179       311
         2       166       167       179       311
         2       166       167       299       311
         2       166       178       310       311
         2       166       298       310       311
         2       166       298       299       311
         2       167       179       180       312
         2       167       168       180       312
         2       167       168       300       312
         2       167       179       311       312
         2       167       299       311       312
         2       167       299       300       312
         2       168       180       181       313
         2       168       169       181       313
         2       168       169       301       313
         2       168       180       312       313
         2       168       300       312       313
         2       168       300       301       313
         2       169       181       182       314
         2       169       170       182       314
         2       169       170       302       314
         2       169       181       313       314
         2       169       301       313       314
         2       169       301       302       314
         2       170       182       183       315
         2       170       171       183       315
         2       170       171       303       315
         2       170       182       314       315
         2       170       302       314       315
         2       170       302       303       315
         2       171       183       184       316
         2       171       172       184       316
         2       171       172       304       316
         2       171       183       315       316
         2       171       303       315       316
         2       171       303       304       316
         2       172       184       185       317
         2       172       173       185       317
         2       172       173       305       317
         2       172       184       316       317
         2       172       304       316       317
         2       172       304       305       317
         2       173       185       186       318
         2       173       174       186       318
         2       173       174       306       318
         2       173       185       317       318
         2       173       305       317       318
         2       173       305       306       318
         2       174       186       187       319
         2       174       175       187       319
         2       174       175       307       319
         2       174       186       318       319
         2       174       306       318       319
         2       174       306       307       319
         2       175       176       187       308
         2       164       175       176       308
         2       164       175       296       308
         2       175       187       308       319
         2       175       307       308       319
         2       175       296       307       308
         2       176       188       189       321
         2       176       177       189       321
         2       176       177       309       321
         2       176       188       320       321
         2       176       308       320       321
         2       176       308       309       321
         2       177       189       190       322
         2       177       178       190       322
         2       177       178       310       322
         2       177       189       321       322
         2       177       309       321       322
         2       177       309       310       322
         2       178       190       191       323
         2       178       179       191       323
         2       178       179       311       323
         2       178       190       322       323
         2       178       310       322       323
         2       178       310       311       323
         2       179       191       192       324
         2       179       180       192       324
         2       179       180       312       324
         2       179       191       323       324
         2       179       311       323       324
         2       179       311       312       324
         2       180       192       193       325
         2       180       181       193       325
         2       180       181       313       325
         2       180       192       324       325
         2       180       312       324       325
         2       180       312       313       325
         2       181       193       194       326
         2       181       182       194       326
         2       181       182       314       326
         2       181       193       325       326
         2       181       313       325       326
         2       181       313       314       326
         2       182       194       195       327
         2       182       183       195       327
         2       182       183       315       327
         2       182       194       326       327
         2       182       314       326       327
         2       182       314       315       327
         2       183       195       196       328
         2       183       184       196       328
         2       183       184       316       328
         2       183       195       327       328
         2       183       315       327       328
         2       183       315       316       328
         2       184       196       197       329
         2       184       185       197       329
         2       184       185       317       329
         2       184       196       328       329
         2       184       316       328       329
         2       184       316       317       329
         2       185       197       198       330
         2       185       186       198       330
         2       185       186       318       330
         2       185       197       329       330
         2       185       317       329       330
         2       185       317       318       330
         2       186       198       199       331
         2       186       187       199       331
         2       186       187       319       331
         2       186       198       330       331
         2       186       318       330       331
         2       186       318       319       331
         2       187       188       199       320
         2       176       187       188       320
         2       176       187       308       320
         2       187       199       320       331
         2       187       319       320       331
         2       187       308       319       320
         2        68        69       188       201
         2        69       188       189       201
         2       188       189       201       321
         2        68       188       200       201
         2       188       200       201       320
         2       188       201       320       321
         2        69        70       189       202
         2        70       189       190       202
         2       189       190       202       322
         2        69       189       201       202
         2       189       201       202       321
         2       189       202       321       322
         2        70        71       190       203
         2        71       190       191       203
         2       190       191       203       323
         2        70       190       202       203
         2       190       202       203       322
         2       190       203       322       323
         2        71        72       191       204
         2        72       191       192       204
         2       191       192       204       324
         2        71       191       203       204
         2       191       203       204       323
         2       191       204       323       324
         2        72        73       192       205
         2        73       192       193       205
         2       192       193       205       325
         2        72       192       204       205
         2       192       204       205       324
         2       192       205       324       325
         2        73        74       193       206
         2        74       193       194       206
         2       193       194       206       326
         2        73       193       205       206
         2       193       205       206       325
         2       193       206       325       326
         2        74        75       194       207
         2        75       194       195       207
         2       194       195       207       327
         2        74       194       206       207
         2       194       206       207       326
         2       194       207       326       327
         2        75        76       195       208
         2        76       195       196       208
         2       195       196       208       328
         2        75       195       207       208
         2       195       207       208       327
         2       195       208       327       328
         2        76        77       196       209
         2        77       196       197       209
         2       196       197       209       329
         2        76       196       208       209
         2       196       208       209       328
         2       196       209       328       329
         2        77        78       197       210
         2        78       197       198       210
         2       197       198       210       330
         2        77       197       209       210
         2       197       209       210       329
         2       197       210       329       330
         2        78        79       198       211
         2        79       198       199       211
         2       198       199       211       331
         2        78       198       210       211
         2       198       210       211       330
         2       198       211       330       331
         2        68        79       199       200
         2        68       188       199       200
         2       188       199       200       320
         2        79       199       200       211
         2       199       200       211       331
         2       199       200       320       331
         2       200       212       213       345
         2       200       201       213       345
         2       200       201       333       345
         2       200       212       344       345
         2       200       332       344       345
         2       200       332       333       345
         2       201       213       214       346
         2       201       202       214       346
         2       201       202       334       346
         2       201       213       345       346
         2       201       333       345       346
         2       201       333       334       346
         2       202       214       215       347
         2       202       203       215       347
         2       202       203       335       347
         2       202       214       346       347
         2       202       334       346       347
         2       202       334       335       347
         2       203       215       216       348
         2       203       204       216       348
         2       203       204       336       348
         2       203       215       347       348
         2       203       335       347       348
         2       203       335       336       348
         2       204       216       217       349
         2       204       205       217       349
         2       204       205       337       349
         2       204       216       348       349
         2       204       336       348       349
         2       204       336       337       349
         2       205       217       218       350
         2       205       206       218       350
         2       205       206       338       350
         2       205       217       349       350
         2       205       337       349       350
         2       205       337       338       350
         2       206       218       219       351
         2       206       207       219       351
         2       206       207       339       351
         2       206       218       350       351
         2       206       338       350       351
         2       206       338       339       351
         2       207       219       220       352
         2       207       208       220       352
         2       207       208       340       352
         2       207       219       351       352
         2       207       339       351       352
         2       207       339       340       352
         2       208       220       221       353
         2       208       209       221       353
         2       208       209       341       353
         2       208       220       352       353
         2       208       340       352       353
         2       208       340       341       353
         2       209       221       222       354
         2       209       210       222       354
         2       209       210       342       354
         2       209       221       353       354
         2       209       341       353       354
         2       209       341       342       354
         2       210       222       223       355
         2       210       211       223       355
         2       210       211       343       355
         2       210       222       354       355
         2       210       342       354       355
         2       210       342       343       355
         2       211       212       223       344
         2       200       211       212       344
         2       200       211       332       344
         2       211       223       344       355
         2       211       343       344       355
         2       211       332       343       344
         2       212       224       225       357
         2       212       213       225       357
         2       212       213       345       357
         2       212       224       356       357
         2       212       344       356       357
         2       212       344       345       357
         2       213       225       226       358
         2       213       214       226       358
         2       213       214       346       358
         2       213       225       357       358
         2       213       345       357       358
         2       213       345       346       358
         2       214       226       227       359
         2       214       215       227       359
         2       214       215       347       359
         2       214       226       358       359
         2       214       346       358       359
         2       214       346       347       359
         2       215       227       228       360
         2       215       216       228       360
         2       215       216       348       360
         2       215       227       359       360
         2       215       347       359       360
         2       215       347       348       360
         2       216       228       229       361
         2       216       217       229       361
         2       216       217       349       361
         2       216       228       360       361
         2       216       348       360       361
         2       216       348       349       361
         2       217       229       230       362
         2       217       218       230       362
         2       217       218       350       362
         2       217       229       361       362
         2       217       349       361       362
         2       217       349       350       362
         2       218       230       231       363
         2       218       219       231       363
         2       218       219       351       363
         2       218       230       362       363
         2       218       350       362       363
         2       218       350       351       363
         2       219       231       232       364
         2       219       220       232       364
         2       219       220       352       364
         2       219       231       363       364
         2       219       351       363       364
         2       219       351       352       364
         2       220       232       233       365
         2       220       221       233       365
         2       220       221       353       365
         2       220       232       364       365
         2       220       352       364       365
         2       220       352       353       365
         2       221       233       234       366
         2       221       222       234       366
         2       221       222       354       366
         2       221       233       365       366
         2       221       353       365       366
         2       221       353       354       366
         2       222       234       235       367
         2       222       223       235       367
         2       222       223       355       367
         2       222       234       366       367
         2       222       354       366       367
         2       222       354       355       367
         2       223       224       235       356
         2       212       223       224       356
         2       212       223       344       356
         2       223       235       356       367
         2       223       355       356       367
         2       223       344       355       356
         2       224       236       237       369
         2       224       225       237       369
         2       224       225       357       369
         2       224       236       368       369
         2       224       356       368       369
         2       224       356       357       369
         2       225       237       238       370
         2       225       226       238       370
         2       225       226       358       370
         2       225       237       369       370
         2       225       357       369       370
         2       225       357       358       370
         2       226       238       239       371
         2       226       227       239       371
         2       226       227       359       371
         2       226       238       370       371
         2       226       358       370       371
         2       226       358       359       371
         2       227       239       240       372
         2       227       228       240       372
         2       227       228       360       372
         2       227       239       371       372
         2       227       359       371       372
         2       227       359       360       372
         2       228       240       241       373
         2       228       229       241       373
         2       228       229       361       373
         2       228       240       372       373
         2       228       360       372       373
         2       228       360       361       373
         2       229       241       242       374
         2       229       230       242       374
         2       229       230       362       374
         2       229       241       373       374
         2       229       361       373       374
         2       229       361       362       374
         2       230       242       243       375
         2       230       231       243       375
         2       230       231       363       375
         2       230       242       374       375
         2       230       362       374       375
         2       230       362       363       375
         2       231       243       244       376
         2       231       232       244       376
         2       231       232       364       376
         2       231       243       375       376
         2       231       363       375       376
         2       231       363       364       376
         2       232       244       245       377
         2       232       233       245       377
         2       232       233       365       377
         2       232       244       376       377
         2       232       364       376       377
         2       232       364       365       377
         2       233       245       246       378
         2       233       234       246       378
         2       233       234       366       378
         2       233       245       377       378
         2       233       365       377       378
         2       233       365       366       378
         2       234       246       247       379
         2       234       235       247       379
         2       234       235       367       379
         2       234       246       378       379
         2       234       366       378       379
         2       234       366       367       379
         2       235       236       247       368
         2       224       235       236       368
         2       224       235       356       368
         2       235       247       368       379
         2       235       367       368       379
         2       235       356       367       368
         2       236       248       249       381
         2       236       237       249       381
         2       236       237       369       381
         2       236       248       380       381
         2       236       368       380       381
         2       236       368       369       381
         2       237       249       250       382
         2       237       238       250       382
         2       237       238       370       382
         2       237       249       381       382
         2       237       369       381       382
         2       237       369       370       382
         2       238       250       251       383
         2       238       239       251       383
         2       238       239       371       383
         2       238       250       382       383
         2       238       370       382       383
         2       238       370       371       383
         2       239       251       252       384
         2       239       240       252       384
         2       239       240       372       384
         2       239       251       383       384
         2       239       371       383       384
         2       239       371       372       384
         2       240       252       253       385
         2       240       241       253       385
         2       240       241       373       385
         2       240       252       384       385
         2       240       372       384       385
         2       240       372       373       385
         2       241       253       254       386
         2       241       242       254       386
         2       241       242       374       386
         2       241       253       385       386
         2       241       373       385       386
         2       241       373       374       386
         2       242       254       255       387
         2       242       243       255       387
         2       242       243       375       387
         2       242       254       386       387
         2       242       374       386       387
         2       242       374       375       387
         2       243       255       256       388
         2       243       244       256       388
         2       243       244       376       388
         2       243       255       387       388
         2       243       375       387       388
         2       243       375       376       388
         2       244       256       257       389
         2       244       245       257       389
         2       244       245       377       389
         2       244       256       388       389
         2       244       376       388       389
         2       244       376       377       389
         2       245       257       258       390
         2       245       246       258       390
         2       245       246       378       390
         2       245       257       389       390
         2       245       377       389       390
         2       245       377       378       390
         2       246       258       259       391
         2       246       247       259       391
         2       246       247       379       391
         2       246       258       390       391
         2       246       378       390       391
         2       246       378       379       391
         2       247       248       259       380
         2       236       247       248       380
         2       236       247       368       380
         2       247       259       380       391
         2       247       379       380       391
         2       247       368       379       380
         2       248       260       261       393
         2       248       249       261       393
         2       248       249       381       393
         2       248       260       392       393
         2       248       380       392       393
         2       248       380       381       393
         2       249       261       262       394
         2       249       250       262       394
         2       249       250       382       394
         2       249       261       393       394
         2       249       381       393       394
         2       249       381       382       394
         2       250       262       263       395
         2       250       251       263       395
         2       250       251       383       395
         2       250       262       394       395
         2       250       382       394       395
         2       250       382       383       395
         2       251       263       264       396
         2       251       252       264       396
         2       251       252       384       396
         2       251       263       395       396
         2       251       383       395       396
         2       251       383       384       396
         2       252       264       265       397
         2       252       253       265       397
         2       252       253       385       397
         2       252       264       396       397
         2       252       384       396       397
         2       252       384       385       397
         2       253       265       266       398
         2       253       254       266       398
         2       253       254       386       398
         2       253       265       397       398
         2       253       385       397       398
         2       253       385       386       398
         2       254       266       267       399
         2       254       255       267       399
         2       254       255       387       399
         2       254       266       398       399
         2       254       386       398       399
         2       254       386       387       399
         2       255       267       268       400
         2       255       256       268       400
         2       255       256       388       400
         2       255       267       399       400
         2       255       387       399       400
         2       255       387       388       400
         2       256       268       269       401
         2       256       257       269       401
         2       256       257       389       401
         2       256       268       400       401
         2       256       388       400       401
         2       256       388       389       401
         2       257       269       270       402
         2       257       258       270       402
         2       257       258       390       402
         2       257       269       401       402
         2       257       389       401       402
         2       257       389       390       402
         2       258       270       271       403
         2       258       259       271       403
         2       258       259       391       403
         2       258       270       402       403
         2       258       390       402       403
         2       258       390       391       403
         2       259       260       271       392
         2       248       259       260       392
         2       248       259       380       392
         2       259       271       392       403
         2       259       391       392       403
         2       259       380       391       392
         2       260       272       273       405
         2       260       261       273       405
         2       260       261       393       405
         2       260       272       404       405
         2       260       392       404       405
         2       260       392       393       405
         2       261       273       274       406
         2       261       262       274       406
         2       261       262       394       406
         2       261       273       405       406
         2       261       393       405       406
         2       261       393       394       406
         2       262       274       275       407
         2       262       263       275       407
         2       262       263       395       407
         2       262       274       406       407
         2       262       394       406       407
         2       262       394       395       407
         2       263       275       276       408
         2       263       264       276       408
         2       263       264       396       408
         2       263       275       407       408
         2       263       395       407       408
         2       263       395       396       408
         2       264       276       277       409
         2       264       265       277       409
         2       264       265       397       409
         2       264       276       408       409
         2       264       396       408       409
         2       264       396       397       409
         2       265       277       278       410
         2       265       266       278       410
         2       265       266       398       410
         2       265       277       409       410
         2       265       397       409       410
         2       265       397       398       410
         2       266       278       279       411
         2       266       267       279       411
         2       266       267       399       411
         2       266       278       410       411
         2       266       398       410       411
         2       266       398       399       411
         2       267       279       280       412
         2       267       268       280       412
         2       267       268       400       412
         2       267       279       411       412
         2       267       399       411       412
         2       267       399       400       412
         2       268       280       281       413
         2       268       269       281       413
         2       268       269       401       413
         2       268       280       412       413
         2       268       400       412       413
         2       268       400       401       413
         2       269       281       282       414
         2       269       270       282       414
         2       269       270       402       414
         2       269       281       413       414
         2       269       401       413       414
         2       269       401       402       414
         2       270       282       283       415
         2       270       271       283       415
         2       270       271       403       415
         2       270       282       414       415
         2       270       402       414       415
         2       270       402       403       415
         2       271       272       283       404
         2       260       271       272       404
         2       260       271       392       404
         2       271       283       404       415
         2       271       403       404       415
         2       271       392       403       404
         2       272       284       285       417
         2       272       273       285       417
         2       272       273       405       417
         2       272       284       416       417
         2       272       404       416       417
         2       272       404       405       417
         2       273       285       286       418
         2       273       274       286       418
         2       273       274       406       418
         2       273       285       417       418
         2       273       405       417       418
         2       273       405       406       418
         2       274       286       287       419
         2       274       275       287       419
         2       274       275       407       419
         2       274       286       418       419
         2       274       406       418       419
         2       274       406       407       419
         2       275       287       288       420
         2       275       276       288       420
         2       275       276       408       420
         2       275       287       419       420
         2       275       407       419       420
         2       275       407       408       420
         2       276       288       289       421
         2       276       277       289       421
         2       276       277       409       421
         2       276       288       420       421
         2       276       408       420       421
         2       276       408       409       421
         2       277       289       290       422
         2       277       278       290       422
         2       277       278       410       422
         2       277       289       421       422
         2       277       409       421       422
         2       277       409       410       422
         2       278       290       291       423
         2       278       279       291       423
         2       278       279       411       423
         2       278       290       422       423
         2       278       410       422       423
         2       278       410       411       423
         2       279       291       292       424
         2       279       280       292       424
         2       279       280       412       424
         2       279       291       423       424
         2       279       411       423       424
         2       279       411       412       424
         2       280       292       293       425
         2       280       281       293       425
         2       280       281       413       425
         2       280       292       424       425
         2       280       412       424       425
         2       280       412       413       425
         2       281       293       294       426
         2       281       282       294       426
         2       281       282       414       426
         2       281       293       425       426
         2       281       413       425       426
         2       281       413       414       426
         2       282       294       295       427
         2       282       283       295       427
         2       282       283       415       427
         2       282       294       426       427
         2       282       414       426       427
         2       282       414       415       427
         2       283       284       295       416
         2       272       283       284       416
         2       272       283       404       416
         2       283       295       416       427
         2       283       415       416       427
         2       283       404       415       416
         2       284       296       297       429
         2       284       285       297       429
         2       284       285       417       429
         2       284       296       428       429
         2       284       416       428       429
         2       284       416       417       429
         2       285       297       298       430
         2       285       286       298       430
         2       285       286       418       430
         2       285       297       429       430
         2       285       417       429       430
         2       285       417       418       430
         2       286       298       299       431
         2       286       287       299       431
         2       286       287       419       431
         2       286       298       430       431
         2       286       418       430       431
         2       286       418       419       431
         2       287       299       300       432
         2       287       288       300       432
         2       287       288       420       432
         2       287       299       431       432
         2       287       419       431       432
         2       287       419       420       432
         2       288       300       301       433
         2       288       289       301       433
         2       288       289       421       433
         2       288       300       432       433
         2       288       420       432       433
         2       288       420       421       433
         2       289       301       302       434
         2       289       290       302       434
         2       289       290       422       434
         2       289       301       433       434
         2       289       421       433       434
         2       289       421       422       434
         2       290       302       303       435
         2       290       291       303       435
         2       290       291       423       435
         2       290       302       434       435
         2       290       422       434       435
         2       290       422       423       435
         2       291       303       304       436
         2       291       292       304       436
         2       291       292       424       436
         2       291       303       435       436
         2       291       423       435       436
         2       291       423       424       436
         2       292       304       305       437
         2       292       293       305       437
         2       292       293       425       437
         2       292       304       436       437
         2       292       424       436       437
         2       292       424       425       437
         2       293       305       306       438
         2       293       294       306       438
         2       293       294       426       438
         2       293       305       437       438
         2       293       425       437       438
         2       293       425       426       438
         2       294       306       307       439
         2       294       295       307       439
         2       294       295       427       439
         2       294       306       438       439
         2       294       426       438       439
         2       294       426       427       439
         2       295       296       307       428
         2       284       295       296       428
         2       284       295       416       428
         2       295       307       428       439
         2       295       427       428       439
         2       295       416       427       428
         2       296       308       309       441
         2       296       297       309       441
         2       296       297       429       441
         2       296       308       440       441
         2       296       428       440       441
         2       296       428       429       441
         2       297       309       310       442
         2       297       298       310       442
         2       297       298       430       442
         2       297       309       441       442
         2       297       429       441       442
         2       297       429       430       442
         2       298       310       311       443
         2       298       299       311       443
         2       298       299       431       443
         2       298       310       442       443
         2       298       430       442       443
         2       298       430       431       443
         2       299       311       312       444
         2       299       300       312       444
         2       299       300       432       444
         2       299       311       443       444
         2       299       431       443       444
         2       299       431       432       444
         2       300       312       313       445
         2       300       301       313       445
         2       300       301       433       445
         2       300       312       444       445
         2       300       432       444       445
         2       300       432       433       445
         2       301       313       314       446
         2       301       302       314       446
         2       301       302       434       446
         2       301       313       445       446
         2       301       433       445       446
         2       301       433       434       446
         2       302       314       315       447
         2       302       303       315       447
         2       302       303       435       447
         2       302       314       446       447
         2       302       434       446       447
         2       302       434       435       447
         2       303       315       316       448
         2       303       304       316       448
         2       303       304       436       448
         2       303       315       447       448
         2       303       435       447       448
         2       303       435       436       448
         2       304       316       317       449
         2       304       305       317       449
         2       304       305       437       449
         2       304       316       448       449
         2       304       436       448       449
         2       304       436       437       449
         2       305       317       318       450
         2       305       306       318       450
         2       305       306       438       450
         2       305       317       449       450
         2       305       437       449       450
         2       305       437       438       450
         2       306       318       319       451
         2       306       307       319       451
         2       306       307       439       451
         2       306       318       450       451
         2       306       438       450       451
         2       306       438       439       451
         2       307       308       319       440
         2       296       307       308       440
         2       296       307       428       440
         2       307       319       440       451
         2       307       439       440       451
         2       307       428       439       440
         2       308       320       321       453
         2       308       309       321       453
         2       308       309       441       453
         2       308       320       452       453
         2       308       440       452       453
         2       308       440       441       453
         2       309       321       322       454
         2       309       310       322       454
         2       309       310       442       454
         2       309       321       453       454
         2       309       441       453       454
         2       309       441       442       454
         2       310       322       323       455
         2       310       311       323       455
         2       310       311       443       455
         2       310       322       454       455
         2       310       442       454       455
         2       310       442       443       455
         2       311       323       324       456
         2       311       312       324       456
         2       311       312       444       456
         2       311       323       455       456
         2       311       443       455       456
         2       311       443       444       456
         2       312       324       325       457
         2       312       313       325       457
         2       312       313       445       457
         2       312       324       456       457
         2       312       444       456       457
         2       312       444       445       457
         2       313       325       326       458
         2       313       314       326       458
         2       313       314       446       458
         2       313       325       457       458
         2       313       445       457       458
         2       313       445       446       458
         2       314       326       327       459
         2       314       315       327       459
         2       314       315       447       459
         2       314       326       458       459
         2       314       446       458       459
         2       314       446       447       459
         2       315       327       328       460
         2       315       316       328       460
         2       315       316       448       460
         2       315       327       459       460
         2       315       447       459       460
         2       315       447       448       460
         2       316       328       329       461
         2       316       317       329       461
         2       316       317       449       461
         2       316       328       460       461
         2       316       448       460       461
         2       316       448       449       461
         2       317       329       330       462
         2       317       318       330       462
         2       317       318       450       462
         2       317       329       461       462
         2       317       449       461       462
         2       317       449       450       462
         2       318       330       331       463
         2       318       319       331       463
         2       318       319       451       463
         2       318       330       462       463
         2       318       450       462       463
         2       318       450       451       463
         2       319       320       331       452
         2       308       319       320       452
         2       308       319       440       452
         2       319       331       452       463
         2       319       451       452       463
         2       319       440       451       452
         2       200       201       320       333
         2       201       320       321       333
         2       320       321       333       453
         2       200       320       332       333
         2       320       332       333       452
         2       320       333       452       453
         2       201       202       321       334
         2       202       321       322       334
         2       321       322       334       454
         2       201       321       333       334
         2       321       333       334       453
         2       321       334       453       454
         2       202       203       322       335
         2       203       322       323       335
         2       322       323       335       455
         2       202       322       334       335
         2       322       334       335       454
         2       322       335       454       455
         2       203       204       323       336
         2       204       323       324       336
         2       323       324       336       456
         2       203       323       335       336
         2       323       335       336       455
         2       323       336       455       456
         2       204       205       324       337
         2       205       324       325       337
         2       324       325       337       457
         2       204       324       336       337
         2       324       336       337       456
         2       324       337       456       457
         2       205       206       325       338
         2       206       325       326       338
         2       325       326       338       458
         2       205       325       337       338
         2       325       337       338       457
         2       325       338       457       458
         2       206       207       326       339
         2       207       326       327       339
         2       326       327       339       459
         2       206       326       338       339
         2       326       338       339       458
         2       326       339       458       459
         2       207       208       327       340
         2       208       327       328       340
         2       327       328       340       460
         2       207       327       339       340
         2       327       339       340       459
         2       327       340       459       460
         2       208       209       328       341
         2       209       328       329       341
         2       328       329       341       461
         2       208       328       340       341
         2       328       340       341       460
         2       328       341       460       461
         2       209       210       329       342
         2       210       329       330       342
         2       329       330       342       462
         2       209       329       341       342
         2       329       341       342       461
         2       329       342       461       462
         2       210       211       330       343
         2       211       330       331       343
         2       330       331       343       463
         2       210       330       342       343
         2       330       342       343       462
         2       330       343       462       463
         2       200       211       331       332
         2       200       320       331       332
         2       320       331       332       452
         2       211       331       332       343
         2       331       332       343       463
         2       331       332       452       463
         2       332       344       345       477
         2       332       333       345       477
         2       332       333       465       477
         2       332       344       476       477
         2       332       464       476       477
         2       332       464       465       477
         2       333       345       346       478
         2       333       334       346       478
         2       333       334       466       478
         2       333       345       477       478
         2       333       465       477       478
         2       333       465       466       478
         2       334       346       347       479
         2       334       335       347       479
         2       334       335       467       479
         2       334       346       478       479
         2       334       466       478       479
         2       334       466       467       479
         2       335       347       348       480
         2       335       336       348       480
         2       335       336       468       480
         2       335       347       479       480
         2       335       467       479       480
         2       335       467       468       480
         2       336       348       349       481
         2       336       337       349       481
         2       336       337       469       481
         2       336       348       480       481
         2       336       468       480       481
         2       336       468       469       481
         2       337       349       350       482
         2       337       338       350       482
         2       337       338       470       482
         2       337       349       481       482
         2       337       469       481       482
         2       337       469       470       482
         2       338       350       351       483
         2       338       339       351       483
         2       338       339       471       483
         2       338       350       482       483
         2       338       470       482       483
         2       338       470       471       483
         2       339       351       352       484
         2       339       340       352       484
         2       339       340       472       484
         2       339       351       483       484
         2       339       471       483       484
         2       339       471       472       484
         2       340       352       353       485
         2       340       341       353       485
         2       340       341       473       485
         2       340       352       484       485
         2       340       472       484       485
         2       340       472       473       485
         2       341       353       354       486
         2       341       342       354       486
         2       341       342       474       486
         2       341       353       485       486
         2       341       473       485       486
         2       341       473       474       486
         2       342       354       355       487
         2       342       343       355       487
         2       342       343       475       487
         2       342       354       486       487
         2       342       474       486       487
         2       342       474       475       487
         2       343       344       355       476
         2       332       343       344       476
         2       332       343       464       476
         2       343       355       476       487
         2       343       475       476       487
         2       343       464       475       476
         2       344       356       357       489
         2       344       345       357       489
         2       344       345       477       489
         2       344       356       488       489
         2       344       476       488       489
         2       344       476       477       489
         2       345       357       358       490
         2       345       346       358       490
         2       345       346       478       490
         2       345       357       489       490
         2       345       477       489       490
         2       345       477       478       490
         2       346       358       359       491
         2       346       347       359       491
         2       346       347       479       491
         2       346       358       490       491
         2       346       478       490       491
         2       346       478       479       491
         2       347       359       360       492
         2       347       348       360       492
         2       347       348       480       492
         2       347       359       491       492
         2       347       479       491       492
         2       347       479       480       492
         2       348       360       361       493
         2       348       349       361       493
         2       348       349       481       493
         2       348       360       492       493
         2       348       480       492       493
         2       348       480       481       493
         2       349       361       362       494
         2       349       350       362       494
         2       349       350       482       494
         2       349       361       493       494
         2       349       481       493       494
         2       349       481       482       494
         2       350       362       363       495
         2       350       351       363       495
         2       350       351       483       495
         2       350       362       494       495
         2       350       482       494       495
         2       350       482       483       495
         2       351       363       364       496
         2       351       352       364       496
         2       351       352       484       496
         2       351       363       495       496
         2       351       483       495       496
         2       351       483       484       496
         2       352       364       365       497
         2       352       353       365       497
         2       352       353       485       497
         2       352       364       496       497
         2       352       484       496       497
         2       352       484       485       497
         2       353       365       366       498
         2       353       354       366       498
         2       353       354       486       498
         2       353       365       497       498
         2       353       485       497       498
         2       353       485       486       498
         2       354       366       367       499
         2       354       355       367       499
         2       354       355       487       499
         2       354       366       498       499
         2       354       486       498       499
         2       354       486       487       499
         2       355       356       367       488
         2       344       355       356       488
         2       344       355       476       488
         2       355       367       488       499
         2       355       487       488       499
         2       355       476       487       488
         2       356       368       369       501
         2       356       357       369       501
         2       356       357       489       501
         2       356       368       500       501
         2       356       488       500       501
         2       356       488       489       501
         2       357       369       370       502
         2       357       358       370       502
         2       357       358       490       502
         2       357       369       501       502
         2       357       489       501       502
         2       357       489       490       502
         2       358       370       371       503
         2       358       359       371       503
         2       358       359       491       503
         2       358       370       502       503
         2       358       490       502       503
         2       358       490       491       503
         2       359       371       372       504
         2       359       360       372       504
         2       359       360       492       504
         2       359       371       503       504
         2       359       491       503       504
         2       359       491       492       504
         2       360       372       373       505
         2       360       361       373       505
         2       360       361       493       505
         2       360       372       504       505
         2       360       492       504       505
         2       360       492       493       505
         2       361       373       374       506
         2       361       362       374       506
         2       361       362       494       506
         2       361       373       505       506
         2       361       493       505       506
         2       361       493       494       506
         2       362       374       375       507
         2       362       363       375       507
         2       362       363       495       507
         2       362       374       506       507
         2       362       494       506       507
         2       362       494       495       507
         2       363       375       376       508
         2       363       364       376       508
         2       363       364       496       508
         2       363       375       507       508
         2       363       495       507       508
         2       363       495       496       508
         2       364       376       377       509
         2       364       365       377       509
         2       364       365       497       509
         2       364       376       508       509
         2       364       496       508       509
         2       364       496       497       509
         2       365       377       378       510
         2       365       366       378       510
         2       365       366       498       510
         2       365       377       509       510
         2       365       497       509       510
         2       365       497       498       510
         2       366       378       379       511
         2       366       367       379       511
         2       366       367       499       511
         2       366       378       510       511
         2       366       498       510       511
         2       366       498       499       511
         2       367       368       379       500
         2       356       367       368       500
         2       356       367       488       500
         2       367       379       500       511
         2       367       499       500       511
         2       367       488       499       500
         2       368       380       381       513
         2       368       369       381       513
         2       368       369       501       513
         2       368       380       512       513
         2       368       500       512       513
         2       368       500       501       513
         2       369       381       382       514
         2       369       370       382       514
         2       369       370       502       514
         2       369       381       513       514
         2       369       501       513       514
         2       369       501       502       514
         2       370       382       383       515
         2       370       371       383       515
         2       370       371       503       515
         2       370       382       514       515
         2       370       502       514       515
         2       370       502       503       515
         2       371       383       384       516
         2       371       372       384       516
         2       371       372       504       516
         2       371       383       515       516
         2       371       503       515       516
         2       371       503       504       516
         2       372       384       385       517
         2       372       373       385       517
         2       372       373       505       517
         2       372       384       516       517
         2       372       504       516       517
         2       372       504       505       517
         2       373       385       386       518
         2       373       374       386       518
         2       373       374       506       518
         2       373       385       517       518
         2       373       505       517       518
         2       373       505       506       518
         2       374       386       387       519
         2       374       375       387       519
         2       374       375       507       519
         2       374       386       518       519
         2       374       506       518       519
         2       374       506       507       519
         2       375       387       388       520
         2       375       376       388       520
         2       375       376       508       520
         2       375       387       519       520
         2       375       507       519       520
         2       375       507       508       520
         2       376       388       389       521
         2       376       377       389       521
         2       376       377       509       521
         2       376       388       520       521
         2       376       508       520       521
         2       376       508       509       521
         2       377       389       390       522
         2       377       378       390       522
         2       377       378       510       522
         2       377       389       521       522
         2       377       509       521       522
         2       377       509       510       522
         2       378       390       391       523
         2       378       379       391       523
         2       378       379       511       523
         2       378       390       522       523
         2       378       510       522       523
         2       378       510       511       523
         2       379       380       391       512
         2       368       379       380       512
         2       368       379       500       512
         2       379       391       512       523
         2       379       511       512       523
         2       379       500       511       512
         2       380       392       393       525
         2       380       381       393       525
         2       380       381       513       525
         2       380       392       524       525
         2       380       512       524       525
         2       380       512       513       525
         2       381       393       394       526
         2       381       382       394       526
         2       381       382       514       526
         2       381       393       525       526
         2       381       513       525       526
         2       381       513       514       526
         2       382       394       395       527
         2       382       383       395       527
         2       382       383       515       527
         2       382       394       526       527
         2       382       514       526       527
         2       382       514       515       527
         2       383       395       396       528
         2       383       384       396       528
         2       383       384       516       528
         2       383       395       527       528
         2       383       515       527       528
         2       383       515       516       528
         2       384       396       397       529
         2       384       385       397       529
         2       384       385       517       529
         2       384       396       528       529
         2       384       516       528       529
         2       384       516       517       529
         2       385       397       398       530
         2       385       386       398       530
         2       385       386       518       530
         2       385       397       529       530
         2       385       517       529       530
         2       385       517       518       530
         2       386       398       399       531
         2       386       387       399       531
         2       386       387       519       531
         2       386       398       530       531
         2       386       518       530       531
         2       386       518       519       531
         2       387       399       400       532
         2       387       388       400       532
         2       387       388       520       532
         2       387       399       531       532
         2       387       519       531       532
         2       387       519       520       532
         2       388       400       401       533
         2       388       389       401       533
         2       388       389       521       533
         2       388       400       532       533
         2       388       520       532       533
         2       388       520       521       533
         2       389       401       402       534
         2       389       390       402       534
         2       389       390       522       534
         2       389       401       533       534
         2       389       521       533       534
         2       389       521       522       534
         2       390       402       403       535
         2       390       391       403       535
         2       390       391       523       535
         2       390       402       534       535
         2       390       522       534       535
         2       390       522       523       535
         2       391       392       403       524
         2       380       391       392       524
         2       380       391       512       524
         2       391       403       524       535
         2       391       523       524       535
         2       391       512       523       524
         2       392       404       405       537
         2       392       393       405       537
         2       392       393       525       537
         2       392       404       536       537
         2       392       524       536       537
         2       392       524       525       537
         2       393       405       406       538
         2       393       394       406       538
         2       393       394       526       538
         2       393       405       537       538
         2       393       525       537       538
         2       393       525       526       538
         2       394       406       407       539
         2       394       395       407       539
         2       394       395       527       539
         2       394       406       538       539
         2       394       526       538       539
         2       394       526       527       539
         2       395       407       408       540
         2       395       396       408       540
         2       395       396       528       540
         2       395       407       539       540
         2       395       527       539       540
         2       395       527       528       540
         2       396       408       409       541
         2       396       397       409       541
         2       396       397       529       541
         2       396       408       540       541
         2       396       528       540       541
         2       396       528       529       541
         2       397       409       410       542
         2       397       398       410       542
         2       397       398       530       542
         2       397       409       541       542
         2       397       529       541       542
         2       397       529       530       542
         2       398       410       411       543
         2       398       399       411       543
         2       398       399       531       543
         2       398       410       542       543
         2       398       530       542       543
         2       398       530       531       543
         2       399       411       412       544
         2       399       400       412       544
         2       399       400       532       544
         2       399       411       543       544
         2       399       531       543       544
         2       399       531       532       544
         2       400       412       413       545
         2       400       401       413       545
         2       400       401       533       545
         2       400       412       544       545
         2       400       532       544       545
         2       400       532       533       545
         2       401       413       414       546
         2       401       402       414       546
         2       401       402       534       546
         2       401       413       545       546
         2       401       533       545       546
         2       401       533       534       546
         2       402       414       415       547
         2       402       403       415       547
         2       402       403       535       547
         2       402       414       546       547
         2       402       534       546       547
         2       402       534       535       547
         2       403       404       415       536
         2       392       403       404       536
         2       392       403       524       536
         2       403       415       536       547
         2       403       535       536       547
         2       403       524       535       536
         2       404       416       417       549
         2       404       405       417       549
         2       404       405       537       549
         2       404       416       548       549
         2       404       536       548       549
         2       404       536       537       549
         2       405       417       418       550
         2       405       406       418       550
         2       405       406       538       550
         2       405       417       549       550
         2       405       537       549       550
         2       405       537       538       550
         2       406       418       419       551
         2       406       407       419       551
         2       406       407       539       551
         2       406       418       550       551
         2       406       538       550       551
         2       406       538       539       551
         2       407       419       420       552
         2       407       408       420       552
         2       407       408       540       552
         2       407       419       551       552
         2       407       539       551       552
         2       407       539       540       552
         2       408       420       421       553
         2       408       409       421       553
         2       408       409       541       553
         2       408       420       552       553
         2       408       540       552       553
         2       408       540       541       553
         2       409       421       422       554
         2       409       410       422       554
         2       409       410       542       554
         2       409       421       553       554
         2       409       541       553       554
         2       409       541       542       554
         2       410       422       423       555
         2       410       411       423       555
         2       410       411       543       555
         2       410       422       554       555
         2       410       542       554       555
         2       410       542       543       555
         2       411       423       424       556
         2       411       412       424       556
         2       411       412       544       556
         2       411       423       555       556
         2       411       543       555       556
         2       411       543       544       556
         2       412       424       425       557
         2       412       413       425       557
         2       412       413       545       557
         2       412       424       556       557
         2       412       544       556       557
         2       412       544       545       557
         2       413       425       426       558
         2       413       414       426       558
         2       413       414       546       558
         2       413       425       557       558
         2       413       545       557       558
         2       413       545       546       558
         2       414       426       427       559
         2       414       415       427       559
         2       414       415       547       559
         2       414       426       558       559
         2       414       546       558       559
         2       414       546       547       559
         2       415       416       427       548
         2       404       415       416       548
         2       404       415       536       548
         2       415       427       548       559
         2       415       547       548       559
         2       415       536       547       548
         2       416       428       429       561
         2       416       417       429       561
         2       416       417       549       561
         2       416       428       560       561
         2       416       548       560       561
         2       416       548       549       561
         2       417       429       430       562
         2       417       418       430       562
         2       417       418       550       562
         2       417       429       561       562
         2       417       549       561       562
         2       417       549       550       562
         2       418       430       431       563
         2       418       419       431       563
         2       418       419       551       563
         2       418       430       562       563
         2       418       550       562       563
         2       418       550       551       563
         2       419       431       432       564
         2       419       420       432       564
         2       419       420       552       564
         2       419       431       563       564
         2       419       551       563       564
         2       419       551       552       564
         2       420       432       433       565
         2       420       421       433       565
         2       420       421       553       565
         2       420       432       564       565
         2       420       552       564       565
         2       420       552       553       565
         2       421       433       434       566
         2       421       422       434       566
         2       421       422       554       566
         2       421       433       565       566
         2       421       553       565       566
         2       421       553       554       566
         2       422       434       435       567
         2       422       423       435       567
         2       422       423       555       567
         2       422       434       566       567
         2       422       554       566       567
         2       422       554       555       567
         2       423       435       436       568
         2       423       424       436       568
         2       423       424       556       568
         2       423       435       567       568
         2       423       555       567       568
         2       423       555       556       568
         2       424       436       437       569
         2       424       425       437       569
         2       424       425       557       569
         2       424       436       568       569
         2       424       556       568       569
         2       424       556       557       569
         2       425       437       438       570
         2       425       426       438       570
         2       425       426       558       570
         2       425       437       569       570
         2       425       557       569       570
         2       425       557       558       570
         2       426       438       439       571
         2       426       427       439       571
         2       426       427       559       571
         2       426       438       570       571
         2       426       558       570       571
         2       426       558       559       571
         2       427       428       439       560
         2       416       427       428       560
         2       416       427       548       560
         2       427       439       560       571
         2       427       559       560       571
         2       427       548       559       560
         2       428       440       441       573
         2       428       429       441       573
         2       428       429       561       573
         2       428       440       572       573
         2       428       560       572       573
         2       428       560       561       573
         2       429       441       442       574
         2       429       430       442       574
         2       429       430       562       574
         2       429       441       573       574
         2       429       561       573       574
         2       429       561       562       574
         2       430       442       443       575
         2       430       431       443       575
         2       430       431       563       575
         2       430       442       574       575
         2       430       562       574       575
         2       430       562       563       575
         2       431       443       444       576
         2       431       432       444       576
         2       431       432       564       576
         2       431       443       575       576
         2       431       563       575       576
         2       431       563       564       576
         2       432       444       445       577
         2       432       433       445       577
         2       432       433       565       577
         2       432       444       576       577
         2       432       564       576       577
         2       432       564       565       577
         2       433       445       446       578
         2       433       434       446       578
         2       433       434       566       578
         2       433       445       577       578
         2       433       565       577       578
         2       433       565       566       578
         2       434       446       447       579
         2       434       435       447       579
         2       434       435       567       579
         2       434       446       578       579
         2       434       566       578       579
         2       434       566       567       579
         2       435       447       448       580
         2       435       436       448       580
         2       435       436       568       580
         2       435       447       579       580
         2       435       567       579       580
         2       435       567       568       580
         2       436       448       449       581
         2       436       437       449       581
         2       436       437       569       581
         2       436       448       580       581
         2       436       568       580       581
         2       436       568       569       581
         2       437       449       450       582
         2       437       438       450       582
         2       437       438       570       582
         2       437       449       581       582
         2       437       569       581       582
         2       437       569       570       582
         2       438       450       451       583
         2       438       439       451       583
         2       438       439       571       583
         2       438       450       582       583
         2       438       570       582       583
         2       438       570       571       583
         2       439       440       451       572
         2       428       439       440       572
         2       428       439       560       572
         2       439       451       572       583
         2       439       571       572       583
         2       439       560       571       572
         2       440       452       453       585
         2       440       441       453       585
         2       440       441       573       585
         2       440       452       584       585
         2       440       572       584       585
         2       440       572       573       585
         2       441       453       454       586
         2       441       442       454       586
         2       441       442       574       586
         2       441       453       585       586
         2       441       573       585       586
         2       441       573       574       586
         2       442       454       455       587
         2       442       443       455       587
         2       442       443       575       587
         2       442       454       586       587
         2       442       574       586       587
         2       442       574       575       587
         2       443       455       456       588
         2       443       444       456       588
         2       443       444       576       588
         2       443       455       587       588
         2       443       575       587       588
         2       443       575       576       588
         2       444       456       457       589
         2       444       445       457       589
         2       444       445       577       589
         2       444       456       588       589
         2       444       576       588       589
         2       444       576       577       589
         2       445       457       458       590
         2       445       446       458       590
         2       445       446       578       590
         2       445       457       589       590
         2       445       577       589       590
         2       445       577       578       590
         2       446       458       459       591
         2       446       447       459       591
         2       446       447       579       591
         2       446       458       590       591
         2       446       578       590       591
         2       446       578       579       591
         2       447       459       460       592
         2       447       448       460       592
         2       447       448       580       592
         2       447       459       591       592
         2       447       579       591       592
         2       447       579       580       592
         2       448       460       461       593
         2       448       449       461       593
         2       448       449       581       593
         2       448       460       592       593
         2       448       580       592       593
         2       448       580       581       593
         2       449       461       462       594
         2       449       450       462       594
         2       449       450       582       594
         2       449       461       593       594
         2       449       581       593       594
         2       449       581       582       594
         2       450       462       463       595
         2       450       451       463       595
         2       450       451       583       595
         2       450       462       594       595
         2       450       582       594       595
         2       450       582       583       595
         2       451       452       463       584
         2       440       451       452       584
         2       440       451       572       584
         2       451       463       584       595
         2       451       583       584       595
         2       451       572       583       584
         2       332       333       452       465
         2       333       452       453       465
         2       452       453       465       585
         2       332       452       464       465
         2       452       464       465       584
         2       452       465       584       585
         2       333       334       453       466
         2       334       453       454       466
         2       453       454       466       586
         2       333       453       465       466
         2       453       465       466       585
         2       453       466       585       586
         2       334       335       454       467
         2       335       454       455       467
         2       454       455       467       587
         2       334       454       466       467
         2       454       466       467       586
         2       454       467       586       587
         2       335       336       455       468
         2       336       455       456       468
         2       455       456       468       588
         2       335       455       467       468
         2       455       467       468       587
         2       455       468       587       588
         2       336       337       456       469
         2       337       456       457       469
         2       456       457       469       589
         2       336       456       468       469
         2       456       468       469       588
         2       456       469       588       589
         2       337       338       457       470
         2       338       457       458       470
         2       457       458       470       590
         2       337       457       469       470
         2       457       469       470       589
         2       457       470       589       590
         2       338       339       458       471
         2       339       458       459       471
         2       458       459       471       591
         2       338       458       470       471
         2       458       470       471       590
         2       458       471       590       591
         2       339       340       459       472
         2       340       459       460       472
         2       459       460       472       592
         2       339       459       471       472
         2       459       471       472       591
         2       459       472       591       592
         2       340       341       460       473
         2       341       460       461       473
         2       460       461       473       593
         2       340       460       472       473
         2       460       472       473       592
         2       460       473       592       593
         2       341       342       461       474
         2       342       461       462       474
         2       461       462       474       594
         2       341       461       473       474
         2       461       473       474       593
         2       461       474       593       594
         2       342       343       462       475
         2       343       462       463       475
         2       462       463       475       595
         2       342       462       474       475
         2       462       474       475       594
         2       462       475       594       595
         2       332       343       463       464
         2       332       452       463       464
         2       452       463       464       584
         2       343       463       464       475
         2       463       464       475       595
         2       463       464       584       595
         2       464       476       477       609
         2       464       465       477       609
         2       464       465       597       609
         2       464       476       608       609
         2       464       596       608       609
         2       464       596       597       609
         2       465       477       478       610
         2       465       466       478       610
         2       465       466       598       610
         2       465       477       609       610
         2       465       597       609       610
         2       465       597       598       610
         2       466       478       479       611
         2       466       467       479       611
         2       466       467       599       611
         2       466       478       610       611
         2       466       598       610       611
         2       466       598       599       611
         2       467       479       480       612
         2       467       468       480       612
         2       467       468       600       612
         2       467       479       611       612
         2       467       599       611       612
         2       467       599       600       612
         2       468       480       481       613
         2       468       469       481       613
         2       468       469       601       613
         2       468       480       612       613
         2       468       600       612       613
         2       468       600       601       613
         2       469       481       482       614
         2       469       470       482       614
         2       469       470       602       614
         2       469       481       613       614
         2       469       601       613       614
         2       469       601       602       614
         2       470       482       483       615
         2       470       471       483       615
         2       470       471       603       615
         2       470       482       614       615
         2       470       602       614       615
         2       470       602       603       615
         2       471       483       484       616
         2       471       472       484       616
         2       471       472       604       616
         2       471       483       615       616
         2       471       603       615       616
         2       471       603       604       616
         2       472       484       485       617
         2       472       473       485       617
         2       472       473       605       617
         2       472       484       616       617
         2       472       604       616       617
         2       472       604       605       617
         2       473       485       486       618
         2       473       474       486       618
         2       473       474       606       618
         2       473       485       617       618
         2       473       605       617       618
         2       473       605       606       618
         2       474       486       487       619
         2       474       475       487       619
         2       474       475       607       619
         2       474       486       618       619
         2       474       606       618       619
         2       474       606       607       619
         2       475       476       487       608
         2       464       475       476       608
         2       464       475       596       608
         2       475       487       608       619
         2       475       607       608       619
         2       475       596       607       608
         2       476       488       489       621
         2       476       477       489       621
         2       476       477       609       621
         2       476       488       620       621
         2       476       608       620       621
         2       476       608       609       621
         2       477       489       490       622
         2       477       478       490       622
         2       477       478       610       622
         2       477       489       621       622
         2       477       609       621       622
         2       477       609       610       622
         2       478       490       491       623
         2       478       479       491       623
         2       478       479       611       623
         2       478       490       622       623
         2       478       610       622       623
         2       478       610       611       623
         2       479       491       492       624
         2       479       480       492       624
         2       479       480       612       624
         2       479       491       623       624
         2       479       611       623       624
         2       479       611       612       624
         2       480       492       493       625
         2       480       481       493       625
         2       480       481       613       625
         2       480       492       624       625
         2       480       612       624       625
         2       480       612       613       625
         2       481       493       494       626
         2       481       482       494       626
         2       481       482       614       626
         2       481       493       625       626
         2       481       613       625       626
         2       481       613       614       626
         2       482       494       495       627
         2       482       483       495       627
         2       482       483       615       627
         2       482       494       626       627
         2       482       614       626       627
         2       482       614       615       627
         2       483       495       496       628
         2       483       484       496       628
         2       483       484       616       628
         2       483       495       627       628
         2       483       615       627       628
         2       483       615       616       628
         2       484       496       497       629
         2       484       485       497       629
         2       484       485       617       629
         2       484       496       628       629
         2       484       616       628       629
         2       484       616       617       629
         2       485       497       498       630
         2       485       486       498       630
         2       485       486       618       630
         2       485       497       629       630
         2       485       617       629       630
         2       485       617       618       630
         2       486       498       499       631
         2       486       487       499       631
         2       486       487       619       631
         2       486       498       630       631
         2       486       618       630       631
         2       486       618       619       631
         2       487       488       499       620
         2       476       487       488       620
         2       476       487       608       620
         2       487       499       620       631
         2       487       619       620       631
         2       487       608       619       620
         2       488       500       501       633
         2       488       489       501       633
         2       488       489       621       633
         2       488       500       632       633
         2       488       620       632       633
         2       488       620       621       633
         2       489       501       502       634
         2       489       490       502       634
         2       489       490       622       634
         2       489       501       633       634
         2       489       621       633       634
         2       489       621       622       634
         2       490       502       503       635
         2       490       491       503       635
         2       490       491       623       635
         2       490       502       634       635
         2       490       622       634       635
         2       490       622       623       635
         2       491       503       504       636
         2       491       492       504       636
         2       491       492       624       636
         2       491       503       635       636
         2       491       623       635       636
         2       491       623       624       636
         2       492       504       505       637
         2       492       493       505       637
         2       492       493       625       637
         2       492       504       636       637
         2       492       624       636       637
         2       492       624       625       637
         2       493       505       506       638
         2       493       494       506       638
         2       493       494       626       638
         2       493       505       637       638
         2       493       625       637       638
         2       493       625       626       638
         2       494       506       507       639
         2       494       495       507       639
         2       494       495       627       639
         2       494       506       638       639
         2       494       626       638       639
         2       494       626       627       639
         2       495       507       508       640
         2       495       496       508       640
         2       495       496       628       640
         2       495       507       639       640
         2       495       627       639       640
         2       495       627       628       640
         2       496       508       509       641
         2       496       497       509       641
         2       496       497       629       641
         2       496       508       640       641
         2       496       628       640       641
         2       496       628       629       641
         2       497       509       510       642
         2       497       498       510       642
         2       497       498       630       642
         2       497       509       641       642
         2       497       629       641       642
         2       497       629       630       642
         2       498       510       511       643
         2       498       499       511       643
         2       498       499       631       643
         2       498       510       642       643
         2       498       630       642       643
         2       498       630       631       643
         2       499       500       511       632
         2       488       499       500       632
         2       488       499       620       632
         2       499       511       632       643
         2       499       631       632       643
         2       499       620       631       632
         2       500       512       513       645
         2       500       501       513       645
         2       500       501       633       645
         2       500       512       644       645
         2       500       632       644       645
         2       500       632       633       645
         2       501       513       514       646
         2       501       502       514       646
         2       501       502       634       646
         2       501       513       645       646
         2       501       633       645       646
         2       501       633       634       646
         2       502       514       515       647
         2       502       503       515       647
         2       502       503       635       647
         2       502       514       646       647
         2       502       634       646       647
         2       502       634       635       647
         2       503       515       516       648
         2       503       504       516       648
         2       503       504       636       648
         2       503       515       647       648
         2       503       635       647       648
         2       503       635       636       648
         2       504       516       517       649
         2       504       505       517       649
         2       504       505       637       649
         2       504       516       648       649
         2       504       636       648       649
         2       504       636       637       649
         2       505       517       518       650
         2       505       506       518       650
         2       505       506       638       650
         2       505       517       649       650
         2       505       637       649       650
         2       505       637       638       650
         2       506       518       519       651
         2       506       507       519       651
         2       506       507       639       651
         2       506       518       650       651
         2       506       638       650       651
         2       506       638       639       651
         2       507       519       520       652
         2       507       508       520       652
         2       507       508       640       652
         2       507       519       651       652
         2       507       639       651       652
         2       507       639       640       652
         2       508       520       521       653
         2       508       509       521       653
         2       508       509       641       653
         2       508       520       652       653
         2       508       640       652       653
         2       508       640       641       653
         2       509       521       522       654
         2       509       510       522       654
         2       509       510       642       654
         2       509       521       653       654
         2       509       641       653       654
         2       509       641       642       654
         2       510       522       523       655
         2       510       511       523       655
         2       510       511       643       655
         2       510       522       654       655
         2       510       642       654       655
         2       510       642       643       655
         2       511       512       523       644
         2       500       511       512       644
         2       500       511       632       644
         2       511       523       644       655
         2       511       643       644       655
         2       511       632       643       644
         2       512       524       525       657
         2       512       513       525       657
         2       512       513       645       657
         2       512       524       656       657
         2       512       644       656       657
         2       512       644       645       657
         2       513       525       526       658
         2       513       514       526       658
         2       513       514       646       658
         2       513       525       657       658
         2       513       645       657       658
         2       513       645       646       658
         2       514       526       527       659
         2       514       515       527       659
         2       514       515       647       659
         2       514       526       658       659
         2       514       646       658       659
         2       514       646       647       659
         2       515       527       528       660
         2       515       516       528       660
         2       515       516       648       660
         2       515       527       659       660
         2       515       647       659       660
         2       515       647       648       660
         2       516       528       529       661
         2       516       517       529       661
         2       516       517       649       661
         2       516       528       660       661
         2       516       648       660       661
         2       516       648       649       661
         2       517       529       530       662
         2       517       518       530       662
         2       517       518       650       662
         2       517       529       661       662
         2       517       649       661       662
         2       517       649       650       662
         2       518       530       531       663
         2       518       519       531       663
         2       518       519       651       663
         2       518       530       662       663
         2       518       650       662       663
         2       518       650       651       663
         2       519       531       532       664
         2       519       520       532       664
         2       519       520       652       664
         2       519       531       663       664
         2       519       651       663       664
         2       519       651       652       664
         2       520       532       533       665
         2       520       521       533       665
         2       520       521       653       665
         2       520       532       664       665
         2       520       652       664       665
         2       520       652       653       665
         2       521       533       534       666
         2       521       522       534       666
         2       521       522       654       666
         2       521       533       665       666
         2       521       653       665       666
         2       521       653       654       666
         2       522       534       535       667
         2       522       523       535       667
         2       522       523       655       667
         2       522       534       666       667
         2       522       654       666       667
         2       522       654       655       667
         2       523       524       535       656
         2       512       523       524       656
         2       512       523       644       656
         2       523       535       656       667
         2       523       655       656       667
         2       523       644       655       656
         2       524       536       537       669
         2       524       525       537       669
         2       524       525       657       669
         2       524       536       668       669
         2       524       656       668       669
         2       524       656       657       669
         2       525       537       538       670
         2       525       526       538       670
         2       525       526       658       670
         2       525       537       669       670
         2       525       657       669       670
         2       525       657       658       670
         2       526       538       539       671
         2       526       527       539       671
         2       526       527       659       671
         2       526       538       670       671
         2       526       658       670       671
         2       526       658       659       671
         2       527       539       540       672
         2       527       528       540       672
         2       527       528       660       672
         2       527       539       671       672
         2       527       659       671       672
         2       527       659       660       672
         2       528       540       541       673
         2       528       529       541       673
         2       528       529       661       673
         2       528       540       672       673
         2       528       660       672       673
         2       528       660       661       673
         2       529       541       542       674
         2       529       530       542       674
         2       529       530       662       674
         2       529       541       673       674
         2       529       661       673       674
         2       529       661       662       674
         2       530       542       543       675
         2       530       531       543       675
         2       530       531       663       675
         2       530       542       674       675
         2       530       662       674       675
         2       530       662       663       675
         2       531       543       544       676
         2       531       532       544       676
         2       531       532       664       676
         2       531       543       675       676
         2       531       663       675       676
         2       531       663       664       676
         2       532       544       545       677
         2       532       533       545       677
         2       532       533       665       677
         2       532       544       676       677
         2       532       664       676       677
         2       532       664       665       677
         2       533       545       546       678
         2       533       534       546       678
         2       533       534       666       678
         2       533       545       677       678
         2       533       665       677       678
         2       533       665       666       678
         2       534       546       547       679
         2       534       535       547       679
         2       534       535       667       679
         2       534       546       678       679
         2       534       666       678       679
         2       534       666       667       679
         2       535       536       547       668
         2       524       535       536       668
         2       524       535       656       668
         2       535       547       668       679
         2       535       667       668       679
         2       535       656       667       668
         2       536       548       549       681
         2       536       537       549       681
         2       536       537       669       681
         2       536       548       680       681
         2       536       668       680       681
         2       536       668       669       681
         2       537       549       550       682
         2       537       538       550       682
         2       537       538       670       682
         2       537       549       681       682
         2       537       669       681       682
         2       537       669       670       682
         2       538       550       551       683
         2       538       539       551       683
         2       538       539       671       683
         2       538       550       682       683
         2       538       670       682       683
         2       538       670       671       683
         2       539       551       552       684
         2       539       540       552       684
         2       539       540       672       684
         2       539       551       683       684
         2       539       671       683       684
         2       539       671       672       684
         2       540       552       553       685
         2       540       541       553       685
         2       540       541       673       685
         2       540       552       684       685
         2       540       672       684       685
         2       540       672       673       685
         2       541       553       554       686
         2       541       542       554       686
         2       541       542       674       686
         2       541       553       685       686
         2       541       673       685       686
         2       541       673       674       686
         2       542       554       555       687
         2       542       543       555       687
         2       542       543       675       687
         2       542       554       686       687
         2       542       674       686       687
         2       542       674       675       687
         2       543       555       556       688
         2       543       544       556       688
         2       543       544       676       688
         2       543       555       687       688
         2       543       675       687       688
         2       543       675       676       688
         2       544       556       557       689
         2       544       545       557       689
         2       544       545       677       689
         2       544       556       688       689
         2       544       676       688       689
         2       544       676       677       689
         2       545       557       558       690
         2       545       546       558       690
         2       545       546       678       690
         2       545       557       689       690
         2       545       677       689       690
         2       545       677       678       690
         2       546       558       559       691
         2       546       547       559       691
         2       546       547       679       691
         2       546       558       690       691
         2       546       678       690       691
         2       546       678       679       691
         2       547       548       559       680
         2       536       547       548       680
         2       536       547       668       680
         2       547       559       680       691
         2       547       679       680       691
         2       547       668       679       680
         2       548       560       561       693
         2       548       549       561       693
         2       548       549       681       693
         2       548       560       692       693
         2       548       680       692       693
         2       548       680       681       693
         2       549       561       562       694
         2       549       550       562       694
         2       549       550       682       694
         2       549       561       693       694
         2       549       681       693       694
         2       549       681       682       694
         2       550       562       563       695
         2       550       551       563       695
         2       550       551       683       695
         2       550       562       694       695
         2       550       682       694       695
         2       550       682       683       695
         2       551       563       564       696
         2       551       552       564       696
         2       551       552       684       696
         2       551       563       695       696
         2       551       683       695       696
         2       551       683       684       696
         2       552       564       565       697
         2       552       553       565       697
         2       552       553       685       697
         2       552       564       696       697
         2       552       684       696       697
         2       552       684       685       697
         2       553       565       566       698
         2       553       554       566       698
         2       553       554       686       698
         2       553       565       697       698
         2       553       685       697       698
         2       553       685       686       698
         2       554       566       567       699
         2       554       555       567       699
         2       554       555       687       699
         2       554       566       698       699
         2       554       686       698       699
         2       554       686       687       699
         2       555       567       568       700
         2       555       556       568       700
         2       555       556       688       700
         2       555       567       699       700
         2       555       687       699       700
         2       555       687       688       700
         2       556       568       569       701
         2       556       557       569       701
         2       556       557       689       701
         2       556       568       700       701
         2       556       688       700       701
         2       556       688       689       701
         2       557       569       570       702
         2       557       558       570       702
         2       557       558       690       702
         2       557       569       701       702
         2       557       689       701       702
         2       557       689       690       702
         2       558       570       571       703
         2       558       559       571       703
         2       558       559       691       703
         2       558       570       702       703
         2       558       690       702       703
         2       558       690       691       703
         2       559       560       571       692
         2       548       559       560       692
         2       548       559       680       692
         2       559       571       692       703
         2       559       691       692       703
         2       559       680       691       692
         2       560       572       573       705
         2       560       561       573       705
         2       560       561       693       705
         2       560       572       704       705
         2       560       692       704       705
         2       560       692       693       705
         2       561       573       574       706
         2       561       562       574       706
         2       561       562       694       706
         2       561       573       705       706
         2       561       693       705       706
         2       561       693       694       706
         2       562       574       575       707
         2       562       563       575       707
         2       562       563       695       707
         2       562       574       706       707
         2       562       694       706       707
         2       562       694       695       707
         2       563       575       576       708
         2       563       564       576       708
         2       563       564       696       708
         2       563       575       707       708
         2       563       695       707       708
         2       563       695       696       708
         2       564       576       577       709
         2       564       565       577       709
         2       564       565       697       709
         2       564       576       708       709
         2       564       696       708       709
         2       564       696       697       709
         2       565       577       578       710
         2       565       566       578       710
         2       565       566       698       710
         2       565       577       709       710
         2       565       697       709       710
         2       565       697       698       710
         2       566       578       579       711
         2       566       567       579       711
         2       566       567       699       711
         2       566       578       710       711
         2       566       698       710       711
         2       566       698       699       711
         2       567       579       580       712
         2       567       568       580       712
         2       567       568       700       712
         2       567       579       711       712
         2       567       699       711       712
         2       567       699       700       712
         2       568       580       581       713
         2       568       569       581       713
         2       568       569       701       713
         2       568       580       712       713
         2       568       700       712       713
         2       568       700       701       713
         2       569       581       582       714
         2       569       570       582       714
         2       569       570       702       714
         2       569       581       713       714
         2       569       701       713       714
         2       569       701       702       714
         2       570       582       583       715
         2       570       571       583       715
         2       570       571       703       715
         2       570       582       714       715
         2       570       702       714       715
         2       570       702       703       715
         2       571       572       583       704
         2       560       571       572       704
         2       560       571       692       704
         2       571       583       704       715
         2       571       703       704       715
         2       571       692       703       704
         2       572       584       585       717
         2       572       573       585       717
         2       572       573       705       717
         2       572       584       716       717
         2       572       704       716       717
         2       572       704       705       717
         2       573       585       586       718
         2       573       574       586       718
         2       573       574       706       718
         2       573       585       717       718
         2       573       705       717       718
         2       573       705       706       718
         2       574       586       587       719
         2       574       575       587       719
         2       574       575       707       719
         2       574       586       718       719
         2       574       706       718       719
         2       574       706       707       719
         2       575       587       588       720
         2       575       576       588       720
         2       575       576       708       720
         2       575       587       719       720
         2       575       707       719       720
         2       575       707       708       720
         2       576       588       589       721
         2       576       577       589       721
         2       576       577       709       721
         2       576       588       720       721
         2       576       708       720       721
         2       576       708       709       721
         2       577       589       590       722
         2       577       578       590       722
         2       577       578       710       722
         2       577       589       721       722
         2       577       709       721       722
         2       577       709       710       722
         2       578       590       591       723
         2       578       579       591       723
         2       578       579       711       723
         2       578       590       722       723
         2       578       710       722       723
         2       578       710       711       723
         2       579       591       592       724
         2       579       580       592       724
         2       579       580       712       724
         2       579       591       723       724
         2       579       711       723       724
         2       579       711       712       724
         2       580       592       593       725
         2       580       581       593       725
         2       580       581       713       725
         2       580       592       724       725
         2       580       712       724       725
         2       580       712       713       725
         2       581       593       594       726
         2       581       582       594       726
         2       581       582       714       726
         2       581       593       725       726
         2       581       713       725       726
         2       581       713       714       726
         2       582       594       595       727
         2       582       583       595       727
         2       582       583       715       727
         2       582       594       726       727
         2       582       714       726       727
         2       582       714       715       727
         2       583       584       595       716
         2       572       583       584       716
         2       572       583       704       716
         2       583       595       716       727
         2       583       715       716       727
         2       583       704       715       716
         2       464       465       584       597
         2       465       584       585       597
         2       584       585       597       717
         2       464       584       596       597
         2       584       596       597       716
         2       584       597       716       717
         2       465       466       585       598
         2       466       585       586       598
         2       585       586       598       718
         2       465       585       597       598
         2       585       597       598       717
         2       585       598       717       718
         2       466       467       586       599
         2       467       586       587       599
         2       586       587       599       719
         2       466       586       598       599
         2       586       598       599       718
         2       586       599       718       719
         2       467       468       587       600
         2       468       587       588       600
         2       587       588       600       720
         2       467       587       599       600
         2       587       599       600       719
         2       587       600       719       720
         2       468       469       588       601
         2       469       588       589       601
         2       588       589       601       721
         2       468       588       600       601
         2       588       600       601       720
         2       588       601       720       721
         2       469       470       589       602
         2       470       589       590       602
         2       589       590       602       722
         2       469       589       601       602
         2       589       601       602       721
         2       589       602       721       722
         2       470       471       590       603
         2       471       590       591       603
         2       590       591       603       723
         2       470       590       602       603
         2       590       602       603       722
         2       590       603       722       723
         2       471       472       591       604
         2       472       591       592       604
         2       591       592       604       724
         2       471       591       603       604
         2       591       603       604       723
         2       591       604       723       724
         2       472       473       592       605
         2       473       592       593       605
         2       592       593       605       725
         2       472       592       604       605
         2       592       604       605       724
         2       592       605       724       725
         2       473       474       593       606
         2       474       593       594       606
         2       593       594       606       726
         2       473       593       605       606
         2       593       605       606       725
         2       593       606       725       726
         2       474       475       594       607
         2       475       594       595       607
         2       594       595       607       727
         2       474       594       606       607
         2       594       606       607       726
         2       594       607       726       727
         2       464       475       595       596
         2       464       584       595       596
         2       584       595       596       716
         2       475       595       596       607
         2       595       596       607       727
         2       595       596       716       727
         2       596       608       609       727
         2       596       597       609       727
         2       596       597       607       727
         2       596       608       716       727
         2       596       596       716       727
         2       596       596       607       727
         2       597       609       610       726
         2       597       598       610       726
         2       597       598       606       726
         2       597       609       726       727
         2       597       607       726       727
         2       597       606       607       726
         2       598       610       611       725
         2       598       599       611       725
         2       598       599       605       725
         2       598       610       725       726
         2       598       606       725       726
         2       598       605       606       725
         2       599       611       612       724
         2       599       600       612       724
         2       599       600       604       724
         2       599       611       724       725
         2       599       605       724       725
         2       599       604       605       724
         2       600       612       613       723
         2       600       601       613       723
         2       600       601       603       723
         2       600       612       723       724
         2       600       604       723       724
         2       600       603       604       723
         2       601       613       614       722
         2       601       602       614       722
         2       601       602       602       722
         2       601       613       722       723
         2       601       603       722       723
         2       601       602       603       722
         2       602       614       615       721
         2       602       603       615       721
         2       601       602       603       721
         2       602       614       721       722
         2       602       602       721       722
         2       601       602       602       721
         2       603       615       616       720
         2       603       604       616       720
         2       600       603       604       720
         2       603       615       720       721
         2       601       603       720       721
         2       600       601       603       720
         2       604       616       617       719
         2       604       605       617       719
         2       599       604       605       719
         2       604       616       719       720
         2       600       604       719       720
         2       599       600       604       719
         2       605       617       618       718
         2       605       606       618       718
         2       598       605       606       718
         2       605       617       718       719
         2       599       605       718       719
         2       598       599       605       718
         2       606       618       619       717
         2       606       607       619       717
         2       597       606       607       717
         2       606       618       717       718
         2       598       606       717       718
         2       597       598       606       717
         2       607       608       619       716
         2       596       607       608       716
         2       596       596       607       716
         2       607       619       716       717
         2       597       607       716       717
         2       596       597       607       716
         2       608       620       621       715
         2       608       609       621       715
         2       608       609       715       727
         2       608       620       704       715
         2       608       704       715       716
         2       608       715       716       727
         2       609       621       622       714
         2       609       610       622       714
         2       609       610       714       726
         2       609       621       714       715
         2       609       714       715       727
         2       609       714       726       727
         2       610       622       623       713
         2       610       611       623       713
         2       610       611       713       725
         2       610       622       713       714
         2       610       713       714       726
         2       610       713       725       726
         2       611       623       624       712
         2       611       612       624       712
         2       611       612       712       724
         2       611       623       712       713
         2       611       712       713       725
         2       611       712       724       725
         2       612       624       625       711
         2       612       613       625       711
         2       612       613       711       723
         2       612       624       711       712
         2       612       711       712       724
         2       612       711       723       724
         2       613       625       626       710
         2       613       614       626       710
         2       613       614       710       722
         2       613       625       710       711
         2       613       710       711       723
         2       613       710       722       723
         2       614       626       627       709
         2       614       615       627       709
         2       614       615       709       721
         2       614       626       709       710
         2       614       709       710       722
         2       614       709       721       722
         2       615       627       628       708
         2       615       616       628       708
         2       615       616       708       720
         2       615       627       708       709
         2       615       708       709       721
         2       615       708       720       721
         2       616       628       629       707
         2       616       617       629       707
         2       616       617       707       719
         2       616       628       707       708
         2       616       707       708       720
         2       616       707       719       720
         2       617       629       630       706
         2       617       618       630       706
         2       617       618       706       718
         2       617       629       706       707
         2       617       706       707       719
         2       617       706       718       719
         2       618       630       631       705
         2       618       619       631       705
         2       618       619       705       717
         2       618       630       705       706
         2       618       705       706       718
         2       618       705       717       718
         2       619       620       631       704
         2       608       619       620       704
         2       608       619       704       716
         2       619       631       704       705
         2       619       704       705       717
         2       619       704       716       717
         2       620       632       633       703
         2       620       621       633       703
         2       620       621       703       715
         2       620       632       692       703
         2       620       692       703       704
         2       620       703       704       715
         2       621       633       634       702
         2       621       622       634       702
         2       621       622       702       714
         2       621       633       702       703
         2       621       702       703       715
         2       621       702       714       715
         2       622       634       635       701
         2       622       623       635       701
         2       622       623       701       713
         2       622       634       701       702
         2       622       701       702       714
         2       622       701       713       714
         2       623       635       636       700
         2       623       624       636       700
         2       623       624       700       712
         2       623       635       700       701
         2       623       700       701       713
         2       623       700       712       713
         2       624       636       637       699
         2       624       625       637       699
         2       624       625       699       711
         2       624       636       699       700
         2       624       699       700       712
         2       624       699       711       712
         2       625       637       638       698
         2       625       626       638       698
         2       625       626       698       710
         2       625       637       698       699
         2       625       698       699       711
         2       625       698       710       711
         2       626       638       639       697
         2       626       627       639       697
         2       626       627       697       709
         2       626       638       697       698
         2       626       697       698       710
         2       626       697       709       710
         2       627       639       640       696
         2       627       628       640       696
         2       627       628       696       708
         2       627       639       696       697
         2       627       696       697       709
         2       627       696       708       709
         2       628       640       641       695
         2       628       629       641       695
         2       628       629       695       707
         2       628       640       695       696
         2       628       695       696       708
         2       628       695       707       708
         2       629       641       642       694
         2       629       630       642       694
         2       629       630       694       706
         2       629       641       694       695
         2       629       694       695       707
         2       629       694       706       707
         2       630       642       643       693
         2       630       631       643       693
         2       630       631       693       705
         2       630       642       693       694
         2       630       693       694       706
         2       630       693       705       706
         2       631       632       643       692
         2       620       631       632       692
         2       620       631       692       704
         2       631       643       692       693
         2       631       692       693       705
         2       631       692       704       705
         2       632       644       645       691
         2       632       633       645       691
         2       632       633       691       703
         2       632       644       680       691
         2       632       680       691       692
         2       632       691       692       703
         2       633       645       646       690
         2       633       634       646       690
         2       633       634       690       702
         2       633       645       690       691
         2       633       690       691       703
         2       633       690       702       703
         2       634       646       647       689
         2       634       635       647       689
         2       634       635       689       701
         2       634       646       689       690
         2       634       689       690       702
         2       634       689       701       702
         2       635       647       648       688
         2       635       636       648       688
         2       635       636       688       700
         2       635       647       688       689
         2       635       688       689       701
         2       635       688       700       701
         2       636       648       649       687
         2       636       637       649       687
         2       636       637       687       699
         2       636       648       687       688
         2       636       687       688       700
         2       636       687       699       700
         2       637       649       650       686
         2       637       638       650       686
         2       637       638       686       698
         2       637       649       686       687
         2       637       686       687       699
         2       637       686       698       699
         2       638       650       651       685
         2       638       639       651       685
         2       638       639       685       697
         2       638       650       685       686
         2       638       685       686       698
         2       638       685       697       698
         2       639       651       652       684
         2       639       640       652       684
         2       639       640       684       696
         2       639       651       684       685
         2       639       684       685       697
         2       639       684       696       697
         2       640       652       653       683
         2       640       641       653       683
         2       640       641       683       695
         2       640       652       683       684
         2       640       683       684       696
         2       640       683       695       696
         2       641       653       654       682
         2       641       642       654       682
         2       641       642       682       694
         2       641       653       682       683
         2       641       682       683       695
         2       641       682       694       695
         2       642       654       655       681
         2       642       643       655       681
         2       642       643       681       693
         2       642       654       681       682
         2       642       681       682       694
         2       642       681       693       694
         2       643       644       655       680
         2       632       643       644       680
         2       632       643       680       692
         2       643       655       680       681
         2       643       680       681       693
         2       643       680       692       693
         2       644       656       657       679
         2       644       645       657       679
         2       644       645       679       691
         2       644       656       668       679
         2       644       668       679       680
         2       644       679       680       691
         2       645       657       658       678
         2       645       646       658       678
         2       645       646       678       690
         2       645       657       678       679
         2       645       678       679       691
         2       645       678       690       691
         2       646       658       659       677
         2       646       647       659       677
         2       646       647       677       689
         2       646       658       677       678
         2       646       677       678       690
         2       646       677       689       690
         2       647       659       660       676
         2       647       648       660       676
         2       647       648       676       688
         2       647       659       676       677
         2       647       676       677       689
         2       647       676       688       689
         2       648       660       661       675
         2       648       649       661       675
         2       648       649       675       687
         2       648       660       675       676
         2       648       675       676       688
         2       648       675       687       688
         2       649       661       662       674
         2       649       650       662       674
         2       649       650       674       686
         2       649       661       674       675
         2       649       674       675       687
         2       649       674       686       687
         2       650       662       663       673
         2       650       651       663       673
         2       650       651       673       685
         2       650       662       673       674
         2       650       673       674       686
         2       650       673       685       686
         2       651       663       664       672
         2       651       652       664       672
         2       651       652       672       684
         2       651       663       672       673
         2       651       672       673       685
         2       651       672       684       685
         2       652       664       665       671
         2       652       653       665       671
         2       652       653       671       683
         2       652       664       671       672
         2       652       671       672       684
         2       652       671       683       684
         2       653       665       666       670
         2       653       654       666       670
         2       653       654       670       682
         2       653       665       670       671
         2       653       670       671       683
         2       653       670       682       683
         2       654       666       667       669
         2       654       655       667       669
         2       654       655       669       681
         2       654       666       669       670
         2       654       669       670       682
         2       654       669       681       682
         2       655       656       667       668
         2       644       655       656       668
         2       644       655       668       680
         2       655       667       668       669
         2       655       668       669       681
         2       655       668       680       681
         2       656       667       668       669
         2       656       657       667       669
         2       656       657       667       679
         4       656       656       667       668
         2       656       667       668       679
         2       657       666       669       670
         2       657       658       666       670
         2       657       658       666       678
         2       657       666       667       669
         2       657       666       667       679
         2       657       666       678       679
         2       658       665       670       671
         2       658       659       665       671
         2       658       659       665       677
         2       658       665       666       670
         2       658       665       666       678
         2       658       665       677       678
         2       659       664       671       672
         2       659       660       664       672
         2       659       660       664       676
         2       659       664       665       671
         2       659       664       665       677
         2       659       664       676       677
         2       660       663       672       673
         2       660       661       663       673
         2       660       661       663       675
         2       660       663       664       672
         2       660       663       664       676
         2       660       663       675       676
         2       661       662       673       674
         4       661       662       662       674
         2       661       662       663       673
         2       661       662       663       675
         2       661       662       674       675
