root_dir,graph_path,is_eq,n_B,n_C,n_atoms,composition,tag
D:\Sara\All_DFT_Data,15/B11C4_3/S_395181/graphs.pt,0,11,4,15,B11C4,S_395181
D:\Sara\All_DFT_Data,15/B11C4_1/S_77685/graphs.pt,0,11,4,15,B11C4,S_77685
D:\Sara\All_DFT_Data,15/B13C2_2/S_84941/graphs.pt,0,13,2,15,B13C2,S_84941
D:\Sara\All_DFT_Data,120/B105C15_1/S_48249/graphs.pt,0,105,15,120,B105C15,S_48249
D:\Sara\All_DFT_Data,120/B101C19_5/S_164784/graphs.pt,0,101,19,120,B101C19,S_164784
D:\Sara\All_DFT_Data,15/B13C2_1/S_290261/graphs.pt,0,13,2,15,B13C2,S_290261
D:\Sara\All_DFT_Data,120/B101C19_3/S_163158/graphs.pt,0,101,19,120,B101C19,S_163158
D:\Sara\All_DFT_Data,120/B99C21_1/S_200912/graphs.pt,0,99,21,120,B99C21,S_200912
D:\Sara\All_DFT_Data,15/B13C2_2/S_378607/graphs.pt,0,13,2,15,B13C2,S_378607
D:\Sara\All_DFT_Data,120/B111C9_5/S_3443/graphs.pt,0,111,9,120,B111C9,S_3443
D:\Sara\All_DFT_Data,30/B27C3_2/S_235777/graphs.pt,0,27,3,30,B27C3,S_235777
D:\Sara\All_DFT_Data,120/B103C17_4/S_368819/graphs.pt,0,103,17,120,B103C17,S_368819
D:\Sara\All_DFT_Data,60/B55C5_2/S_130231/graphs.pt,0,55,5,60,B55C5,S_130231
D:\Sara\All_DFT_Data,120/B101C19_1/S_188501/graphs.pt,0,101,19,120,B101C19,S_188501
D:\Sara\All_DFT_Data,30/B27C3_1/S_367928/graphs.pt,0,27,3,30,B27C3,S_367928
D:\Sara\All_DFT_Data,30/B25C5_2/S_125192/graphs.pt,0,25,5,30,B25C5,S_125192
D:\Sara\All_DFT_Data,60/B49C11_2/S_233122/graphs.pt,0,49,11,60,B49C11,S_233122
D:\Sara\All_DFT_Data,60/B53C7_1/S_186736/graphs.pt,0,53,7,60,B53C7,S_186736
D:\Sara\All_DFT_Data,120/B109C11_2/S_36772/graphs.pt,0,109,11,120,B109C11,S_36772
D:\Sara\All_DFT_Data\Test_Data,Test80/graphs.pt,1,11,4,15,B11C4,Test80
D:\Sara\All_DFT_Data,60/B51C9_5/S_12283/graphs.pt,0,51,9,60,B51C9,S_12283
D:\Sara\All_DFT_Data,60/B47C13_5/S_158079/graphs.pt,0,47,13,60,B47C13,S_158079
D:\Sara\All_DFT_Data,120/B105C15_4/S_268594/graphs.pt,0,105,15,120,B105C15,S_268594
D:\Sara\All_DFT_Data,120/B101C19_3/S_31212/graphs.pt,0,101,19,120,B101C19,S_31212
D:\Sara\All_DFT_Data,120/B109C11_2/S_237095/graphs.pt,0,109,11,120,B109C11,S_237095
D:\Sara\All_DFT_Data,30/B23C7_1/S_116406/graphs.pt,0,23,7,30,B23C7,S_116406
D:\Sara\All_DFT_Data,120/B113C7_5/S_19468/graphs.pt,0,113,7,120,B113C7,S_19468
D:\Sara\All_DFT_Data,60/B45C15_5/S_11150/graphs.pt,0,45,15,60,B45C15,S_11150
D:\Sara\All_DFT_Data,120/B97C23_5/S_30478/graphs.pt,0,97,23,120,B97C23,S_30478
D:\Sara\All_DFT_Data,60/B49C11_1/S_305998/graphs.pt,0,49,11,60,B49C11,S_305998
D:\Sara\All_DFT_Data,15/B13C2_2/S_344972/graphs.pt,0,13,2,15,B13C2,S_344972
D:\Sara\All_DFT_Data,120/B97C23_2/S_65707/graphs.pt,0,97,23,120,B97C23,S_65707
D:\Sara\All_DFT_Data,120/B109C11_3/S_310581/graphs.pt,0,109,11,120,B109C11,S_310581
D:\Sara\All_DFT_Data,120/B109C11_3/S_391309/graphs.pt,0,109,11,120,B109C11,S_391309
D:\Sara\All_DFT_Data,60/B49C11_3/S_189336/graphs.pt,0,49,11,60,B49C11,S_189336
D:\Sara\All_DFT_Data,30/B23C7_1/S_32237/graphs.pt,0,23,7,30,B23C7,S_32237
D:\Sara\All_DFT_Data,60/B55C5_2/S_266232/graphs.pt,0,55,5,60,B55C5,S_266232
D:\Sara\All_DFT_Data,120/B105C15_2/S_12511/graphs.pt,0,105,15,120,B105C15,S_12511
D:\Sara\All_DFT_Data,120/B103C17_5/S_96452/graphs.pt,0,103,17,120,B103C17,S_96452
D:\Sara\All_DFT_Data,30/B23C7_3/S_163968/graphs.pt,0,23,7,30,B23C7,S_163968
D:\Sara\All_DFT_Data,120/B99C21_2/S_107484/graphs.pt,0,99,21,120,B99C21,S_107484
D:\Sara\All_DFT_Data,120/B111C9_2/S_293980/graphs.pt,0,111,9,120,B111C9,S_293980
D:\Sara\All_DFT_Data,15/B11C4_4/S_72241/graphs.pt,0,11,4,15,B11C4,S_72241
D:\Sara\All_DFT_Data,120/B105C15_3/S_154899/graphs.pt,0,105,15,120,B105C15,S_154899
D:\Sara\All_DFT_Data,120/B105C15_2/S_20816/graphs.pt,0,105,15,120,B105C15,S_20816
D:\Sara\All_DFT_Data,60/B51C9_4/S_297347/graphs.pt,0,51,9,60,B51C9,S_297347
D:\Sara\All_DFT_Data,60/B55C5_3/S_24072/graphs.pt,0,55,5,60,B55C5,S_24072
D:\Sara\All_DFT_Data,120/B105C15_3/S_161038/graphs.pt,0,105,15,120,B105C15,S_161038
D:\Sara\All_DFT_Data,15/B12C3_5/S_35623/graphs.pt,0,12,3,15,B12C3,S_35623
D:\Sara\All_DFT_Data,30/B23C7_2/S_203204/graphs.pt,0,23,7,30,B23C7,S_203204
D:\Sara\All_DFT_Data,120/B97C23_2/S_278162/graphs.pt,0,97,23,120,B97C23,S_278162
D:\Sara\All_DFT_Data,30/B27C3_4/S_9099/graphs.pt,0,27,3,30,B27C3,S_9099
D:\Sara\All_DFT_Data\Test_Data,Test64/graphs.pt,1,101,19,120,B101C19,Test64
D:\Sara\All_DFT_Data,60/B49C11_5/S_252577/graphs.pt,0,49,11,60,B49C11,S_252577
D:\Sara\All_DFT_Data,120/B101C19_5/S_63853/graphs.pt,0,101,19,120,B101C19,S_63853
D:\Sara\All_DFT_Data,120/B113C7_5/S_267217/graphs.pt,0,113,7,120,B113C7,S_267217
D:\Sara\All_DFT_Data\Test_Data,Test70/graphs.pt,1,113,7,120,B113C7,Test70
D:\Sara\All_DFT_Data\Test_Data,Test12/graphs.pt,1,12,3,15,B12C3,Test12
D:\Sara\All_DFT_Data,15/B12C3_4/S_299294/graphs.pt,0,12,3,15,B12C3,S_299294
D:\Sara\All_DFT_Data,60/B55C5_1/S_233076/graphs.pt,0,55,5,60,B55C5,S_233076
D:\Sara\All_DFT_Data,120/B113C7_5/S_26893/graphs.pt,0,113,7,120,B113C7,S_26893
D:\Sara\All_DFT_Data,120/B101C19_2/S_262711/graphs.pt,0,101,19,120,B101C19,S_262711
D:\Sara\All_DFT_Data,60/B55C5_1/S_93529/graphs.pt,0,55,5,60,B55C5,S_93529
D:\Sara\All_DFT_Data,60/B49C11_2/S_93415/graphs.pt,0,49,11,60,B49C11,S_93415
D:\Sara\All_DFT_Data,120/B97C23_5/S_233875/graphs.pt,0,97,23,120,B97C23,S_233875
D:\Sara\All_DFT_Data,60/B45C15_1/S_324271/graphs.pt,0,45,15,60,B45C15,S_324271
D:\Sara\All_DFT_Data,30/B25C5_4/S_144590/graphs.pt,0,25,5,30,B25C5,S_144590
D:\Sara\All_DFT_Data,15/B11C4_3/S_227142/graphs.pt,0,11,4,15,B11C4,S_227142
D:\Sara\All_DFT_Data,120/B103C17_2/S_204003/graphs.pt,0,103,17,120,B103C17,S_204003
D:\Sara\All_DFT_Data,60/B51C9_3/S_179309/graphs.pt,0,51,9,60,B51C9,S_179309
D:\Sara\All_DFT_Data,120/B109C11_2/S_305494/graphs.pt,0,109,11,120,B109C11,S_305494
D:\Sara\All_DFT_Data,60/B55C5_5/S_123629/graphs.pt,0,55,5,60,B55C5,S_123629
D:\Sara\All_DFT_Data,30/B23C7_5/S_267088/graphs.pt,0,23,7,30,B23C7,S_267088
D:\Sara\All_DFT_Data,60/B53C7_1/S_141236/graphs.pt,0,53,7,60,B53C7,S_141236
D:\Sara\All_DFT_Data,120/B99C21_2/S_343922/graphs.pt,0,99,21,120,B99C21,S_343922
D:\Sara\All_DFT_Data,60/B45C15_1/S_64356/graphs.pt,0,45,15,60,B45C15,S_64356
D:\Sara\All_DFT_Data,60/B45C15_2/S_208668/graphs.pt,0,45,15,60,B45C15,S_208668
D:\Sara\All_DFT_Data,60/B55C5_5/S_25300/graphs.pt,0,55,5,60,B55C5,S_25300
D:\Sara\All_DFT_Data,120/B97C23_2/S_207490/graphs.pt,0,97,23,120,B97C23,S_207490
D:\Sara\All_DFT_Data,120/B113C7_4/S_324770/graphs.pt,0,113,7,120,B113C7,S_324770
D:\Sara\All_DFT_Data,120/B99C21_1/S_331128/graphs.pt,0,99,21,120,B99C21,S_331128
D:\Sara\All_DFT_Data,120/B103C17_4/S_70354/graphs.pt,0,103,17,120,B103C17,S_70354
D:\Sara\All_DFT_Data,60/B47C13_3/S_1110/graphs.pt,0,47,13,60,B47C13,S_1110
D:\Sara\All_DFT_Data,120/B113C7_2/S_104747/graphs.pt,0,113,7,120,B113C7,S_104747
D:\Sara\All_DFT_Data\Test_Data,Test51/graphs.pt,1,13,2,15,B13C2,Test51
D:\Sara\All_DFT_Data,15/B13C2_2/S_19475/graphs.pt,0,13,2,15,B13C2,S_19475
D:\Sara\All_DFT_Data,60/B49C11_5/S_355739/graphs.pt,0,49,11,60,B49C11,S_355739
D:\Sara\All_DFT_Data,120/B107C13_1/S_386769/graphs.pt,0,107,13,120,B107C13,S_386769
D:\Sara\All_DFT_Data,120/B103C17_1/S_42233/graphs.pt,0,103,17,120,B103C17,S_42233
D:\Sara\All_DFT_Data,15/B11C4_2/S_220171/graphs.pt,0,11,4,15,B11C4,S_220171
D:\Sara\All_DFT_Data,120/B113C7_4/S_114539/graphs.pt,0,113,7,120,B113C7,S_114539
D:\Sara\All_DFT_Data,15/B11C4_2/S_369689/graphs.pt,0,11,4,15,B11C4,S_369689
D:\Sara\All_DFT_Data,120/B99C21_5/S_372349/graphs.pt,0,99,21,120,B99C21,S_372349
D:\Sara\All_DFT_Data,120/B99C21_3/S_219689/graphs.pt,0,99,21,120,B99C21,S_219689
D:\Sara\All_DFT_Data,15/B14C_4/S_159463/graphs.pt,0,14,1,15,B14C1,S_159463
D:\Sara\All_DFT_Data,15/B13C2_4/S_385349/graphs.pt,0,13,2,15,B13C2,S_385349
D:\Sara\All_DFT_Data,30/B25C5_3/S_394216/graphs.pt,0,25,5,30,B25C5,S_394216
D:\Sara\All_DFT_Data,120/B107C13_2/S_209756/graphs.pt,0,107,13,120,B107C13,S_209756
D:\Sara\All_DFT_Data,120/B105C15_1/S_251293/graphs.pt,0,105,15,120,B105C15,S_251293
D:\Sara\All_DFT_Data,120/B101C19_4/S_240852/graphs.pt,0,101,19,120,B101C19,S_240852
D:\Sara\All_DFT_Data,30/B25C5_2/S_237880/graphs.pt,0,25,5,30,B25C5,S_237880
D:\Sara\All_DFT_Data,30/B23C7_2/S_151445/graphs.pt,0,23,7,30,B23C7,S_151445
D:\Sara\All_DFT_Data,60/B49C11_5/S_140494/graphs.pt,0,49,11,60,B49C11,S_140494
D:\Sara\All_DFT_Data,60/B47C13_4/S_172985/graphs.pt,0,47,13,60,B47C13,S_172985
D:\Sara\All_DFT_Data,30/B25C5_4/S_79606/graphs.pt,0,25,5,30,B25C5,S_79606
D:\Sara\All_DFT_Data,60/B51C9_4/S_54739/graphs.pt,0,51,9,60,B51C9,S_54739
D:\Sara\All_DFT_Data,120/B101C19_5/S_373768/graphs.pt,0,101,19,120,B101C19,S_373768
D:\Sara\All_DFT_Data,120/B107C13_2/S_78383/graphs.pt,0,107,13,120,B107C13,S_78383
D:\Sara\All_DFT_Data,30/B27C3_5/S_294948/graphs.pt,0,27,3,30,B27C3,S_294948
D:\Sara\All_DFT_Data,30/B27C3_3/S_88225/graphs.pt,0,27,3,30,B27C3,S_88225
D:\Sara\All_DFT_Data,120/B105C15_1/S_168731/graphs.pt,0,105,15,120,B105C15,S_168731
D:\Sara\All_DFT_Data,120/B111C9_3/S_325477/graphs.pt,0,111,9,120,B111C9,S_325477
D:\Sara\All_DFT_Data,120/B103C17_5/S_225758/graphs.pt,0,103,17,120,B103C17,S_225758
D:\Sara\All_DFT_Data,120/B109C11_2/S_57829/graphs.pt,0,109,11,120,B109C11,S_57829
D:\Sara\All_DFT_Data,30/B25C5_4/S_376363/graphs.pt,0,25,5,30,B25C5,S_376363
D:\Sara\All_DFT_Data,120/B105C15_1/S_249036/graphs.pt,0,105,15,120,B105C15,S_249036
D:\Sara\All_DFT_Data,15/B11C4_1/S_23543/graphs.pt,0,11,4,15,B11C4,S_23543
D:\Sara\All_DFT_Data,120/B105C15_5/S_359859/graphs.pt,0,105,15,120,B105C15,S_359859
D:\Sara\All_DFT_Data,60/B49C11_2/S_59139/graphs.pt,0,49,11,60,B49C11,S_59139
D:\Sara\All_DFT_Data,60/B49C11_2/S_221704/graphs.pt,0,49,11,60,B49C11,S_221704
D:\Sara\All_DFT_Data,15/B11C4_2/S_381873/graphs.pt,0,11,4,15,B11C4,S_381873
D:\Sara\All_DFT_Data,120/B101C19_1/S_381665/graphs.pt,0,101,19,120,B101C19,S_381665
D:\Sara\All_DFT_Data,60/B55C5_5/S_65235/graphs.pt,0,55,5,60,B55C5,S_65235
D:\Sara\All_DFT_Data,60/B53C7_1/S_103129/graphs.pt,0,53,7,60,B53C7,S_103129
D:\Sara\All_DFT_Data,30/B23C7_4/S_7671/graphs.pt,0,23,7,30,B23C7,S_7671
D:\Sara\All_DFT_Data,120/B111C9_2/S_34310/graphs.pt,0,111,9,120,B111C9,S_34310
D:\Sara\All_DFT_Data,120/B107C13_5/S_3830/graphs.pt,0,107,13,120,B107C13,S_3830
D:\Sara\All_DFT_Data\Test_Data,Test59/graphs.pt,1,12,3,15,B12C3,Test59
D:\Sara\All_DFT_Data,30/B25C5_5/S_167099/graphs.pt,0,25,5,30,B25C5,S_167099
D:\Sara\All_DFT_Data,120/B107C13_2/S_99952/graphs.pt,0,107,13,120,B107C13,S_99952
D:\Sara\All_DFT_Data,30/B25C5_5/S_309553/graphs.pt,0,25,5,30,B25C5,S_309553
D:\Sara\All_DFT_Data,15/B13C2_4/S_165211/graphs.pt,0,13,2,15,B13C2,S_165211
D:\Sara\All_DFT_Data,30/B23C7_3/S_367990/graphs.pt,0,23,7,30,B23C7,S_367990
D:\Sara\All_DFT_Data,120/B97C23_3/S_307588/graphs.pt,0,97,23,120,B97C23,S_307588
D:\Sara\All_DFT_Data,15/B12C3_2/S_302206/graphs.pt,0,12,3,15,B12C3,S_302206
D:\Sara\All_DFT_Data,120/B113C7_4/S_228717/graphs.pt,0,113,7,120,B113C7,S_228717
D:\Sara\All_DFT_Data,30/B25C5_5/S_354198/graphs.pt,0,25,5,30,B25C5,S_354198
D:\Sara\All_DFT_Data,120/B103C17_2/S_357333/graphs.pt,0,103,17,120,B103C17,S_357333
D:\Sara\All_DFT_Data,120/B103C17_5/S_42268/graphs.pt,0,103,17,120,B103C17,S_42268
D:\Sara\All_DFT_Data,120/B99C21_2/S_228852/graphs.pt,0,99,21,120,B99C21,S_228852
D:\Sara\All_DFT_Data,60/B55C5_1/S_161082/graphs.pt,0,55,5,60,B55C5,S_161082
D:\Sara\All_DFT_Data,60/B55C5_5/S_352415/graphs.pt,0,55,5,60,B55C5,S_352415
D:\Sara\All_DFT_Data,120/B99C21_3/S_322654/graphs.pt,0,99,21,120,B99C21,S_322654
D:\Sara\All_DFT_Data,30/B23C7_5/S_91293/graphs.pt,0,23,7,30,B23C7,S_91293
D:\Sara\All_DFT_Data,60/B45C15_2/S_173027/graphs.pt,0,45,15,60,B45C15,S_173027
D:\Sara\All_DFT_Data,60/B55C5_2/S_153540/graphs.pt,0,55,5,60,B55C5,S_153540
D:\Sara\All_DFT_Data,60/B49C11_5/S_162755/graphs.pt,0,49,11,60,B49C11,S_162755
D:\Sara\All_DFT_Data\Test_Data,Test89/graphs.pt,1,11,4,15,B11C4,Test89
D:\Sara\All_DFT_Data,120/B105C15_2/S_323116/graphs.pt,0,105,15,120,B105C15,S_323116
D:\Sara\All_DFT_Data,15/B14C_1/S_324679/graphs.pt,0,14,1,15,B14C1,S_324679
D:\Sara\All_DFT_Data,120/B113C7_1/S_366263/graphs.pt,0,113,7,120,B113C7,S_366263
D:\Sara\All_DFT_Data,60/B49C11_5/S_198617/graphs.pt,0,49,11,60,B49C11,S_198617
D:\Sara\All_DFT_Data,120/B101C19_4/S_381893/graphs.pt,0,101,19,120,B101C19,S_381893
D:\Sara\All_DFT_Data,15/B12C3_3/S_103671/graphs.pt,0,12,3,15,B12C3,S_103671
D:\Sara\All_DFT_Data,30/B27C3_3/S_139626/graphs.pt,0,27,3,30,B27C3,S_139626
D:\Sara\All_DFT_Data,15/B12C3_4/S_42180/graphs.pt,0,12,3,15,B12C3,S_42180
D:\Sara\All_DFT_Data,15/B12C3_4/S_67326/graphs.pt,0,12,3,15,B12C3,S_67326
D:\Sara\All_DFT_Data,15/B13C2_5/S_199142/graphs.pt,0,13,2,15,B13C2,S_199142
D:\Sara\All_DFT_Data,120/B107C13_2/S_45029/graphs.pt,0,107,13,120,B107C13,S_45029
D:\Sara\All_DFT_Data,120/B103C17_1/S_281171/graphs.pt,0,103,17,120,B103C17,S_281171
D:\Sara\All_DFT_Data\Test_Data,Test25/graphs.pt,1,12,3,15,B12C3,Test25
D:\Sara\All_DFT_Data,120/B103C17_4/S_283055/graphs.pt,0,103,17,120,B103C17,S_283055
D:\Sara\All_DFT_Data,60/B51C9_4/S_272785/graphs.pt,0,51,9,60,B51C9,S_272785
D:\Sara\All_DFT_Data,60/B51C9_5/S_224510/graphs.pt,0,51,9,60,B51C9,S_224510
D:\Sara\All_DFT_Data,120/B105C15_5/S_96739/graphs.pt,0,105,15,120,B105C15,S_96739
D:\Sara\All_DFT_Data,120/B107C13_2/S_180271/graphs.pt,0,107,13,120,B107C13,S_180271
D:\Sara\All_DFT_Data,120/B111C9_2/S_156586/graphs.pt,0,111,9,120,B111C9,S_156586
D:\Sara\All_DFT_Data,60/B53C7_3/S_254021/graphs.pt,0,53,7,60,B53C7,S_254021
D:\Sara\All_DFT_Data,120/B99C21_2/S_88233/graphs.pt,0,99,21,120,B99C21,S_88233
D:\Sara\All_DFT_Data,15/B11C4_1/S_397935/graphs.pt,0,11,4,15,B11C4,S_397935
D:\Sara\All_DFT_Data,30/B27C3_3/S_193033/graphs.pt,0,27,3,30,B27C3,S_193033
D:\Sara\All_DFT_Data,120/B113C7_5/S_288106/graphs.pt,0,113,7,120,B113C7,S_288106
D:\Sara\All_DFT_Data,120/B103C17_3/S_76232/graphs.pt,0,103,17,120,B103C17,S_76232
D:\Sara\All_DFT_Data,60/B55C5_4/S_63071/graphs.pt,0,55,5,60,B55C5,S_63071
D:\Sara\All_DFT_Data,60/B49C11_4/S_3827/graphs.pt,0,49,11,60,B49C11,S_3827
D:\Sara\All_DFT_Data,120/B107C13_1/S_89852/graphs.pt,0,107,13,120,B107C13,S_89852
D:\Sara\All_DFT_Data\Test_Data,Test39/graphs.pt,1,12,3,15,B12C3,Test39
D:\Sara\All_DFT_Data,30/B23C7_2/S_336512/graphs.pt,0,23,7,30,B23C7,S_336512
D:\Sara\All_DFT_Data\Test_Data,Test72/graphs.pt,1,13,2,15,B13C2,Test72
D:\Sara\All_DFT_Data,60/B49C11_4/S_19335/graphs.pt,0,49,11,60,B49C11,S_19335
D:\Sara\All_DFT_Data,120/B101C19_3/S_314299/graphs.pt,0,101,19,120,B101C19,S_314299
D:\Sara\All_DFT_Data,60/B49C11_5/S_310530/graphs.pt,0,49,11,60,B49C11,S_310530
D:\Sara\All_DFT_Data,60/B53C7_2/S_218698/graphs.pt,0,53,7,60,B53C7,S_218698
D:\Sara\All_DFT_Data,120/B99C21_5/S_376612/graphs.pt,0,99,21,120,B99C21,S_376612
D:\Sara\All_DFT_Data,15/B12C3_5/S_15008/graphs.pt,0,12,3,15,B12C3,S_15008
D:\Sara\All_DFT_Data,120/B101C19_4/S_381307/graphs.pt,0,101,19,120,B101C19,S_381307
D:\Sara\All_DFT_Data,60/B51C9_5/S_253491/graphs.pt,0,51,9,60,B51C9,S_253491
D:\Sara\All_DFT_Data,30/B25C5_3/S_312167/graphs.pt,0,25,5,30,B25C5,S_312167
D:\Sara\All_DFT_Data,30/B27C3_2/S_173308/graphs.pt,0,27,3,30,B27C3,S_173308
D:\Sara\All_DFT_Data,120/B99C21_3/S_103796/graphs.pt,0,99,21,120,B99C21,S_103796
D:\Sara\All_DFT_Data,60/B51C9_1/S_188206/graphs.pt,0,51,9,60,B51C9,S_188206
D:\Sara\All_DFT_Data,120/B109C11_1/S_232938/graphs.pt,0,109,11,120,B109C11,S_232938
D:\Sara\All_DFT_Data,30/B23C7_5/S_173103/graphs.pt,0,23,7,30,B23C7,S_173103
D:\Sara\All_DFT_Data,120/B97C23_4/S_139828/graphs.pt,0,97,23,120,B97C23,S_139828
D:\Sara\All_DFT_Data,120/B101C19_1/S_373694/graphs.pt,0,101,19,120,B101C19,S_373694
D:\Sara\All_DFT_Data,120/B103C17_3/S_2636/graphs.pt,0,103,17,120,B103C17,S_2636
D:\Sara\All_DFT_Data\Test_Data,Test26/graphs.pt,1,12,3,15,B12C3,Test26
D:\Sara\All_DFT_Data,60/B49C11_4/S_363087/graphs.pt,0,49,11,60,B49C11,S_363087
D:\Sara\All_DFT_Data,120/B103C17_5/S_584/graphs.pt,0,103,17,120,B103C17,S_584
D:\Sara\All_DFT_Data,15/B11C4_1/S_299161/graphs.pt,0,11,4,15,B11C4,S_299161
D:\Sara\All_DFT_Data,30/B27C3_3/S_201144/graphs.pt,0,27,3,30,B27C3,S_201144
D:\Sara\All_DFT_Data,15/B12C3_1/S_374846/graphs.pt,0,12,3,15,B12C3,S_374846
D:\Sara\All_DFT_Data,120/B111C9_3/S_204538/graphs.pt,0,111,9,120,B111C9,S_204538
D:\Sara\All_DFT_Data,15/B11C4_4/S_76933/graphs.pt,0,11,4,15,B11C4,S_76933
D:\Sara\All_DFT_Data,15/B14C_2/S_53503/graphs.pt,0,14,1,15,B14C1,S_53503
D:\Sara\All_DFT_Data,60/B49C11_2/S_77204/graphs.pt,0,49,11,60,B49C11,S_77204
D:\Sara\All_DFT_Data,120/B97C23_2/S_50197/graphs.pt,0,97,23,120,B97C23,S_50197
D:\Sara\All_DFT_Data\Test_Data,Test67/graphs.pt,1,107,13,120,B107C13,Test67
D:\Sara\All_DFT_Data,30/B27C3_4/S_252686/graphs.pt,0,27,3,30,B27C3,S_252686
D:\Sara\All_DFT_Data,15/B12C3_4/S_248340/graphs.pt,0,12,3,15,B12C3,S_248340
D:\Sara\All_DFT_Data,15/B14C_3/S_327746/graphs.pt,0,14,1,15,B14C1,S_327746
D:\Sara\All_DFT_Data,60/B45C15_3/S_305845/graphs.pt,0,45,15,60,B45C15,S_305845
D:\Sara\All_DFT_Data,120/B103C17_4/S_230988/graphs.pt,0,103,17,120,B103C17,S_230988
D:\Sara\All_DFT_Data,120/B113C7_1/S_342308/graphs.pt,0,113,7,120,B113C7,S_342308
D:\Sara\All_DFT_Data,15/B12C3_3/S_267007/graphs.pt,0,12,3,15,B12C3,S_267007
D:\Sara\All_DFT_Data,60/B45C15_2/S_150718/graphs.pt,0,45,15,60,B45C15,S_150718
D:\Sara\All_DFT_Data,30/B25C5_3/S_397509/graphs.pt,0,25,5,30,B25C5,S_397509
D:\Sara\All_DFT_Data,60/B55C5_3/S_249213/graphs.pt,0,55,5,60,B55C5,S_249213
D:\Sara\All_DFT_Data,120/B97C23_3/S_367527/graphs.pt,0,97,23,120,B97C23,S_367527
D:\Sara\All_DFT_Data,60/B53C7_1/S_338098/graphs.pt,0,53,7,60,B53C7,S_338098
D:\Sara\All_DFT_Data,15/B11C4_2/S_379853/graphs.pt,0,11,4,15,B11C4,S_379853
D:\Sara\All_DFT_Data,15/B12C3_3/S_119951/graphs.pt,0,12,3,15,B12C3,S_119951
D:\Sara\All_DFT_Data,60/B45C15_3/S_177461/graphs.pt,0,45,15,60,B45C15,S_177461
D:\Sara\All_DFT_Data,60/B51C9_4/S_224396/graphs.pt,0,51,9,60,B51C9,S_224396
D:\Sara\All_DFT_Data,15/B13C2_5/S_178489/graphs.pt,0,13,2,15,B13C2,S_178489
D:\Sara\All_DFT_Data,60/B47C13_5/S_142181/graphs.pt,0,47,13,60,B47C13,S_142181
D:\Sara\All_DFT_Data,120/B111C9_2/S_281135/graphs.pt,0,111,9,120,B111C9,S_281135
D:\Sara\All_DFT_Data,60/B47C13_4/S_335616/graphs.pt,0,47,13,60,B47C13,S_335616
D:\Sara\All_DFT_Data,60/B51C9_3/S_10929/graphs.pt,0,51,9,60,B51C9,S_10929
D:\Sara\All_DFT_Data,120/B103C17_1/S_225130/graphs.pt,0,103,17,120,B103C17,S_225130
D:\Sara\All_DFT_Data,15/B13C2_5/S_172459/graphs.pt,0,13,2,15,B13C2,S_172459
D:\Sara\All_DFT_Data,60/B45C15_3/S_271718/graphs.pt,0,45,15,60,B45C15,S_271718
D:\Sara\All_DFT_Data,60/B45C15_3/S_336886/graphs.pt,0,45,15,60,B45C15,S_336886
D:\Sara\All_DFT_Data,60/B51C9_1/S_365962/graphs.pt,0,51,9,60,B51C9,S_365962
D:\Sara\All_DFT_Data,30/B23C7_5/S_264939/graphs.pt,0,23,7,30,B23C7,S_264939
D:\Sara\All_DFT_Data,60/B53C7_4/S_180413/graphs.pt,0,53,7,60,B53C7,S_180413
D:\Sara\All_DFT_Data,120/B99C21_5/S_215447/graphs.pt,0,99,21,120,B99C21,S_215447
D:\Sara\All_DFT_Data,60/B53C7_4/S_266968/graphs.pt,0,53,7,60,B53C7,S_266968
D:\Sara\All_DFT_Data,120/B103C17_2/S_18068/graphs.pt,0,103,17,120,B103C17,S_18068
D:\Sara\All_DFT_Data,120/B107C13_5/S_258894/graphs.pt,0,107,13,120,B107C13,S_258894
D:\Sara\All_DFT_Data,60/B45C15_5/S_30151/graphs.pt,0,45,15,60,B45C15,S_30151
D:\Sara\All_DFT_Data,120/B101C19_2/S_19261/graphs.pt,0,101,19,120,B101C19,S_19261
D:\Sara\All_DFT_Data,120/B99C21_4/S_309796/graphs.pt,0,99,21,120,B99C21,S_309796
D:\Sara\All_DFT_Data,120/B105C15_3/S_155707/graphs.pt,0,105,15,120,B105C15,S_155707
D:\Sara\All_DFT_Data,120/B105C15_5/S_151529/graphs.pt,0,105,15,120,B105C15,S_151529
D:\Sara\All_DFT_Data,120/B97C23_2/S_83957/graphs.pt,0,97,23,120,B97C23,S_83957
D:\Sara\All_DFT_Data,60/B55C5_2/S_334621/graphs.pt,0,55,5,60,B55C5,S_334621
D:\Sara\All_DFT_Data,30/B23C7_2/S_254808/graphs.pt,0,23,7,30,B23C7,S_254808
D:\Sara\All_DFT_Data,30/B23C7_3/S_103538/graphs.pt,0,23,7,30,B23C7,S_103538
D:\Sara\All_DFT_Data,120/B99C21_5/S_315902/graphs.pt,0,99,21,120,B99C21,S_315902
D:\Sara\All_DFT_Data,60/B55C5_1/S_280501/graphs.pt,0,55,5,60,B55C5,S_280501
D:\Sara\All_DFT_Data,30/B27C3_3/S_9010/graphs.pt,0,27,3,30,B27C3,S_9010
D:\Sara\All_DFT_Data,120/B99C21_1/S_68063/graphs.pt,0,99,21,120,B99C21,S_68063
D:\Sara\All_DFT_Data,60/B47C13_2/S_286352/graphs.pt,0,47,13,60,B47C13,S_286352
D:\Sara\All_DFT_Data,30/B25C5_4/S_75150/graphs.pt,0,25,5,30,B25C5,S_75150
D:\Sara\All_DFT_Data,120/B105C15_1/S_66528/graphs.pt,0,105,15,120,B105C15,S_66528
D:\Sara\All_DFT_Data,60/B55C5_3/S_396213/graphs.pt,0,55,5,60,B55C5,S_396213
D:\Sara\All_DFT_Data\Test_Data,Test81/graphs.pt,1,53,7,60,B53C7,Test81
D:\Sara\All_DFT_Data,120/B107C13_3/S_282609/graphs.pt,0,107,13,120,B107C13,S_282609
D:\Sara\All_DFT_Data,30/B23C7_5/S_397867/graphs.pt,0,23,7,30,B23C7,S_397867
D:\Sara\All_DFT_Data,15/B13C2_3/S_221508/graphs.pt,0,13,2,15,B13C2,S_221508
D:\Sara\All_DFT_Data,60/B51C9_2/S_388596/graphs.pt,0,51,9,60,B51C9,S_388596
D:\Sara\All_DFT_Data,120/B97C23_5/S_234415/graphs.pt,0,97,23,120,B97C23,S_234415
D:\Sara\All_DFT_Data,15/B11C4_4/S_80655/graphs.pt,0,11,4,15,B11C4,S_80655
D:\Sara\All_DFT_Data,30/B27C3_4/S_397024/graphs.pt,0,27,3,30,B27C3,S_397024
D:\Sara\All_DFT_Data,120/B113C7_3/S_276180/graphs.pt,0,113,7,120,B113C7,S_276180
D:\Sara\All_DFT_Data,30/B23C7_2/S_349564/graphs.pt,0,23,7,30,B23C7,S_349564
D:\Sara\All_DFT_Data,120/B111C9_1/S_395508/graphs.pt,0,111,9,120,B111C9,S_395508
D:\Sara\All_DFT_Data,120/B99C21_1/S_73127/graphs.pt,0,99,21,120,B99C21,S_73127
D:\Sara\All_DFT_Data,15/B12C3_4/S_201168/graphs.pt,0,12,3,15,B12C3,S_201168
D:\Sara\All_DFT_Data,120/B101C19_4/S_334833/graphs.pt,0,101,19,120,B101C19,S_334833
D:\Sara\All_DFT_Data,15/B12C3_4/S_202511/graphs.pt,0,12,3,15,B12C3,S_202511
D:\Sara\All_DFT_Data,60/B55C5_1/S_165/graphs.pt,0,55,5,60,B55C5,S_165
D:\Sara\All_DFT_Data,120/B97C23_3/S_243235/graphs.pt,0,97,23,120,B97C23,S_243235
D:\Sara\All_DFT_Data,120/B101C19_3/S_225325/graphs.pt,0,101,19,120,B101C19,S_225325
D:\Sara\All_DFT_Data,30/B25C5_5/S_323969/graphs.pt,0,25,5,30,B25C5,S_323969
D:\Sara\All_DFT_Data,120/B99C21_5/S_189493/graphs.pt,0,99,21,120,B99C21,S_189493
D:\Sara\All_DFT_Data,120/B97C23_3/S_221921/graphs.pt,0,97,23,120,B97C23,S_221921
D:\Sara\All_DFT_Data,15/B11C4_5/S_295248/graphs.pt,0,11,4,15,B11C4,S_295248
D:\Sara\All_DFT_Data,120/B107C13_4/S_35170/graphs.pt,0,107,13,120,B107C13,S_35170
D:\Sara\All_DFT_Data,30/B27C3_5/S_186465/graphs.pt,0,27,3,30,B27C3,S_186465
D:\Sara\All_DFT_Data,60/B45C15_1/S_293987/graphs.pt,0,45,15,60,B45C15,S_293987
D:\Sara\All_DFT_Data,120/B107C13_1/S_286089/graphs.pt,0,107,13,120,B107C13,S_286089
D:\Sara\All_DFT_Data,120/B111C9_1/S_191677/graphs.pt,0,111,9,120,B111C9,S_191677
D:\Sara\All_DFT_Data,120/B107C13_1/S_345054/graphs.pt,0,107,13,120,B107C13,S_345054
D:\Sara\All_DFT_Data,15/B11C4_5/S_297468/graphs.pt,0,11,4,15,B11C4,S_297468
D:\Sara\All_DFT_Data,120/B113C7_4/S_279055/graphs.pt,0,113,7,120,B113C7,S_279055
D:\Sara\All_DFT_Data,60/B51C9_5/S_276542/graphs.pt,0,51,9,60,B51C9,S_276542
D:\Sara\All_DFT_Data\Test_Data,Test4/graphs.pt,1,11,4,15,B11C4,Test4
D:\Sara\All_DFT_Data,120/B101C19_1/S_377923/graphs.pt,0,101,19,120,B101C19,S_377923
D:\Sara\All_DFT_Data,60/B51C9_5/S_193000/graphs.pt,0,51,9,60,B51C9,S_193000
D:\Sara\All_DFT_Data,15/B14C_2/S_175015/graphs.pt,0,14,1,15,B14C1,S_175015
D:\Sara\All_DFT_Data,60/B47C13_4/S_340519/graphs.pt,0,47,13,60,B47C13,S_340519
D:\Sara\All_DFT_Data,30/B25C5_4/S_256336/graphs.pt,0,25,5,30,B25C5,S_256336
D:\Sara\All_DFT_Data,60/B45C15_2/S_28653/graphs.pt,0,45,15,60,B45C15,S_28653
D:\Sara\All_DFT_Data,120/B109C11_1/S_146114/graphs.pt,0,109,11,120,B109C11,S_146114
D:\Sara\All_DFT_Data,60/B55C5_3/S_206579/graphs.pt,0,55,5,60,B55C5,S_206579
D:\Sara\All_DFT_Data,60/B51C9_3/S_260536/graphs.pt,0,51,9,60,B51C9,S_260536
D:\Sara\All_DFT_Data\Test_Data,Test99/graphs.pt,1,25,5,30,B25C5,Test99
D:\Sara\All_DFT_Data,120/B97C23_1/S_51456/graphs.pt,0,97,23,120,B97C23,S_51456
D:\Sara\All_DFT_Data,30/B25C5_2/S_182547/graphs.pt,0,25,5,30,B25C5,S_182547
D:\Sara\All_DFT_Data,120/B107C13_1/S_317184/graphs.pt,0,107,13,120,B107C13,S_317184
D:\Sara\All_DFT_Data,120/B101C19_2/S_41650/graphs.pt,0,101,19,120,B101C19,S_41650
D:\Sara\All_DFT_Data,120/B105C15_5/S_115795/graphs.pt,0,105,15,120,B105C15,S_115795
D:\Sara\All_DFT_Data,60/B51C9_3/S_156057/graphs.pt,0,51,9,60,B51C9,S_156057
D:\Sara\All_DFT_Data,15/B14C_3/S_116330/graphs.pt,0,14,1,15,B14C1,S_116330
D:\Sara\All_DFT_Data\Test_Data,Test94/graphs.pt,1,23,7,30,B23C7,Test94
D:\Sara\All_DFT_Data,120/B101C19_4/S_143128/graphs.pt,0,101,19,120,B101C19,S_143128
D:\Sara\All_DFT_Data,120/B109C11_2/S_330872/graphs.pt,0,109,11,120,B109C11,S_330872
D:\Sara\All_DFT_Data,60/B51C9_4/S_110675/graphs.pt,0,51,9,60,B51C9,S_110675
D:\Sara\All_DFT_Data,15/B14C_5/S_17987/graphs.pt,0,14,1,15,B14C1,S_17987
D:\Sara\All_DFT_Data\Test_Data,Test47/graphs.pt,1,11,4,15,B11C4,Test47
D:\Sara\All_DFT_Data,30/B23C7_2/S_359206/graphs.pt,0,23,7,30,B23C7,S_359206
D:\Sara\All_DFT_Data,120/B111C9_4/S_394503/graphs.pt,0,111,9,120,B111C9,S_394503
D:\Sara\All_DFT_Data,120/B109C11_2/S_111333/graphs.pt,0,109,11,120,B109C11,S_111333
D:\Sara\All_DFT_Data\Test_Data,Test45/graphs.pt,1,12,3,15,B12C3,Test45
D:\Sara\All_DFT_Data,120/B103C17_4/S_179542/graphs.pt,0,103,17,120,B103C17,S_179542
D:\Sara\All_DFT_Data,120/B103C17_4/S_247170/graphs.pt,0,103,17,120,B103C17,S_247170
D:\Sara\All_DFT_Data,120/B113C7_2/S_322511/graphs.pt,0,113,7,120,B113C7,S_322511
D:\Sara\All_DFT_Data,120/B99C21_4/S_258877/graphs.pt,0,99,21,120,B99C21,S_258877
D:\Sara\All_DFT_Data,60/B53C7_1/S_15325/graphs.pt,0,53,7,60,B53C7,S_15325
D:\Sara\All_DFT_Data,60/B49C11_1/S_324769/graphs.pt,0,49,11,60,B49C11,S_324769
D:\Sara\All_DFT_Data,120/B97C23_4/S_42933/graphs.pt,0,97,23,120,B97C23,S_42933
D:\Sara\All_DFT_Data,30/B23C7_3/S_241779/graphs.pt,0,23,7,30,B23C7,S_241779
D:\Sara\All_DFT_Data,30/B27C3_1/S_136728/graphs.pt,0,27,3,30,B27C3,S_136728
D:\Sara\All_DFT_Data,15/B13C2_4/S_302443/graphs.pt,0,13,2,15,B13C2,S_302443
D:\Sara\All_DFT_Data,15/B12C3_5/S_240696/graphs.pt,0,12,3,15,B12C3,S_240696
D:\Sara\All_DFT_Data,30/B23C7_2/S_101664/graphs.pt,0,23,7,30,B23C7,S_101664
D:\Sara\All_DFT_Data,60/B45C15_2/S_109783/graphs.pt,0,45,15,60,B45C15,S_109783
D:\Sara\All_DFT_Data,60/B45C15_4/S_73670/graphs.pt,0,45,15,60,B45C15,S_73670
D:\Sara\All_DFT_Data,120/B99C21_5/S_82613/graphs.pt,0,99,21,120,B99C21,S_82613
D:\Sara\All_DFT_Data,30/B25C5_2/S_215373/graphs.pt,0,25,5,30,B25C5,S_215373
D:\Sara\All_DFT_Data,60/B47C13_2/S_365850/graphs.pt,0,47,13,60,B47C13,S_365850
D:\Sara\All_DFT_Data,120/B109C11_3/S_376251/graphs.pt,0,109,11,120,B109C11,S_376251
D:\Sara\All_DFT_Data\Test_Data,Test8/graphs.pt,1,12,3,15,B12C3,Test8
D:\Sara\All_DFT_Data,120/B111C9_4/S_281743/graphs.pt,0,111,9,120,B111C9,S_281743
D:\Sara\All_DFT_Data,30/B25C5_3/S_284979/graphs.pt,0,25,5,30,B25C5,S_284979
D:\Sara\All_DFT_Data,60/B55C5_3/S_396491/graphs.pt,0,55,5,60,B55C5,S_396491
D:\Sara\All_DFT_Data,120/B109C11_3/S_194612/graphs.pt,0,109,11,120,B109C11,S_194612
D:\Sara\All_DFT_Data,15/B13C2_5/S_66533/graphs.pt,0,13,2,15,B13C2,S_66533
D:\Sara\All_DFT_Data,120/B113C7_1/S_301159/graphs.pt,0,113,7,120,B113C7,S_301159
D:\Sara\All_DFT_Data,120/B111C9_5/S_78749/graphs.pt,0,111,9,120,B111C9,S_78749
D:\Sara\All_DFT_Data,120/B103C17_4/S_210765/graphs.pt,0,103,17,120,B103C17,S_210765
D:\Sara\All_DFT_Data\Test_Data,Test14/graphs.pt,1,12,3,15,B12C3,Test14
D:\Sara\All_DFT_Data,15/B13C2_5/S_14539/graphs.pt,0,13,2,15,B13C2,S_14539
D:\Sara\All_DFT_Data,15/B11C4_5/S_72147/graphs.pt,0,11,4,15,B11C4,S_72147
D:\Sara\All_DFT_Data,120/B97C23_3/S_160543/graphs.pt,0,97,23,120,B97C23,S_160543
D:\Sara\All_DFT_Data,120/B99C21_4/S_373714/graphs.pt,0,99,21,120,B99C21,S_373714
D:\Sara\All_DFT_Data\Test_Data,Test15/graphs.pt,1,13,2,15,B13C2,Test15
D:\Sara\All_DFT_Data,120/B99C21_2/S_73625/graphs.pt,0,99,21,120,B99C21,S_73625
D:\Sara\All_DFT_Data,15/B11C4_1/S_138297/graphs.pt,0,11,4,15,B11C4,S_138297
D:\Sara\All_DFT_Data,30/B27C3_4/S_71714/graphs.pt,0,27,3,30,B27C3,S_71714
D:\Sara\All_DFT_Data,120/B105C15_3/S_314115/graphs.pt,0,105,15,120,B105C15,S_314115
D:\Sara\All_DFT_Data,120/B97C23_5/S_321780/graphs.pt,0,97,23,120,B97C23,S_321780
D:\Sara\All_DFT_Data,30/B27C3_4/S_314214/graphs.pt,0,27,3,30,B27C3,S_314214
D:\Sara\All_DFT_Data,15/B11C4_5/S_4838/graphs.pt,0,11,4,15,B11C4,S_4838
D:\Sara\All_DFT_Data,60/B47C13_2/S_342540/graphs.pt,0,47,13,60,B47C13,S_342540
D:\Sara\All_DFT_Data,120/B103C17_1/S_42546/graphs.pt,0,103,17,120,B103C17,S_42546
D:\Sara\All_DFT_Data,30/B27C3_5/S_315858/graphs.pt,0,27,3,30,B27C3,S_315858
D:\Sara\All_DFT_Data,120/B97C23_2/S_318500/graphs.pt,0,97,23,120,B97C23,S_318500
D:\Sara\All_DFT_Data,15/B12C3_2/S_312772/graphs.pt,0,12,3,15,B12C3,S_312772
D:\Sara\All_DFT_Data,60/B51C9_2/S_353516/graphs.pt,0,51,9,60,B51C9,S_353516
D:\Sara\All_DFT_Data,120/B105C15_2/S_186469/graphs.pt,0,105,15,120,B105C15,S_186469
D:\Sara\All_DFT_Data,120/B103C17_5/S_370358/graphs.pt,0,103,17,120,B103C17,S_370358
D:\Sara\All_DFT_Data,60/B47C13_1/S_321956/graphs.pt,0,47,13,60,B47C13,S_321956
D:\Sara\All_DFT_Data,120/B105C15_4/S_37432/graphs.pt,0,105,15,120,B105C15,S_37432
D:\Sara\All_DFT_Data,60/B47C13_1/S_295438/graphs.pt,0,47,13,60,B47C13,S_295438
D:\Sara\All_DFT_Data\Test_Data,Test79/graphs.pt,1,49,11,60,B49C11,Test79
D:\Sara\All_DFT_Data,15/B13C2_1/S_391341/graphs.pt,0,13,2,15,B13C2,S_391341
D:\Sara\All_DFT_Data,120/B113C7_1/S_221921/graphs.pt,0,113,7,120,B113C7,S_221921
D:\Sara\All_DFT_Data,120/B99C21_1/S_125046/graphs.pt,0,99,21,120,B99C21,S_125046
D:\Sara\All_DFT_Data,120/B97C23_4/S_117760/graphs.pt,0,97,23,120,B97C23,S_117760
D:\Sara\All_DFT_Data,120/B113C7_5/S_391713/graphs.pt,0,113,7,120,B113C7,S_391713
D:\Sara\All_DFT_Data,60/B49C11_2/S_246/graphs.pt,0,49,11,60,B49C11,S_246
D:\Sara\All_DFT_Data,60/B45C15_4/S_320677/graphs.pt,0,45,15,60,B45C15,S_320677
D:\Sara\All_DFT_Data,30/B27C3_1/S_518/graphs.pt,0,27,3,30,B27C3,S_518
D:\Sara\All_DFT_Data,120/B111C9_1/S_164189/graphs.pt,0,111,9,120,B111C9,S_164189
D:\Sara\All_DFT_Data,120/B103C17_3/S_116514/graphs.pt,0,103,17,120,B103C17,S_116514
D:\Sara\All_DFT_Data,15/B12C3_4/S_317329/graphs.pt,0,12,3,15,B12C3,S_317329
D:\Sara\All_DFT_Data,120/B99C21_1/S_317045/graphs.pt,0,99,21,120,B99C21,S_317045
D:\Sara\All_DFT_Data,15/B13C2_4/S_232930/graphs.pt,0,13,2,15,B13C2,S_232930
D:\Sara\All_DFT_Data,15/B14C_3/S_166279/graphs.pt,0,14,1,15,B14C1,S_166279
D:\Sara\All_DFT_Data,120/B113C7_1/S_66110/graphs.pt,0,113,7,120,B113C7,S_66110
D:\Sara\All_DFT_Data,60/B51C9_3/S_92383/graphs.pt,0,51,9,60,B51C9,S_92383
D:\Sara\All_DFT_Data,120/B101C19_3/S_1148/graphs.pt,0,101,19,120,B101C19,S_1148
D:\Sara\All_DFT_Data,60/B53C7_1/S_348699/graphs.pt,0,53,7,60,B53C7,S_348699
D:\Sara\All_DFT_Data,15/B14C_3/S_247438/graphs.pt,0,14,1,15,B14C1,S_247438
D:\Sara\All_DFT_Data,120/B103C17_3/S_91234/graphs.pt,0,103,17,120,B103C17,S_91234
D:\Sara\All_DFT_Data,60/B53C7_1/S_308299/graphs.pt,0,53,7,60,B53C7,S_308299
D:\Sara\All_DFT_Data,120/B111C9_2/S_7960/graphs.pt,0,111,9,120,B111C9,S_7960
D:\Sara\All_DFT_Data,15/B13C2_2/S_203164/graphs.pt,0,13,2,15,B13C2,S_203164
D:\Sara\All_DFT_Data,15/B14C_2/S_251193/graphs.pt,0,14,1,15,B14C1,S_251193
D:\Sara\All_DFT_Data,15/B11C4_3/S_342904/graphs.pt,0,11,4,15,B11C4,S_342904
D:\Sara\All_DFT_Data,15/B14C_2/S_59525/graphs.pt,0,14,1,15,B14C1,S_59525
D:\Sara\All_DFT_Data,15/B11C4_3/S_134506/graphs.pt,0,11,4,15,B11C4,S_134506
D:\Sara\All_DFT_Data,check_extraction/S_97366/graphs.pt,0,113,7,120,B113C7,S_97366
D:\Sara\All_DFT_Data,60/B47C13_3/S_1324/graphs.pt,0,47,13,60,B47C13,S_1324
D:\Sara\All_DFT_Data,120/B103C17_1/S_232783/graphs.pt,0,103,17,120,B103C17,S_232783
D:\Sara\All_DFT_Data,120/B105C15_2/S_201465/graphs.pt,0,105,15,120,B105C15,S_201465
D:\Sara\All_DFT_Data\Test_Data,Test90/graphs.pt,1,14,1,15,B14C1,Test90
D:\Sara\All_DFT_Data,120/B103C17_5/S_19688/graphs.pt,0,103,17,120,B103C17,S_19688
D:\Sara\All_DFT_Data,30/B23C7_4/S_233989/graphs.pt,0,23,7,30,B23C7,S_233989
D:\Sara\All_DFT_Data,120/B99C21_1/S_42379/graphs.pt,0,99,21,120,B99C21,S_42379
D:\Sara\All_DFT_Data,60/B53C7_2/S_64945/graphs.pt,0,53,7,60,B53C7,S_64945
D:\Sara\All_DFT_Data,30/B27C3_4/S_195022/graphs.pt,0,27,3,30,B27C3,S_195022
D:\Sara\All_DFT_Data,30/B25C5_3/S_200812/graphs.pt,0,25,5,30,B25C5,S_200812
D:\Sara\All_DFT_Data,120/B101C19_3/S_84878/graphs.pt,0,101,19,120,B101C19,S_84878
D:\Sara\All_DFT_Data,30/B23C7_4/S_190914/graphs.pt,0,23,7,30,B23C7,S_190914
D:\Sara\All_DFT_Data,60/B51C9_1/S_299532/graphs.pt,0,51,9,60,B51C9,S_299532
D:\Sara\All_DFT_Data,30/B23C7_5/S_237654/graphs.pt,0,23,7,30,B23C7,S_237654
D:\Sara\All_DFT_Data,30/B27C3_2/S_309658/graphs.pt,0,27,3,30,B27C3,S_309658
D:\Sara\All_DFT_Data,60/B47C13_5/S_158201/graphs.pt,0,47,13,60,B47C13,S_158201
D:\Sara\All_DFT_Data,120/B99C21_3/S_135460/graphs.pt,0,99,21,120,B99C21,S_135460
D:\Sara\All_DFT_Data,15/B13C2_1/S_290020/graphs.pt,0,13,2,15,B13C2,S_290020
D:\Sara\All_DFT_Data,30/B23C7_4/S_145009/graphs.pt,0,23,7,30,B23C7,S_145009
D:\Sara\All_DFT_Data,120/B105C15_1/S_58191/graphs.pt,0,105,15,120,B105C15,S_58191
D:\Sara\All_DFT_Data,60/B49C11_1/S_185603/graphs.pt,0,49,11,60,B49C11,S_185603
D:\Sara\All_DFT_Data,120/B109C11_5/S_243031/graphs.pt,0,109,11,120,B109C11,S_243031
D:\Sara\All_DFT_Data,120/B113C7_3/S_51362/graphs.pt,0,113,7,120,B113C7,S_51362
D:\Sara\All_DFT_Data,60/B55C5_1/S_346484/graphs.pt,0,55,5,60,B55C5,S_346484
D:\Sara\All_DFT_Data,120/B107C13_5/S_291767/graphs.pt,0,107,13,120,B107C13,S_291767
D:\Sara\All_DFT_Data,60/B55C5_5/S_147026/graphs.pt,0,55,5,60,B55C5,S_147026
D:\Sara\All_DFT_Data,30/B25C5_2/S_230654/graphs.pt,0,25,5,30,B25C5,S_230654
D:\Sara\All_DFT_Data,15/B11C4_5/S_141495/graphs.pt,0,11,4,15,B11C4,S_141495
D:\Sara\All_DFT_Data,120/B105C15_2/S_646/graphs.pt,0,105,15,120,B105C15,S_646
D:\Sara\All_DFT_Data,120/B113C7_4/S_69643/graphs.pt,0,113,7,120,B113C7,S_69643
D:\Sara\All_DFT_Data,30/B23C7_1/S_269754/graphs.pt,0,23,7,30,B23C7,S_269754
D:\Sara\All_DFT_Data,15/B14C_2/S_343639/graphs.pt,0,14,1,15,B14C1,S_343639
D:\Sara\All_DFT_Data,15/B13C2_2/S_149640/graphs.pt,0,13,2,15,B13C2,S_149640
D:\Sara\All_DFT_Data,120/B109C11_5/S_182255/graphs.pt,0,109,11,120,B109C11,S_182255
D:\Sara\All_DFT_Data,30/B27C3_4/S_369866/graphs.pt,0,27,3,30,B27C3,S_369866
D:\Sara\All_DFT_Data,15/B11C4_2/S_103946/graphs.pt,0,11,4,15,B11C4,S_103946
D:\Sara\All_DFT_Data,60/B47C13_3/S_240598/graphs.pt,0,47,13,60,B47C13,S_240598
D:\Sara\All_DFT_Data,120/B97C23_1/S_33291/graphs.pt,0,97,23,120,B97C23,S_33291
D:\Sara\All_DFT_Data,15/B11C4_3/S_93244/graphs.pt,0,11,4,15,B11C4,S_93244
D:\Sara\All_DFT_Data,30/B27C3_1/S_204318/graphs.pt,0,27,3,30,B27C3,S_204318
D:\Sara\All_DFT_Data,15/B13C2_2/S_169092/graphs.pt,0,13,2,15,B13C2,S_169092
D:\Sara\All_DFT_Data,120/B109C11_1/S_17981/graphs.pt,0,109,11,120,B109C11,S_17981
D:\Sara\All_DFT_Data,15/B13C2_4/S_92318/graphs.pt,0,13,2,15,B13C2,S_92318
D:\Sara\All_DFT_Data,60/B45C15_3/S_217576/graphs.pt,0,45,15,60,B45C15,S_217576
D:\Sara\All_DFT_Data,120/B101C19_5/S_354927/graphs.pt,0,101,19,120,B101C19,S_354927
D:\Sara\All_DFT_Data,120/B107C13_1/S_49452/graphs.pt,0,107,13,120,B107C13,S_49452
D:\Sara\All_DFT_Data,120/B97C23_5/S_167025/graphs.pt,0,97,23,120,B97C23,S_167025
D:\Sara\All_DFT_Data,120/B109C11_1/S_358049/graphs.pt,0,109,11,120,B109C11,S_358049
D:\Sara\All_DFT_Data,30/B27C3_4/S_118656/graphs.pt,0,27,3,30,B27C3,S_118656
D:\Sara\All_DFT_Data\Test_Data,Test22/graphs.pt,1,11,4,15,B11C4,Test22
D:\Sara\All_DFT_Data,120/B101C19_3/S_130581/graphs.pt,0,101,19,120,B101C19,S_130581
D:\Sara\All_DFT_Data,60/B55C5_4/S_8797/graphs.pt,0,55,5,60,B55C5,S_8797
D:\Sara\All_DFT_Data,30/B25C5_4/S_257494/graphs.pt,0,25,5,30,B25C5,S_257494
D:\Sara\All_DFT_Data,30/B27C3_2/S_209364/graphs.pt,0,27,3,30,B27C3,S_209364
D:\Sara\All_DFT_Data,60/B51C9_3/S_10433/graphs.pt,0,51,9,60,B51C9,S_10433
D:\Sara\All_DFT_Data,15/B14C_4/S_288096/graphs.pt,0,14,1,15,B14C1,S_288096
D:\Sara\All_DFT_Data,120/B105C15_2/S_15807/graphs.pt,0,105,15,120,B105C15,S_15807
D:\Sara\All_DFT_Data,60/B51C9_4/S_389200/graphs.pt,0,51,9,60,B51C9,S_389200
D:\Sara\All_DFT_Data,120/B113C7_3/S_290931/graphs.pt,0,113,7,120,B113C7,S_290931
D:\Sara\All_DFT_Data,120/B103C17_1/S_272113/graphs.pt,0,103,17,120,B103C17,S_272113
D:\Sara\All_DFT_Data,15/B13C2_1/S_353145/graphs.pt,0,13,2,15,B13C2,S_353145
D:\Sara\All_DFT_Data,60/B47C13_3/S_360296/graphs.pt,0,47,13,60,B47C13,S_360296
D:\Sara\All_DFT_Data,15/B12C3_5/S_13645/graphs.pt,0,12,3,15,B12C3,S_13645
D:\Sara\All_DFT_Data,120/B103C17_2/S_158692/graphs.pt,0,103,17,120,B103C17,S_158692
D:\Sara\All_DFT_Data,120/B107C13_4/S_180649/graphs.pt,0,107,13,120,B107C13,S_180649
D:\Sara\All_DFT_Data,120/B109C11_5/S_306509/graphs.pt,0,109,11,120,B109C11,S_306509
D:\Sara\All_DFT_Data,120/B111C9_2/S_290265/graphs.pt,0,111,9,120,B111C9,S_290265
D:\Sara\All_DFT_Data,60/B49C11_3/S_67687/graphs.pt,0,49,11,60,B49C11,S_67687
D:\Sara\All_DFT_Data,120/B103C17_4/S_373230/graphs.pt,0,103,17,120,B103C17,S_373230
D:\Sara\All_DFT_Data\Test_Data,Test6/graphs.pt,1,12,3,15,B12C3,Test6
D:\Sara\All_DFT_Data,120/B113C7_2/S_311308/graphs.pt,0,113,7,120,B113C7,S_311308
D:\Sara\All_DFT_Data,120/B107C13_4/S_260334/graphs.pt,0,107,13,120,B107C13,S_260334
D:\Sara\All_DFT_Data,120/B107C13_1/S_96700/graphs.pt,0,107,13,120,B107C13,S_96700
D:\Sara\All_DFT_Data,30/B23C7_2/S_349679/graphs.pt,0,23,7,30,B23C7,S_349679
D:\Sara\All_DFT_Data,120/B103C17_1/S_158582/graphs.pt,0,103,17,120,B103C17,S_158582
D:\Sara\All_DFT_Data,60/B53C7_1/S_275922/graphs.pt,0,53,7,60,B53C7,S_275922
D:\Sara\All_DFT_Data,120/B111C9_3/S_85499/graphs.pt,0,111,9,120,B111C9,S_85499
D:\Sara\All_DFT_Data,60/B47C13_3/S_104722/graphs.pt,0,47,13,60,B47C13,S_104722
D:\Sara\All_DFT_Data,60/B53C7_1/S_169633/graphs.pt,0,53,7,60,B53C7,S_169633
D:\Sara\All_DFT_Data,60/B47C13_4/S_368074/graphs.pt,0,47,13,60,B47C13,S_368074
D:\Sara\All_DFT_Data,120/B97C23_1/S_132375/graphs.pt,0,97,23,120,B97C23,S_132375
D:\Sara\All_DFT_Data,60/B53C7_1/S_165937/graphs.pt,0,53,7,60,B53C7,S_165937
D:\Sara\All_DFT_Data\Test_Data,Test98/graphs.pt,1,27,3,30,B27C3,Test98
D:\Sara\All_DFT_Data,120/B111C9_5/S_389748/graphs.pt,0,111,9,120,B111C9,S_389748
D:\Sara\All_DFT_Data,120/B99C21_3/S_167956/graphs.pt,0,99,21,120,B99C21,S_167956
D:\Sara\All_DFT_Data,15/B14C_4/S_21829/graphs.pt,0,14,1,15,B14C1,S_21829
D:\Sara\All_DFT_Data,60/B55C5_4/S_326609/graphs.pt,0,55,5,60,B55C5,S_326609
D:\Sara\All_DFT_Data,120/B99C21_2/S_43955/graphs.pt,0,99,21,120,B99C21,S_43955
D:\Sara\All_DFT_Data,120/B97C23_2/S_117601/graphs.pt,0,97,23,120,B97C23,S_117601
D:\Sara\All_DFT_Data,60/B53C7_4/S_218592/graphs.pt,0,53,7,60,B53C7,S_218592
D:\Sara\All_DFT_Data,120/B101C19_5/S_270011/graphs.pt,0,101,19,120,B101C19,S_270011
D:\Sara\All_DFT_Data,30/B23C7_1/S_137456/graphs.pt,0,23,7,30,B23C7,S_137456
D:\Sara\All_DFT_Data\Test_Data,Test97/graphs.pt,1,12,3,15,B12C3,Test97
D:\Sara\All_DFT_Data,30/B27C3_3/S_179462/graphs.pt,0,27,3,30,B27C3,S_179462
D:\Sara\All_DFT_Data,120/B103C17_1/S_270731/graphs.pt,0,103,17,120,B103C17,S_270731
D:\Sara\All_DFT_Data,30/B23C7_1/S_175622/graphs.pt,0,23,7,30,B23C7,S_175622
D:\Sara\All_DFT_Data,60/B49C11_2/S_208/graphs.pt,0,49,11,60,B49C11,S_208
D:\Sara\All_DFT_Data,60/B53C7_3/S_361636/graphs.pt,0,53,7,60,B53C7,S_361636
D:\Sara\All_DFT_Data,60/B53C7_5/S_71520/graphs.pt,0,53,7,60,B53C7,S_71520
D:\Sara\All_DFT_Data,60/B55C5_4/S_13404/graphs.pt,0,55,5,60,B55C5,S_13404
D:\Sara\All_DFT_Data,15/B12C3_3/S_377476/graphs.pt,0,12,3,15,B12C3,S_377476
D:\Sara\All_DFT_Data,60/B55C5_1/S_262575/graphs.pt,0,55,5,60,B55C5,S_262575
D:\Sara\All_DFT_Data,60/B45C15_4/S_283702/graphs.pt,0,45,15,60,B45C15,S_283702
D:\Sara\All_DFT_Data,120/B113C7_4/S_302100/graphs.pt,0,113,7,120,B113C7,S_302100
D:\Sara\All_DFT_Data,30/B23C7_1/S_73787/graphs.pt,0,23,7,30,B23C7,S_73787
D:\Sara\All_DFT_Data,15/B11C4_4/S_354769/graphs.pt,0,11,4,15,B11C4,S_354769
D:\Sara\All_DFT_Data,60/B45C15_3/S_13191/graphs.pt,0,45,15,60,B45C15,S_13191
D:\Sara\All_DFT_Data,60/B55C5_2/S_131172/graphs.pt,0,55,5,60,B55C5,S_131172
D:\Sara\All_DFT_Data,120/B105C15_3/S_78688/graphs.pt,0,105,15,120,B105C15,S_78688
D:\Sara\All_DFT_Data,15/B13C2_4/S_381544/graphs.pt,0,13,2,15,B13C2,S_381544
D:\Sara\All_DFT_Data,120/B97C23_4/S_180771/graphs.pt,0,97,23,120,B97C23,S_180771
D:\Sara\All_DFT_Data,120/B111C9_4/S_78585/graphs.pt,0,111,9,120,B111C9,S_78585
D:\Sara\All_DFT_Data,15/B13C2_1/S_389297/graphs.pt,0,13,2,15,B13C2,S_389297
D:\Sara\All_DFT_Data,30/B23C7_4/S_333406/graphs.pt,0,23,7,30,B23C7,S_333406
D:\Sara\All_DFT_Data,120/B101C19_3/S_391404/graphs.pt,0,101,19,120,B101C19,S_391404
D:\Sara\All_DFT_Data,120/B101C19_5/S_87257/graphs.pt,0,101,19,120,B101C19,S_87257
D:\Sara\All_DFT_Data,60/B51C9_3/S_230094/graphs.pt,0,51,9,60,B51C9,S_230094
D:\Sara\All_DFT_Data,15/B12C3_5/S_304684/graphs.pt,0,12,3,15,B12C3,S_304684
D:\Sara\All_DFT_Data,60/B53C7_5/S_38910/graphs.pt,0,53,7,60,B53C7,S_38910
D:\Sara\All_DFT_Data,120/B101C19_5/S_23403/graphs.pt,0,101,19,120,B101C19,S_23403
D:\Sara\All_DFT_Data,120/B99C21_1/S_305331/graphs.pt,0,99,21,120,B99C21,S_305331
D:\Sara\All_DFT_Data,60/B47C13_4/S_332505/graphs.pt,0,47,13,60,B47C13,S_332505
D:\Sara\All_DFT_Data,15/B12C3_1/S_210773/graphs.pt,0,12,3,15,B12C3,S_210773
D:\Sara\All_DFT_Data,30/B23C7_3/S_161044/graphs.pt,0,23,7,30,B23C7,S_161044
D:\Sara\All_DFT_Data,15/B13C2_4/S_287761/graphs.pt,0,13,2,15,B13C2,S_287761
D:\Sara\All_DFT_Data,120/B99C21_5/S_238941/graphs.pt,0,99,21,120,B99C21,S_238941
D:\Sara\All_DFT_Data,120/B103C17_3/S_52491/graphs.pt,0,103,17,120,B103C17,S_52491
D:\Sara\All_DFT_Data,15/B12C3_2/S_397911/graphs.pt,0,12,3,15,B12C3,S_397911
D:\Sara\All_DFT_Data,30/B25C5_4/S_238856/graphs.pt,0,25,5,30,B25C5,S_238856
D:\Sara\All_DFT_Data,30/B25C5_1/S_67019/graphs.pt,0,25,5,30,B25C5,S_67019
D:\Sara\All_DFT_Data,30/B27C3_4/S_96701/graphs.pt,0,27,3,30,B27C3,S_96701
D:\Sara\All_DFT_Data,120/B109C11_4/S_35979/graphs.pt,0,109,11,120,B109C11,S_35979
D:\Sara\All_DFT_Data,120/B97C23_2/S_45272/graphs.pt,0,97,23,120,B97C23,S_45272
D:\Sara\All_DFT_Data,15/B12C3_5/S_330455/graphs.pt,0,12,3,15,B12C3,S_330455
D:\Sara\All_DFT_Data,60/B47C13_5/S_339002/graphs.pt,0,47,13,60,B47C13,S_339002
D:\Sara\All_DFT_Data,120/B107C13_5/S_216497/graphs.pt,0,107,13,120,B107C13,S_216497
D:\Sara\All_DFT_Data,120/B101C19_4/S_357866/graphs.pt,0,101,19,120,B101C19,S_357866
D:\Sara\All_DFT_Data,60/B49C11_3/S_2404/graphs.pt,0,49,11,60,B49C11,S_2404
D:\Sara\All_DFT_Data,15/B12C3_1/S_3799/graphs.pt,0,12,3,15,B12C3,S_3799
D:\Sara\All_DFT_Data,30/B23C7_3/S_261803/graphs.pt,0,23,7,30,B23C7,S_261803
D:\Sara\All_DFT_Data,15/B13C2_5/S_70589/graphs.pt,0,13,2,15,B13C2,S_70589
D:\Sara\All_DFT_Data\Test_Data,Test69/graphs.pt,1,111,9,120,B111C9,Test69
D:\Sara\All_DFT_Data\Test_Data,Test50/graphs.pt,1,11,4,15,B11C4,Test50
D:\Sara\All_DFT_Data,30/B27C3_4/S_199519/graphs.pt,0,27,3,30,B27C3,S_199519
D:\Sara\All_DFT_Data,120/B99C21_3/S_300605/graphs.pt,0,99,21,120,B99C21,S_300605
D:\Sara\All_DFT_Data,120/B105C15_3/S_230306/graphs.pt,0,105,15,120,B105C15,S_230306
D:\Sara\All_DFT_Data,120/B103C17_5/S_241444/graphs.pt,0,103,17,120,B103C17,S_241444
D:\Sara\All_DFT_Data,15/B14C_4/S_72686/graphs.pt,0,14,1,15,B14C1,S_72686
D:\Sara\All_DFT_Data,60/B53C7_5/S_175880/graphs.pt,0,53,7,60,B53C7,S_175880
D:\Sara\All_DFT_Data,120/B107C13_3/S_189668/graphs.pt,0,107,13,120,B107C13,S_189668
D:\Sara\All_DFT_Data,60/B47C13_2/S_62977/graphs.pt,0,47,13,60,B47C13,S_62977
D:\Sara\All_DFT_Data,15/B13C2_1/S_31144/graphs.pt,0,13,2,15,B13C2,S_31144
D:\Sara\All_DFT_Data,60/B47C13_4/S_213308/graphs.pt,0,47,13,60,B47C13,S_213308
D:\Sara\All_DFT_Data,120/B109C11_4/S_60911/graphs.pt,0,109,11,120,B109C11,S_60911
D:\Sara\All_DFT_Data,120/B113C7_2/S_396368/graphs.pt,0,113,7,120,B113C7,S_396368
D:\Sara\All_DFT_Data,60/B45C15_4/S_354470/graphs.pt,0,45,15,60,B45C15,S_354470
D:\Sara\All_DFT_Data,30/B25C5_1/S_353090/graphs.pt,0,25,5,30,B25C5,S_353090
D:\Sara\All_DFT_Data,120/B107C13_3/S_82272/graphs.pt,0,107,13,120,B107C13,S_82272
D:\Sara\All_DFT_Data,30/B23C7_4/S_350444/graphs.pt,0,23,7,30,B23C7,S_350444
D:\Sara\All_DFT_Data,30/B25C5_1/S_155845/graphs.pt,0,25,5,30,B25C5,S_155845
D:\Sara\All_DFT_Data,60/B45C15_2/S_132261/graphs.pt,0,45,15,60,B45C15,S_132261
D:\Sara\All_DFT_Data,60/B49C11_4/S_87460/graphs.pt,0,49,11,60,B49C11,S_87460
D:\Sara\All_DFT_Data,60/B45C15_1/S_48515/graphs.pt,0,45,15,60,B45C15,S_48515
D:\Sara\All_DFT_Data,30/B25C5_2/S_193028/graphs.pt,0,25,5,30,B25C5,S_193028
D:\Sara\All_DFT_Data,30/B27C3_3/S_6218/graphs.pt,0,27,3,30,B27C3,S_6218
D:\Sara\All_DFT_Data,120/B107C13_2/S_363604/graphs.pt,0,107,13,120,B107C13,S_363604
D:\Sara\All_DFT_Data,15/B14C_1/S_213564/graphs.pt,0,14,1,15,B14C1,S_213564
D:\Sara\All_DFT_Data,120/B97C23_4/S_282470/graphs.pt,0,97,23,120,B97C23,S_282470
D:\Sara\All_DFT_Data,120/B103C17_1/S_261098/graphs.pt,0,103,17,120,B103C17,S_261098
D:\Sara\All_DFT_Data,30/B25C5_1/S_212087/graphs.pt,0,25,5,30,B25C5,S_212087
D:\Sara\All_DFT_Data\Test_Data,Test2/graphs.pt,1,11,4,15,B11C4,Test2
D:\Sara\All_DFT_Data,60/B45C15_2/S_203088/graphs.pt,0,45,15,60,B45C15,S_203088
D:\Sara\All_DFT_Data,15/B11C4_2/S_160384/graphs.pt,0,11,4,15,B11C4,S_160384
D:\Sara\All_DFT_Data,60/B49C11_3/S_191189/graphs.pt,0,49,11,60,B49C11,S_191189
D:\Sara\All_DFT_Data,120/B103C17_4/S_203792/graphs.pt,0,103,17,120,B103C17,S_203792
D:\Sara\All_DFT_Data,120/B105C15_4/S_46769/graphs.pt,0,105,15,120,B105C15,S_46769
D:\Sara\All_DFT_Data,15/B13C2_1/S_285001/graphs.pt,0,13,2,15,B13C2,S_285001
D:\Sara\All_DFT_Data,120/B111C9_5/S_23658/graphs.pt,0,111,9,120,B111C9,S_23658
D:\Sara\All_DFT_Data,120/B105C15_2/S_338486/graphs.pt,0,105,15,120,B105C15,S_338486
D:\Sara\All_DFT_Data,60/B45C15_4/S_228402/graphs.pt,0,45,15,60,B45C15,S_228402
D:\Sara\All_DFT_Data,60/B49C11_1/S_276028/graphs.pt,0,49,11,60,B49C11,S_276028
D:\Sara\All_DFT_Data,120/B101C19_3/S_260875/graphs.pt,0,101,19,120,B101C19,S_260875
D:\Sara\All_DFT_Data,30/B23C7_2/S_33125/graphs.pt,0,23,7,30,B23C7,S_33125
D:\Sara\All_DFT_Data,60/B47C13_5/S_322106/graphs.pt,0,47,13,60,B47C13,S_322106
D:\Sara\All_DFT_Data,60/B47C13_5/S_217278/graphs.pt,0,47,13,60,B47C13,S_217278
D:\Sara\All_DFT_Data,60/B45C15_4/S_119976/graphs.pt,0,45,15,60,B45C15,S_119976
D:\Sara\All_DFT_Data,15/B13C2_1/S_267199/graphs.pt,0,13,2,15,B13C2,S_267199
D:\Sara\All_DFT_Data,120/B109C11_4/S_2148/graphs.pt,0,109,11,120,B109C11,S_2148
D:\Sara\All_DFT_Data,30/B23C7_2/S_208758/graphs.pt,0,23,7,30,B23C7,S_208758
D:\Sara\All_DFT_Data,30/B23C7_4/S_52922/graphs.pt,0,23,7,30,B23C7,S_52922
D:\Sara\All_DFT_Data,120/B107C13_3/S_133223/graphs.pt,0,107,13,120,B107C13,S_133223
D:\Sara\All_DFT_Data\Test_Data,Test7/graphs.pt,1,25,5,30,B25C5,Test7
D:\Sara\All_DFT_Data,60/B45C15_1/S_294890/graphs.pt,0,45,15,60,B45C15,S_294890
D:\Sara\All_DFT_Data,60/B49C11_1/S_32710/graphs.pt,0,49,11,60,B49C11,S_32710
D:\Sara\All_DFT_Data,120/B105C15_4/S_223558/graphs.pt,0,105,15,120,B105C15,S_223558
D:\Sara\All_DFT_Data,120/B111C9_2/S_254924/graphs.pt,0,111,9,120,B111C9,S_254924
D:\Sara\All_DFT_Data,120/B101C19_1/S_222785/graphs.pt,0,101,19,120,B101C19,S_222785
D:\Sara\All_DFT_Data,60/B55C5_3/S_36592/graphs.pt,0,55,5,60,B55C5,S_36592
D:\Sara\All_DFT_Data,15/B14C_1/S_137235/graphs.pt,0,14,1,15,B14C1,S_137235
D:\Sara\All_DFT_Data,120/B99C21_4/S_391936/graphs.pt,0,99,21,120,B99C21,S_391936
D:\Sara\All_DFT_Data,60/B51C9_1/S_167160/graphs.pt,0,51,9,60,B51C9,S_167160
D:\Sara\All_DFT_Data,120/B103C17_1/S_390954/graphs.pt,0,103,17,120,B103C17,S_390954
D:\Sara\All_DFT_Data,30/B23C7_4/S_293053/graphs.pt,0,23,7,30,B23C7,S_293053
D:\Sara\All_DFT_Data,120/B109C11_3/S_39859/graphs.pt,0,109,11,120,B109C11,S_39859
D:\Sara\All_DFT_Data,60/B55C5_3/S_249038/graphs.pt,0,55,5,60,B55C5,S_249038
D:\Sara\All_DFT_Data,60/B55C5_1/S_66837/graphs.pt,0,55,5,60,B55C5,S_66837
D:\Sara\All_DFT_Data,60/B45C15_4/S_363172/graphs.pt,0,45,15,60,B45C15,S_363172
D:\Sara\All_DFT_Data,120/B107C13_4/S_16412/graphs.pt,0,107,13,120,B107C13,S_16412
D:\Sara\All_DFT_Data,120/B107C13_2/S_162300/graphs.pt,0,107,13,120,B107C13,S_162300
D:\Sara\All_DFT_Data,60/B47C13_1/S_67190/graphs.pt,0,47,13,60,B47C13,S_67190
D:\Sara\All_DFT_Data,15/B12C3_5/S_52966/graphs.pt,0,12,3,15,B12C3,S_52966
D:\Sara\All_DFT_Data,60/B45C15_4/S_178510/graphs.pt,0,45,15,60,B45C15,S_178510
D:\Sara\All_DFT_Data,60/B47C13_1/S_62406/graphs.pt,0,47,13,60,B47C13,S_62406
D:\Sara\All_DFT_Data,60/B47C13_5/S_397854/graphs.pt,0,47,13,60,B47C13,S_397854
D:\Sara\All_DFT_Data,60/B47C13_2/S_51779/graphs.pt,0,47,13,60,B47C13,S_51779
D:\Sara\All_DFT_Data,120/B105C15_5/S_19492/graphs.pt,0,105,15,120,B105C15,S_19492
D:\Sara\All_DFT_Data,120/B107C13_5/S_185125/graphs.pt,0,107,13,120,B107C13,S_185125
D:\Sara\All_DFT_Data,60/B45C15_3/S_221517/graphs.pt,0,45,15,60,B45C15,S_221517
D:\Sara\All_DFT_Data,30/B27C3_1/S_56375/graphs.pt,0,27,3,30,B27C3,S_56375
D:\Sara\All_DFT_Data,30/B23C7_3/S_91883/graphs.pt,0,23,7,30,B23C7,S_91883
D:\Sara\All_DFT_Data,120/B105C15_5/S_212475/graphs.pt,0,105,15,120,B105C15,S_212475
D:\Sara\All_DFT_Data,60/B51C9_5/S_342379/graphs.pt,0,51,9,60,B51C9,S_342379
D:\Sara\All_DFT_Data,15/B11C4_5/S_37525/graphs.pt,0,11,4,15,B11C4,S_37525
D:\Sara\All_DFT_Data\Test_Data,Test17/graphs.pt,1,13,2,15,B13C2,Test17
D:\Sara\All_DFT_Data,120/B103C17_4/S_224971/graphs.pt,0,103,17,120,B103C17,S_224971
D:\Sara\All_DFT_Data,120/B111C9_5/S_277848/graphs.pt,0,111,9,120,B111C9,S_277848
D:\Sara\All_DFT_Data,30/B23C7_5/S_225525/graphs.pt,0,23,7,30,B23C7,S_225525
D:\Sara\All_DFT_Data,15/B11C4_3/S_273284/graphs.pt,0,11,4,15,B11C4,S_273284
D:\Sara\All_DFT_Data,60/B49C11_1/S_332113/graphs.pt,0,49,11,60,B49C11,S_332113
D:\Sara\All_DFT_Data,120/B103C17_5/S_89204/graphs.pt,0,103,17,120,B103C17,S_89204
D:\Sara\All_DFT_Data,15/B13C2_1/S_131967/graphs.pt,0,13,2,15,B13C2,S_131967
D:\Sara\All_DFT_Data\Test_Data,Test41/graphs.pt,1,12,3,15,B12C3,Test41
D:\Sara\All_DFT_Data,120/B105C15_5/S_117023/graphs.pt,0,105,15,120,B105C15,S_117023
D:\Sara\All_DFT_Data,120/B97C23_3/S_169011/graphs.pt,0,97,23,120,B97C23,S_169011
D:\Sara\All_DFT_Data,120/B113C7_1/S_224301/graphs.pt,0,113,7,120,B113C7,S_224301
D:\Sara\All_DFT_Data,120/B111C9_3/S_394631/graphs.pt,0,111,9,120,B111C9,S_394631
D:\Sara\All_DFT_Data,120/B103C17_5/S_220005/graphs.pt,0,103,17,120,B103C17,S_220005
D:\Sara\All_DFT_Data,120/B105C15_5/S_390342/graphs.pt,0,105,15,120,B105C15,S_390342
D:\Sara\All_DFT_Data,15/B11C4_3/S_281958/graphs.pt,0,11,4,15,B11C4,S_281958
D:\Sara\All_DFT_Data,30/B23C7_5/S_93163/graphs.pt,0,23,7,30,B23C7,S_93163
D:\Sara\All_DFT_Data\Test_Data,Test32/graphs.pt,1,12,3,15,B12C3,Test32
D:\Sara\All_DFT_Data\Test_Data,Test82/graphs.pt,1,55,5,60,B55C5,Test82
D:\Sara\All_DFT_Data,30/B25C5_2/S_170309/graphs.pt,0,25,5,30,B25C5,S_170309
D:\Sara\All_DFT_Data,60/B49C11_5/S_219818/graphs.pt,0,49,11,60,B49C11,S_219818
D:\Sara\All_DFT_Data,120/B111C9_4/S_158477/graphs.pt,0,111,9,120,B111C9,S_158477
D:\Sara\All_DFT_Data,120/B103C17_1/S_380024/graphs.pt,0,103,17,120,B103C17,S_380024
D:\Sara\All_DFT_Data,120/B101C19_4/S_361315/graphs.pt,0,101,19,120,B101C19,S_361315
D:\Sara\All_DFT_Data,60/B49C11_1/S_94972/graphs.pt,0,49,11,60,B49C11,S_94972
D:\Sara\All_DFT_Data,60/B45C15_3/S_105536/graphs.pt,0,45,15,60,B45C15,S_105536
D:\Sara\All_DFT_Data,30/B25C5_1/S_191263/graphs.pt,0,25,5,30,B25C5,S_191263
D:\Sara\All_DFT_Data,120/B97C23_5/S_360060/graphs.pt,0,97,23,120,B97C23,S_360060
D:\Sara\All_DFT_Data,120/B105C15_1/S_44196/graphs.pt,0,105,15,120,B105C15,S_44196
D:\Sara\All_DFT_Data,120/B99C21_4/S_176854/graphs.pt,0,99,21,120,B99C21,S_176854
D:\Sara\All_DFT_Data,120/B107C13_3/S_309758/graphs.pt,0,107,13,120,B107C13,S_309758
D:\Sara\All_DFT_Data,60/B49C11_3/S_111206/graphs.pt,0,49,11,60,B49C11,S_111206
D:\Sara\All_DFT_Data,30/B23C7_2/S_176062/graphs.pt,0,23,7,30,B23C7,S_176062
D:\Sara\All_DFT_Data,15/B13C2_4/S_281778/graphs.pt,0,13,2,15,B13C2,S_281778
D:\Sara\All_DFT_Data,120/B97C23_2/S_134737/graphs.pt,0,97,23,120,B97C23,S_134737
D:\Sara\All_DFT_Data,120/B105C15_2/S_363499/graphs.pt,0,105,15,120,B105C15,S_363499
D:\Sara\All_DFT_Data,60/B47C13_1/S_94768/graphs.pt,0,47,13,60,B47C13,S_94768
D:\Sara\All_DFT_Data,60/B55C5_5/S_204860/graphs.pt,0,55,5,60,B55C5,S_204860
D:\Sara\All_DFT_Data,30/B25C5_3/S_137523/graphs.pt,0,25,5,30,B25C5,S_137523
D:\Sara\All_DFT_Data,120/B107C13_1/S_229132/graphs.pt,0,107,13,120,B107C13,S_229132
D:\Sara\All_DFT_Data\Test_Data,Test53/graphs.pt,1,13,2,15,B13C2,Test53
D:\Sara\All_DFT_Data,120/B97C23_5/S_267579/graphs.pt,0,97,23,120,B97C23,S_267579
D:\Sara\All_DFT_Data,15/B14C_1/S_56204/graphs.pt,0,14,1,15,B14C1,S_56204
D:\Sara\All_DFT_Data,120/B103C17_3/S_149611/graphs.pt,0,103,17,120,B103C17,S_149611
D:\Sara\All_DFT_Data,120/B99C21_1/S_301252/graphs.pt,0,99,21,120,B99C21,S_301252
D:\Sara\All_DFT_Data,120/B107C13_2/S_244688/graphs.pt,0,107,13,120,B107C13,S_244688
D:\Sara\All_DFT_Data,30/B27C3_2/S_94577/graphs.pt,0,27,3,30,B27C3,S_94577
D:\Sara\All_DFT_Data,60/B55C5_5/S_245935/graphs.pt,0,55,5,60,B55C5,S_245935
D:\Sara\All_DFT_Data,120/B109C11_3/S_146951/graphs.pt,0,109,11,120,B109C11,S_146951
D:\Sara\All_DFT_Data,60/B51C9_2/S_15002/graphs.pt,0,51,9,60,B51C9,S_15002
D:\Sara\All_DFT_Data,120/B105C15_2/S_110287/graphs.pt,0,105,15,120,B105C15,S_110287
D:\Sara\All_DFT_Data,30/B23C7_1/S_299179/graphs.pt,0,23,7,30,B23C7,S_299179
D:\Sara\All_DFT_Data,60/B47C13_3/S_45980/graphs.pt,0,47,13,60,B47C13,S_45980
D:\Sara\All_DFT_Data,30/B27C3_2/S_75820/graphs.pt,0,27,3,30,B27C3,S_75820
D:\Sara\All_DFT_Data,120/B109C11_5/S_167829/graphs.pt,0,109,11,120,B109C11,S_167829
D:\Sara\All_DFT_Data,120/B103C17_4/S_300733/graphs.pt,0,103,17,120,B103C17,S_300733
D:\Sara\All_DFT_Data,60/B49C11_2/S_258070/graphs.pt,0,49,11,60,B49C11,S_258070
D:\Sara\All_DFT_Data,30/B25C5_1/S_276830/graphs.pt,0,25,5,30,B25C5,S_276830
D:\Sara\All_DFT_Data,120/B113C7_1/S_225669/graphs.pt,0,113,7,120,B113C7,S_225669
D:\Sara\All_DFT_Data,30/B23C7_5/S_196649/graphs.pt,0,23,7,30,B23C7,S_196649
D:\Sara\All_DFT_Data,120/B107C13_2/S_142031/graphs.pt,0,107,13,120,B107C13,S_142031
D:\Sara\All_DFT_Data,120/B109C11_5/S_9365/graphs.pt,0,109,11,120,B109C11,S_9365
D:\Sara\All_DFT_Data,120/B113C7_3/S_244735/graphs.pt,0,113,7,120,B113C7,S_244735
D:\Sara\All_DFT_Data,15/B14C_3/S_278080/graphs.pt,0,14,1,15,B14C1,S_278080
D:\Sara\All_DFT_Data,15/B12C3_2/S_349267/graphs.pt,0,12,3,15,B12C3,S_349267
D:\Sara\All_DFT_Data,120/B103C17_3/S_264132/graphs.pt,0,103,17,120,B103C17,S_264132
D:\Sara\All_DFT_Data,15/B14C_1/S_19088/graphs.pt,0,14,1,15,B14C1,S_19088
D:\Sara\All_DFT_Data,15/B11C4_1/S_54219/graphs.pt,0,11,4,15,B11C4,S_54219
D:\Sara\All_DFT_Data,120/B107C13_3/S_7918/graphs.pt,0,107,13,120,B107C13,S_7918
D:\Sara\All_DFT_Data,120/B113C7_4/S_90999/graphs.pt,0,113,7,120,B113C7,S_90999
D:\Sara\All_DFT_Data,30/B27C3_5/S_156215/graphs.pt,0,27,3,30,B27C3,S_156215
D:\Sara\All_DFT_Data,30/B23C7_2/S_1305/graphs.pt,0,23,7,30,B23C7,S_1305
D:\Sara\All_DFT_Data,30/B23C7_4/S_58663/graphs.pt,0,23,7,30,B23C7,S_58663
D:\Sara\All_DFT_Data,120/B97C23_3/S_292277/graphs.pt,0,97,23,120,B97C23,S_292277
D:\Sara\All_DFT_Data,30/B25C5_1/S_208351/graphs.pt,0,25,5,30,B25C5,S_208351
D:\Sara\All_DFT_Data,120/B105C15_5/S_125363/graphs.pt,0,105,15,120,B105C15,S_125363
D:\Sara\All_DFT_Data,30/B25C5_4/S_9069/graphs.pt,0,25,5,30,B25C5,S_9069
D:\Sara\All_DFT_Data,15/B14C_3/S_332728/graphs.pt,0,14,1,15,B14C1,S_332728
D:\Sara\All_DFT_Data,60/B51C9_5/S_251077/graphs.pt,0,51,9,60,B51C9,S_251077
D:\Sara\All_DFT_Data,60/B49C11_1/S_88054/graphs.pt,0,49,11,60,B49C11,S_88054
D:\Sara\All_DFT_Data,120/B113C7_1/S_264594/graphs.pt,0,113,7,120,B113C7,S_264594
D:\Sara\All_DFT_Data,120/B103C17_4/S_185426/graphs.pt,0,103,17,120,B103C17,S_185426
D:\Sara\All_DFT_Data,60/B45C15_5/S_110330/graphs.pt,0,45,15,60,B45C15,S_110330
D:\Sara\All_DFT_Data,15/B12C3_3/S_242494/graphs.pt,0,12,3,15,B12C3,S_242494
D:\Sara\All_DFT_Data,60/B51C9_3/S_92220/graphs.pt,0,51,9,60,B51C9,S_92220
D:\Sara\All_DFT_Data,120/B109C11_2/S_140776/graphs.pt,0,109,11,120,B109C11,S_140776
D:\Sara\All_DFT_Data,60/B47C13_3/S_235206/graphs.pt,0,47,13,60,B47C13,S_235206
D:\Sara\All_DFT_Data,120/B109C11_2/S_192718/graphs.pt,0,109,11,120,B109C11,S_192718
D:\Sara\All_DFT_Data,60/B49C11_5/S_123635/graphs.pt,0,49,11,60,B49C11,S_123635
D:\Sara\All_DFT_Data,120/B113C7_5/S_395957/graphs.pt,0,113,7,120,B113C7,S_395957
D:\Sara\All_DFT_Data,120/B109C11_2/S_190382/graphs.pt,0,109,11,120,B109C11,S_190382
D:\Sara\All_DFT_Data,60/B53C7_3/S_58563/graphs.pt,0,53,7,60,B53C7,S_58563
D:\Sara\All_DFT_Data,15/B13C2_1/S_98189/graphs.pt,0,13,2,15,B13C2,S_98189
D:\Sara\All_DFT_Data,30/B25C5_2/S_157625/graphs.pt,0,25,5,30,B25C5,S_157625
D:\Sara\All_DFT_Data,60/B53C7_5/S_287944/graphs.pt,0,53,7,60,B53C7,S_287944
D:\Sara\All_DFT_Data,120/B97C23_5/S_208669/graphs.pt,0,97,23,120,B97C23,S_208669
D:\Sara\All_DFT_Data,60/B51C9_2/S_76800/graphs.pt,0,51,9,60,B51C9,S_76800
D:\Sara\All_DFT_Data,120/B111C9_2/S_380956/graphs.pt,0,111,9,120,B111C9,S_380956
D:\Sara\All_DFT_Data,60/B53C7_3/S_203300/graphs.pt,0,53,7,60,B53C7,S_203300
D:\Sara\All_DFT_Data,30/B27C3_3/S_83044/graphs.pt,0,27,3,30,B27C3,S_83044
D:\Sara\All_DFT_Data,60/B49C11_4/S_367643/graphs.pt,0,49,11,60,B49C11,S_367643
D:\Sara\All_DFT_Data,120/B101C19_1/S_252989/graphs.pt,0,101,19,120,B101C19,S_252989
D:\Sara\All_DFT_Data,60/B53C7_5/S_236631/graphs.pt,0,53,7,60,B53C7,S_236631
D:\Sara\All_DFT_Data,30/B27C3_2/S_381816/graphs.pt,0,27,3,30,B27C3,S_381816
D:\Sara\All_DFT_Data,120/B103C17_5/S_48549/graphs.pt,0,103,17,120,B103C17,S_48549
D:\Sara\All_DFT_Data,60/B47C13_1/S_377011/graphs.pt,0,47,13,60,B47C13,S_377011
D:\Sara\All_DFT_Data,120/B103C17_1/S_294307/graphs.pt,0,103,17,120,B103C17,S_294307
D:\Sara\All_DFT_Data,15/B12C3_4/S_173092/graphs.pt,0,12,3,15,B12C3,S_173092
D:\Sara\All_DFT_Data,60/B47C13_4/S_36468/graphs.pt,0,47,13,60,B47C13,S_36468
D:\Sara\All_DFT_Data,60/B49C11_4/S_98710/graphs.pt,0,49,11,60,B49C11,S_98710
D:\Sara\All_DFT_Data,120/B113C7_3/S_216205/graphs.pt,0,113,7,120,B113C7,S_216205
D:\Sara\All_DFT_Data,15/B12C3_4/S_32101/graphs.pt,0,12,3,15,B12C3,S_32101
D:\Sara\All_DFT_Data,15/B11C4_1/S_269328/graphs.pt,0,11,4,15,B11C4,S_269328
D:\Sara\All_DFT_Data,60/B51C9_1/S_5153/graphs.pt,0,51,9,60,B51C9,S_5153
D:\Sara\All_DFT_Data,60/B45C15_1/S_198818/graphs.pt,0,45,15,60,B45C15,S_198818
D:\Sara\All_DFT_Data,120/B109C11_3/S_294390/graphs.pt,0,109,11,120,B109C11,S_294390
D:\Sara\All_DFT_Data,15/B12C3_3/S_31940/graphs.pt,0,12,3,15,B12C3,S_31940
D:\Sara\All_DFT_Data,60/B55C5_5/S_294959/graphs.pt,0,55,5,60,B55C5,S_294959
D:\Sara\All_DFT_Data,120/B105C15_1/S_365034/graphs.pt,0,105,15,120,B105C15,S_365034
D:\Sara\All_DFT_Data,120/B107C13_3/S_98006/graphs.pt,0,107,13,120,B107C13,S_98006
D:\Sara\All_DFT_Data,120/B103C17_2/S_180218/graphs.pt,0,103,17,120,B103C17,S_180218
D:\Sara\All_DFT_Data,15/B12C3_1/S_187139/graphs.pt,0,12,3,15,B12C3,S_187139
D:\Sara\All_DFT_Data,30/B25C5_4/S_60842/graphs.pt,0,25,5,30,B25C5,S_60842
D:\Sara\All_DFT_Data,60/B51C9_5/S_112283/graphs.pt,0,51,9,60,B51C9,S_112283
D:\Sara\All_DFT_Data,30/B27C3_1/S_150942/graphs.pt,0,27,3,30,B27C3,S_150942
D:\Sara\All_DFT_Data,120/B103C17_1/S_13300/graphs.pt,0,103,17,120,B103C17,S_13300
D:\Sara\All_DFT_Data,120/B111C9_3/S_132232/graphs.pt,0,111,9,120,B111C9,S_132232
D:\Sara\All_DFT_Data,30/B27C3_3/S_195954/graphs.pt,0,27,3,30,B27C3,S_195954
D:\Sara\All_DFT_Data,15/B13C2_2/S_349193/graphs.pt,0,13,2,15,B13C2,S_349193
D:\Sara\All_DFT_Data,30/B25C5_1/S_380658/graphs.pt,0,25,5,30,B25C5,S_380658
D:\Sara\All_DFT_Data,120/B109C11_4/S_288067/graphs.pt,0,109,11,120,B109C11,S_288067
D:\Sara\All_DFT_Data,120/B109C11_4/S_12080/graphs.pt,0,109,11,120,B109C11,S_12080
D:\Sara\All_DFT_Data\Test_Data,Test1/graphs.pt,1,12,3,15,B12C3,Test1
D:\Sara\All_DFT_Data,120/B111C9_4/S_385812/graphs.pt,0,111,9,120,B111C9,S_385812
D:\Sara\All_DFT_Data,60/B53C7_4/S_382535/graphs.pt,0,53,7,60,B53C7,S_382535
D:\Sara\All_DFT_Data,15/B12C3_2/S_199409/graphs.pt,0,12,3,15,B12C3,S_199409
D:\Sara\All_DFT_Data,60/B45C15_2/S_296497/graphs.pt,0,45,15,60,B45C15,S_296497
D:\Sara\All_DFT_Data,15/B13C2_5/S_13727/graphs.pt,0,13,2,15,B13C2,S_13727
D:\Sara\All_DFT_Data,30/B25C5_4/S_322410/graphs.pt,0,25,5,30,B25C5,S_322410
D:\Sara\All_DFT_Data,30/B27C3_4/S_258029/graphs.pt,0,27,3,30,B27C3,S_258029
D:\Sara\All_DFT_Data,120/B109C11_1/S_288381/graphs.pt,0,109,11,120,B109C11,S_288381
D:\Sara\All_DFT_Data,120/B97C23_5/S_7725/graphs.pt,0,97,23,120,B97C23,S_7725
D:\Sara\All_DFT_Data,120/B99C21_5/S_288147/graphs.pt,0,99,21,120,B99C21,S_288147
D:\Sara\All_DFT_Data,15/B13C2_4/S_48123/graphs.pt,0,13,2,15,B13C2,S_48123
D:\Sara\All_DFT_Data,120/B103C17_4/S_182526/graphs.pt,0,103,17,120,B103C17,S_182526
D:\Sara\All_DFT_Data,15/B13C2_3/S_302895/graphs.pt,0,13,2,15,B13C2,S_302895
D:\Sara\All_DFT_Data,30/B27C3_2/S_379249/graphs.pt,0,27,3,30,B27C3,S_379249
D:\Sara\All_DFT_Data,60/B51C9_2/S_71214/graphs.pt,0,51,9,60,B51C9,S_71214
D:\Sara\All_DFT_Data,120/B105C15_5/S_157010/graphs.pt,0,105,15,120,B105C15,S_157010
D:\Sara\All_DFT_Data,120/B97C23_4/S_340509/graphs.pt,0,97,23,120,B97C23,S_340509
D:\Sara\All_DFT_Data,15/B13C2_4/S_189374/graphs.pt,0,13,2,15,B13C2,S_189374
D:\Sara\All_DFT_Data,60/B55C5_1/S_311152/graphs.pt,0,55,5,60,B55C5,S_311152
D:\Sara\All_DFT_Data,120/B99C21_1/S_354441/graphs.pt,0,99,21,120,B99C21,S_354441
D:\Sara\All_DFT_Data,60/B51C9_2/S_199825/graphs.pt,0,51,9,60,B51C9,S_199825
D:\Sara\All_DFT_Data,120/B109C11_2/S_261716/graphs.pt,0,109,11,120,B109C11,S_261716
D:\Sara\All_DFT_Data,15/B11C4_4/S_243216/graphs.pt,0,11,4,15,B11C4,S_243216
D:\Sara\All_DFT_Data,15/B14C_5/S_95945/graphs.pt,0,14,1,15,B14C1,S_95945
D:\Sara\All_DFT_Data,120/B109C11_3/S_292833/graphs.pt,0,109,11,120,B109C11,S_292833
D:\Sara\All_DFT_Data,120/B97C23_3/S_138925/graphs.pt,0,97,23,120,B97C23,S_138925
D:\Sara\All_DFT_Data,120/B105C15_1/S_394533/graphs.pt,0,105,15,120,B105C15,S_394533
D:\Sara\All_DFT_Data,60/B55C5_4/S_399825/graphs.pt,0,55,5,60,B55C5,S_399825
D:\Sara\All_DFT_Data,15/B13C2_3/S_310998/graphs.pt,0,13,2,15,B13C2,S_310998
D:\Sara\All_DFT_Data,30/B25C5_4/S_357329/graphs.pt,0,25,5,30,B25C5,S_357329
D:\Sara\All_DFT_Data,60/B55C5_2/S_175110/graphs.pt,0,55,5,60,B55C5,S_175110
D:\Sara\All_DFT_Data,120/B101C19_1/S_335337/graphs.pt,0,101,19,120,B101C19,S_335337
D:\Sara\All_DFT_Data\Test_Data,Test78/graphs.pt,1,47,13,60,B47C13,Test78
D:\Sara\All_DFT_Data,30/B25C5_4/S_319718/graphs.pt,0,25,5,30,B25C5,S_319718
D:\Sara\All_DFT_Data,30/B25C5_2/S_118075/graphs.pt,0,25,5,30,B25C5,S_118075
D:\Sara\All_DFT_Data,120/B111C9_5/S_63582/graphs.pt,0,111,9,120,B111C9,S_63582
D:\Sara\All_DFT_Data,120/B99C21_2/S_34675/graphs.pt,0,99,21,120,B99C21,S_34675
D:\Sara\All_DFT_Data,120/B105C15_1/S_67607/graphs.pt,0,105,15,120,B105C15,S_67607
D:\Sara\All_DFT_Data,30/B27C3_3/S_136770/graphs.pt,0,27,3,30,B27C3,S_136770
D:\Sara\All_DFT_Data,15/B11C4_1/S_285642/graphs.pt,0,11,4,15,B11C4,S_285642
D:\Sara\All_DFT_Data,120/B103C17_2/S_365894/graphs.pt,0,103,17,120,B103C17,S_365894
D:\Sara\All_DFT_Data,120/B105C15_1/S_91812/graphs.pt,0,105,15,120,B105C15,S_91812
D:\Sara\All_DFT_Data,120/B111C9_1/S_302744/graphs.pt,0,111,9,120,B111C9,S_302744
D:\Sara\All_DFT_Data,120/B97C23_1/S_373005/graphs.pt,0,97,23,120,B97C23,S_373005
D:\Sara\All_DFT_Data,60/B51C9_5/S_289121/graphs.pt,0,51,9,60,B51C9,S_289121
D:\Sara\All_DFT_Data,60/B53C7_2/S_393791/graphs.pt,0,53,7,60,B53C7,S_393791
D:\Sara\All_DFT_Data,120/B107C13_3/S_40026/graphs.pt,0,107,13,120,B107C13,S_40026
D:\Sara\All_DFT_Data,30/B27C3_5/S_344190/graphs.pt,0,27,3,30,B27C3,S_344190
D:\Sara\All_DFT_Data,15/B14C_4/S_131700/graphs.pt,0,14,1,15,B14C1,S_131700
D:\Sara\All_DFT_Data,60/B53C7_5/S_746/graphs.pt,0,53,7,60,B53C7,S_746
D:\Sara\All_DFT_Data,15/B11C4_4/S_389389/graphs.pt,0,11,4,15,B11C4,S_389389
D:\Sara\All_DFT_Data,120/B97C23_2/S_193013/graphs.pt,0,97,23,120,B97C23,S_193013
D:\Sara\All_DFT_Data,60/B53C7_3/S_214711/graphs.pt,0,53,7,60,B53C7,S_214711
D:\Sara\All_DFT_Data,120/B109C11_3/S_122693/graphs.pt,0,109,11,120,B109C11,S_122693
D:\Sara\All_DFT_Data,120/B113C7_1/S_74878/graphs.pt,0,113,7,120,B113C7,S_74878
D:\Sara\All_DFT_Data,120/B111C9_1/S_216717/graphs.pt,0,111,9,120,B111C9,S_216717
D:\Sara\All_DFT_Data,120/B103C17_2/S_22404/graphs.pt,0,103,17,120,B103C17,S_22404
D:\Sara\All_DFT_Data,15/B11C4_4/S_7893/graphs.pt,0,11,4,15,B11C4,S_7893
D:\Sara\All_DFT_Data,15/B11C4_5/S_232419/graphs.pt,0,11,4,15,B11C4,S_232419
D:\Sara\All_DFT_Data,15/B11C4_4/S_290753/graphs.pt,0,11,4,15,B11C4,S_290753
D:\Sara\All_DFT_Data,15/B12C3_5/S_660/graphs.pt,0,12,3,15,B12C3,S_660
D:\Sara\All_DFT_Data,15/B14C_2/S_236426/graphs.pt,0,14,1,15,B14C1,S_236426
D:\Sara\All_DFT_Data,15/B14C_1/S_243179/graphs.pt,0,14,1,15,B14C1,S_243179
D:\Sara\All_DFT_Data\Test_Data,Test75/graphs.pt,1,25,5,30,B25C5,Test75
D:\Sara\All_DFT_Data,30/B23C7_4/S_25308/graphs.pt,0,23,7,30,B23C7,S_25308
D:\Sara\All_DFT_Data,120/B113C7_1/S_86025/graphs.pt,0,113,7,120,B113C7,S_86025
D:\Sara\All_DFT_Data,120/B97C23_2/S_344921/graphs.pt,0,97,23,120,B97C23,S_344921
D:\Sara\All_DFT_Data,60/B51C9_1/S_241433/graphs.pt,0,51,9,60,B51C9,S_241433
D:\Sara\All_DFT_Data,120/B99C21_2/S_290146/graphs.pt,0,99,21,120,B99C21,S_290146
D:\Sara\All_DFT_Data,120/B101C19_5/S_18769/graphs.pt,0,101,19,120,B101C19,S_18769
D:\Sara\All_DFT_Data,120/B109C11_3/S_163756/graphs.pt,0,109,11,120,B109C11,S_163756
D:\Sara\All_DFT_Data,120/B97C23_3/S_23371/graphs.pt,0,97,23,120,B97C23,S_23371
D:\Sara\All_DFT_Data,120/B109C11_3/S_186344/graphs.pt,0,109,11,120,B109C11,S_186344
D:\Sara\All_DFT_Data,120/B111C9_5/S_57500/graphs.pt,0,111,9,120,B111C9,S_57500
D:\Sara\All_DFT_Data,30/B27C3_4/S_191241/graphs.pt,0,27,3,30,B27C3,S_191241
D:\Sara\All_DFT_Data,60/B53C7_3/S_292605/graphs.pt,0,53,7,60,B53C7,S_292605
D:\Sara\All_DFT_Data,120/B109C11_1/S_78305/graphs.pt,0,109,11,120,B109C11,S_78305
D:\Sara\All_DFT_Data,15/B13C2_2/S_128126/graphs.pt,0,13,2,15,B13C2,S_128126
D:\Sara\All_DFT_Data,120/B105C15_4/S_190255/graphs.pt,0,105,15,120,B105C15,S_190255
D:\Sara\All_DFT_Data,120/B105C15_2/S_289064/graphs.pt,0,105,15,120,B105C15,S_289064
D:\Sara\All_DFT_Data,60/B53C7_3/S_338844/graphs.pt,0,53,7,60,B53C7,S_338844
D:\Sara\All_DFT_Data,15/B13C2_2/S_259697/graphs.pt,0,13,2,15,B13C2,S_259697
D:\Sara\All_DFT_Data,120/B97C23_4/S_130996/graphs.pt,0,97,23,120,B97C23,S_130996
D:\Sara\All_DFT_Data,30/B25C5_4/S_273158/graphs.pt,0,25,5,30,B25C5,S_273158
D:\Sara\All_DFT_Data,30/B25C5_2/S_28510/graphs.pt,0,25,5,30,B25C5,S_28510
D:\Sara\All_DFT_Data,120/B97C23_2/S_225416/graphs.pt,0,97,23,120,B97C23,S_225416
D:\Sara\All_DFT_Data,60/B47C13_4/S_146440/graphs.pt,0,47,13,60,B47C13,S_146440
D:\Sara\All_DFT_Data,60/B47C13_2/S_109519/graphs.pt,0,47,13,60,B47C13,S_109519
D:\Sara\All_DFT_Data,120/B111C9_2/S_70346/graphs.pt,0,111,9,120,B111C9,S_70346
D:\Sara\All_DFT_Data,120/B113C7_2/S_295340/graphs.pt,0,113,7,120,B113C7,S_295340
D:\Sara\All_DFT_Data,120/B103C17_4/S_397733/graphs.pt,0,103,17,120,B103C17,S_397733
D:\Sara\All_DFT_Data,120/B109C11_1/S_357603/graphs.pt,0,109,11,120,B109C11,S_357603
D:\Sara\All_DFT_Data,15/B14C_2/S_314186/graphs.pt,0,14,1,15,B14C1,S_314186
D:\Sara\All_DFT_Data,60/B51C9_1/S_381587/graphs.pt,0,51,9,60,B51C9,S_381587
D:\Sara\All_DFT_Data,15/B14C_2/S_212896/graphs.pt,0,14,1,15,B14C1,S_212896
D:\Sara\All_DFT_Data,60/B51C9_5/S_122401/graphs.pt,0,51,9,60,B51C9,S_122401
D:\Sara\All_DFT_Data,15/B11C4_1/S_290142/graphs.pt,0,11,4,15,B11C4,S_290142
D:\Sara\All_DFT_Data,60/B51C9_4/S_273454/graphs.pt,0,51,9,60,B51C9,S_273454
D:\Sara\All_DFT_Data,15/B11C4_1/S_51151/graphs.pt,0,11,4,15,B11C4,S_51151
D:\Sara\All_DFT_Data,60/B49C11_4/S_60437/graphs.pt,0,49,11,60,B49C11,S_60437
D:\Sara\All_DFT_Data,120/B107C13_4/S_22394/graphs.pt,0,107,13,120,B107C13,S_22394
D:\Sara\All_DFT_Data,120/B107C13_4/S_377905/graphs.pt,0,107,13,120,B107C13,S_377905
D:\Sara\All_DFT_Data,60/B55C5_1/S_363547/graphs.pt,0,55,5,60,B55C5,S_363547
D:\Sara\All_DFT_Data,120/B113C7_3/S_157643/graphs.pt,0,113,7,120,B113C7,S_157643
D:\Sara\All_DFT_Data,15/B12C3_1/S_385192/graphs.pt,0,12,3,15,B12C3,S_385192
D:\Sara\All_DFT_Data,120/B113C7_1/S_64935/graphs.pt,0,113,7,120,B113C7,S_64935
D:\Sara\All_DFT_Data,30/B23C7_4/S_145331/graphs.pt,0,23,7,30,B23C7,S_145331
D:\Sara\All_DFT_Data,30/B27C3_1/S_390135/graphs.pt,0,27,3,30,B27C3,S_390135
D:\Sara\All_DFT_Data,15/B14C_4/S_350223/graphs.pt,0,14,1,15,B14C1,S_350223
D:\Sara\All_DFT_Data,120/B99C21_3/S_114632/graphs.pt,0,99,21,120,B99C21,S_114632
D:\Sara\All_DFT_Data,120/B107C13_4/S_166847/graphs.pt,0,107,13,120,B107C13,S_166847
D:\Sara\All_DFT_Data,15/B13C2_4/S_73432/graphs.pt,0,13,2,15,B13C2,S_73432
D:\Sara\All_DFT_Data\Test_Data,Test9/graphs.pt,1,11,4,15,B11C4,Test9
D:\Sara\All_DFT_Data,60/B45C15_2/S_180084/graphs.pt,0,45,15,60,B45C15,S_180084
D:\Sara\All_DFT_Data,60/B55C5_4/S_375255/graphs.pt,0,55,5,60,B55C5,S_375255
D:\Sara\All_DFT_Data,60/B49C11_3/S_158709/graphs.pt,0,49,11,60,B49C11,S_158709
D:\Sara\All_DFT_Data\Test_Data,Test52/graphs.pt,1,13,2,15,B13C2,Test52
D:\Sara\All_DFT_Data\Test_Data,Test60/graphs.pt,1,12,3,15,B12C3,Test60
D:\Sara\All_DFT_Data,60/B47C13_1/S_115404/graphs.pt,0,47,13,60,B47C13,S_115404
D:\Sara\All_DFT_Data,30/B27C3_5/S_311200/graphs.pt,0,27,3,30,B27C3,S_311200
D:\Sara\All_DFT_Data,120/B107C13_3/S_37066/graphs.pt,0,107,13,120,B107C13,S_37066
D:\Sara\All_DFT_Data,120/B111C9_4/S_121710/graphs.pt,0,111,9,120,B111C9,S_121710
D:\Sara\All_DFT_Data,60/B51C9_3/S_42766/graphs.pt,0,51,9,60,B51C9,S_42766
D:\Sara\All_DFT_Data,15/B12C3_2/S_205122/graphs.pt,0,12,3,15,B12C3,S_205122
D:\Sara\All_DFT_Data,120/B105C15_2/S_316979/graphs.pt,0,105,15,120,B105C15,S_316979
D:\Sara\All_DFT_Data,120/B97C23_3/S_92055/graphs.pt,0,97,23,120,B97C23,S_92055
D:\Sara\All_DFT_Data,120/B107C13_3/S_224303/graphs.pt,0,107,13,120,B107C13,S_224303
D:\Sara\All_DFT_Data,60/B47C13_5/S_165401/graphs.pt,0,47,13,60,B47C13,S_165401
D:\Sara\All_DFT_Data,15/B13C2_4/S_87770/graphs.pt,0,13,2,15,B13C2,S_87770
D:\Sara\All_DFT_Data,120/B103C17_2/S_270123/graphs.pt,0,103,17,120,B103C17,S_270123
D:\Sara\All_DFT_Data,60/B47C13_5/S_40842/graphs.pt,0,47,13,60,B47C13,S_40842
D:\Sara\All_DFT_Data,15/B14C_1/S_17355/graphs.pt,0,14,1,15,B14C1,S_17355
D:\Sara\All_DFT_Data,60/B49C11_5/S_15797/graphs.pt,0,49,11,60,B49C11,S_15797
D:\Sara\All_DFT_Data,120/B111C9_4/S_374875/graphs.pt,0,111,9,120,B111C9,S_374875
D:\Sara\All_DFT_Data,60/B47C13_2/S_210070/graphs.pt,0,47,13,60,B47C13,S_210070
D:\Sara\All_DFT_Data,120/B97C23_2/S_273074/graphs.pt,0,97,23,120,B97C23,S_273074
D:\Sara\All_DFT_Data,120/B113C7_3/S_164357/graphs.pt,0,113,7,120,B113C7,S_164357
D:\Sara\All_DFT_Data,60/B47C13_5/S_238126/graphs.pt,0,47,13,60,B47C13,S_238126
D:\Sara\All_DFT_Data,120/B99C21_5/S_183372/graphs.pt,0,99,21,120,B99C21,S_183372
D:\Sara\All_DFT_Data,120/B105C15_3/S_44423/graphs.pt,0,105,15,120,B105C15,S_44423
D:\Sara\All_DFT_Data,120/B111C9_4/S_233063/graphs.pt,0,111,9,120,B111C9,S_233063
D:\Sara\All_DFT_Data,120/B103C17_5/S_338885/graphs.pt,0,103,17,120,B103C17,S_338885
D:\Sara\All_DFT_Data\Test_Data,Test20/graphs.pt,1,12,3,15,B12C3,Test20
D:\Sara\All_DFT_Data,120/B105C15_5/S_327769/graphs.pt,0,105,15,120,B105C15,S_327769
D:\Sara\All_DFT_Data,120/B113C7_2/S_100629/graphs.pt,0,113,7,120,B113C7,S_100629
D:\Sara\All_DFT_Data,15/B11C4_1/S_350442/graphs.pt,0,11,4,15,B11C4,S_350442
D:\Sara\All_DFT_Data,60/B47C13_3/S_169991/graphs.pt,0,47,13,60,B47C13,S_169991
D:\Sara\All_DFT_Data,30/B25C5_5/S_256559/graphs.pt,0,25,5,30,B25C5,S_256559
D:\Sara\All_DFT_Data,60/B55C5_1/S_338810/graphs.pt,0,55,5,60,B55C5,S_338810
D:\Sara\All_DFT_Data,120/B105C15_2/S_389540/graphs.pt,0,105,15,120,B105C15,S_389540
D:\Sara\All_DFT_Data,120/B109C11_5/S_239997/graphs.pt,0,109,11,120,B109C11,S_239997
D:\Sara\All_DFT_Data,15/B13C2_3/S_241526/graphs.pt,0,13,2,15,B13C2,S_241526
D:\Sara\All_DFT_Data,120/B107C13_5/S_281326/graphs.pt,0,107,13,120,B107C13,S_281326
D:\Sara\All_DFT_Data,120/B109C11_1/S_326048/graphs.pt,0,109,11,120,B109C11,S_326048
D:\Sara\All_DFT_Data\Test_Data,Test93/graphs.pt,1,99,21,120,B99C21,Test93
D:\Sara\All_DFT_Data,30/B23C7_1/S_93378/graphs.pt,0,23,7,30,B23C7,S_93378
D:\Sara\All_DFT_Data,120/B109C11_3/S_245362/graphs.pt,0,109,11,120,B109C11,S_245362
D:\Sara\All_DFT_Data,120/B101C19_2/S_169293/graphs.pt,0,101,19,120,B101C19,S_169293
D:\Sara\All_DFT_Data,60/B47C13_1/S_271108/graphs.pt,0,47,13,60,B47C13,S_271108
D:\Sara\All_DFT_Data,120/B113C7_5/S_245124/graphs.pt,0,113,7,120,B113C7,S_245124
D:\Sara\All_DFT_Data\Test_Data,Test95/graphs.pt,1,12,3,15,B12C3,Test95
D:\Sara\All_DFT_Data,15/B12C3_3/S_41699/graphs.pt,0,12,3,15,B12C3,S_41699
D:\Sara\All_DFT_Data,120/B101C19_1/S_28944/graphs.pt,0,101,19,120,B101C19,S_28944
D:\Sara\All_DFT_Data\Test_Data,Test44/graphs.pt,1,11,4,15,B11C4,Test44
D:\Sara\All_DFT_Data,60/B47C13_1/S_74459/graphs.pt,0,47,13,60,B47C13,S_74459
D:\Sara\All_DFT_Data,30/B27C3_1/S_73521/graphs.pt,0,27,3,30,B27C3,S_73521
D:\Sara\All_DFT_Data,120/B103C17_3/S_208046/graphs.pt,0,103,17,120,B103C17,S_208046
D:\Sara\All_DFT_Data,120/B99C21_4/S_346582/graphs.pt,0,99,21,120,B99C21,S_346582
D:\Sara\All_DFT_Data,60/B47C13_1/S_183861/graphs.pt,0,47,13,60,B47C13,S_183861
D:\Sara\All_DFT_Data,120/B111C9_5/S_59610/graphs.pt,0,111,9,120,B111C9,S_59610
D:\Sara\All_DFT_Data,60/B55C5_5/S_230755/graphs.pt,0,55,5,60,B55C5,S_230755
D:\Sara\All_DFT_Data,120/B105C15_5/S_155491/graphs.pt,0,105,15,120,B105C15,S_155491
D:\Sara\All_DFT_Data,120/B107C13_3/S_383678/graphs.pt,0,107,13,120,B107C13,S_383678
D:\Sara\All_DFT_Data,60/B51C9_2/S_86051/graphs.pt,0,51,9,60,B51C9,S_86051
D:\Sara\All_DFT_Data,60/B51C9_2/S_82031/graphs.pt,0,51,9,60,B51C9,S_82031
D:\Sara\All_DFT_Data,120/B105C15_4/S_325416/graphs.pt,0,105,15,120,B105C15,S_325416
D:\Sara\All_DFT_Data,120/B103C17_2/S_128550/graphs.pt,0,103,17,120,B103C17,S_128550
D:\Sara\All_DFT_Data,15/B14C_4/S_160971/graphs.pt,0,14,1,15,B14C1,S_160971
D:\Sara\All_DFT_Data,120/B111C9_3/S_16189/graphs.pt,0,111,9,120,B111C9,S_16189
D:\Sara\All_DFT_Data,120/B99C21_4/S_163074/graphs.pt,0,99,21,120,B99C21,S_163074
D:\Sara\All_DFT_Data,60/B53C7_1/S_375220/graphs.pt,0,53,7,60,B53C7,S_375220
D:\Sara\All_DFT_Data,30/B27C3_5/S_313131/graphs.pt,0,27,3,30,B27C3,S_313131
D:\Sara\All_DFT_Data,120/B107C13_3/S_317469/graphs.pt,0,107,13,120,B107C13,S_317469
D:\Sara\All_DFT_Data,30/B25C5_3/S_327095/graphs.pt,0,25,5,30,B25C5,S_327095
D:\Sara\All_DFT_Data,120/B107C13_5/S_389593/graphs.pt,0,107,13,120,B107C13,S_389593
D:\Sara\All_DFT_Data,120/B99C21_4/S_86204/graphs.pt,0,99,21,120,B99C21,S_86204
D:\Sara\All_DFT_Data,120/B97C23_1/S_348415/graphs.pt,0,97,23,120,B97C23,S_348415
D:\Sara\All_DFT_Data,120/B97C23_2/S_16597/graphs.pt,0,97,23,120,B97C23,S_16597
D:\Sara\All_DFT_Data,120/B113C7_4/S_201520/graphs.pt,0,113,7,120,B113C7,S_201520
D:\Sara\All_DFT_Data,60/B55C5_3/S_250504/graphs.pt,0,55,5,60,B55C5,S_250504
D:\Sara\All_DFT_Data,15/B13C2_1/S_388982/graphs.pt,0,13,2,15,B13C2,S_388982
D:\Sara\All_DFT_Data,60/B53C7_4/S_273363/graphs.pt,0,53,7,60,B53C7,S_273363
D:\Sara\All_DFT_Data,30/B25C5_3/S_70179/graphs.pt,0,25,5,30,B25C5,S_70179
D:\Sara\All_DFT_Data,15/B12C3_1/S_332249/graphs.pt,0,12,3,15,B12C3,S_332249
D:\Sara\All_DFT_Data,30/B27C3_3/S_6916/graphs.pt,0,27,3,30,B27C3,S_6916
D:\Sara\All_DFT_Data,15/B14C_4/S_62334/graphs.pt,0,14,1,15,B14C1,S_62334
D:\Sara\All_DFT_Data,120/B101C19_2/S_333076/graphs.pt,0,101,19,120,B101C19,S_333076
D:\Sara\All_DFT_Data,60/B47C13_5/S_154221/graphs.pt,0,47,13,60,B47C13,S_154221
D:\Sara\All_DFT_Data,120/B113C7_5/S_10024/graphs.pt,0,113,7,120,B113C7,S_10024
D:\Sara\All_DFT_Data,120/B111C9_3/S_199101/graphs.pt,0,111,9,120,B111C9,S_199101
D:\Sara\All_DFT_Data,30/B23C7_1/S_146902/graphs.pt,0,23,7,30,B23C7,S_146902
D:\Sara\All_DFT_Data,120/B101C19_4/S_93443/graphs.pt,0,101,19,120,B101C19,S_93443
D:\Sara\All_DFT_Data,120/B99C21_1/S_345902/graphs.pt,0,99,21,120,B99C21,S_345902
D:\Sara\All_DFT_Data,60/B55C5_2/S_132978/graphs.pt,0,55,5,60,B55C5,S_132978
D:\Sara\All_DFT_Data,60/B47C13_3/S_280959/graphs.pt,0,47,13,60,B47C13,S_280959
D:\Sara\All_DFT_Data,60/B53C7_4/S_240480/graphs.pt,0,53,7,60,B53C7,S_240480
D:\Sara\All_DFT_Data,120/B111C9_3/S_329002/graphs.pt,0,111,9,120,B111C9,S_329002
D:\Sara\All_DFT_Data,60/B49C11_4/S_327986/graphs.pt,0,49,11,60,B49C11,S_327986
D:\Sara\All_DFT_Data,120/B111C9_2/S_85368/graphs.pt,0,111,9,120,B111C9,S_85368
D:\Sara\All_DFT_Data,120/B107C13_3/S_354624/graphs.pt,0,107,13,120,B107C13,S_354624
D:\Sara\All_DFT_Data,120/B103C17_3/S_14895/graphs.pt,0,103,17,120,B103C17,S_14895
D:\Sara\All_DFT_Data,15/B13C2_5/S_180136/graphs.pt,0,13,2,15,B13C2,S_180136
D:\Sara\All_DFT_Data\Test_Data,Test24/graphs.pt,1,11,4,15,B11C4,Test24
D:\Sara\All_DFT_Data,60/B45C15_3/S_25684/graphs.pt,0,45,15,60,B45C15,S_25684
D:\Sara\All_DFT_Data,120/B111C9_5/S_27784/graphs.pt,0,111,9,120,B111C9,S_27784
D:\Sara\All_DFT_Data,60/B51C9_5/S_12806/graphs.pt,0,51,9,60,B51C9,S_12806
D:\Sara\All_DFT_Data,15/B14C_1/S_24487/graphs.pt,0,14,1,15,B14C1,S_24487
D:\Sara\All_DFT_Data,120/B109C11_5/S_205168/graphs.pt,0,109,11,120,B109C11,S_205168
D:\Sara\All_DFT_Data,60/B55C5_2/S_336908/graphs.pt,0,55,5,60,B55C5,S_336908
D:\Sara\All_DFT_Data,30/B23C7_3/S_277393/graphs.pt,0,23,7,30,B23C7,S_277393
D:\Sara\All_DFT_Data,120/B113C7_5/S_292182/graphs.pt,0,113,7,120,B113C7,S_292182
D:\Sara\All_DFT_Data,120/B111C9_2/S_304470/graphs.pt,0,111,9,120,B111C9,S_304470
D:\Sara\All_DFT_Data,120/B107C13_4/S_27149/graphs.pt,0,107,13,120,B107C13,S_27149
D:\Sara\All_DFT_Data,30/B23C7_5/S_65449/graphs.pt,0,23,7,30,B23C7,S_65449
D:\Sara\All_DFT_Data,120/B111C9_1/S_109193/graphs.pt,0,111,9,120,B111C9,S_109193
D:\Sara\All_DFT_Data,120/B103C17_4/S_298956/graphs.pt,0,103,17,120,B103C17,S_298956
D:\Sara\All_DFT_Data,120/B111C9_4/S_288903/graphs.pt,0,111,9,120,B111C9,S_288903
D:\Sara\All_DFT_Data,120/B109C11_4/S_32267/graphs.pt,0,109,11,120,B109C11,S_32267
D:\Sara\All_DFT_Data,120/B109C11_4/S_90882/graphs.pt,0,109,11,120,B109C11,S_90882
D:\Sara\All_DFT_Data,15/B12C3_3/S_116510/graphs.pt,0,12,3,15,B12C3,S_116510
D:\Sara\All_DFT_Data,120/B111C9_2/S_30014/graphs.pt,0,111,9,120,B111C9,S_30014
D:\Sara\All_DFT_Data,60/B55C5_4/S_22910/graphs.pt,0,55,5,60,B55C5,S_22910
D:\Sara\All_DFT_Data,120/B101C19_5/S_306481/graphs.pt,0,101,19,120,B101C19,S_306481
D:\Sara\All_DFT_Data,60/B55C5_2/S_119574/graphs.pt,0,55,5,60,B55C5,S_119574
D:\Sara\All_DFT_Data,15/B11C4_1/S_79891/graphs.pt,0,11,4,15,B11C4,S_79891
D:\Sara\All_DFT_Data,60/B45C15_2/S_66895/graphs.pt,0,45,15,60,B45C15,S_66895
D:\Sara\All_DFT_Data,120/B107C13_1/S_62720/graphs.pt,0,107,13,120,B107C13,S_62720
D:\Sara\All_DFT_Data,120/B99C21_5/S_335272/graphs.pt,0,99,21,120,B99C21,S_335272
D:\Sara\All_DFT_Data,30/B25C5_3/S_149298/graphs.pt,0,25,5,30,B25C5,S_149298
D:\Sara\All_DFT_Data,120/B105C15_1/S_386724/graphs.pt,0,105,15,120,B105C15,S_386724
D:\Sara\All_DFT_Data,120/B97C23_1/S_231495/graphs.pt,0,97,23,120,B97C23,S_231495
D:\Sara\All_DFT_Data,30/B27C3_1/S_327302/graphs.pt,0,27,3,30,B27C3,S_327302
D:\Sara\All_DFT_Data,15/B13C2_2/S_90533/graphs.pt,0,13,2,15,B13C2,S_90533
D:\Sara\All_DFT_Data,60/B55C5_5/S_291854/graphs.pt,0,55,5,60,B55C5,S_291854
D:\Sara\All_DFT_Data,120/B109C11_2/S_347114/graphs.pt,0,109,11,120,B109C11,S_347114
D:\Sara\All_DFT_Data,15/B14C_1/S_338030/graphs.pt,0,14,1,15,B14C1,S_338030
D:\Sara\All_DFT_Data,15/B11C4_5/S_378813/graphs.pt,0,11,4,15,B11C4,S_378813
D:\Sara\All_DFT_Data,120/B99C21_3/S_301451/graphs.pt,0,99,21,120,B99C21,S_301451
D:\Sara\All_DFT_Data,30/B25C5_3/S_354154/graphs.pt,0,25,5,30,B25C5,S_354154
D:\Sara\All_DFT_Data,60/B49C11_3/S_306817/graphs.pt,0,49,11,60,B49C11,S_306817
D:\Sara\All_DFT_Data,60/B55C5_2/S_377189/graphs.pt,0,55,5,60,B55C5,S_377189
D:\Sara\All_DFT_Data,15/B12C3_1/S_97542/graphs.pt,0,12,3,15,B12C3,S_97542
D:\Sara\All_DFT_Data,60/B45C15_4/S_3911/graphs.pt,0,45,15,60,B45C15,S_3911
D:\Sara\All_DFT_Data,60/B49C11_3/S_357416/graphs.pt,0,49,11,60,B49C11,S_357416
D:\Sara\All_DFT_Data,60/B45C15_5/S_390077/graphs.pt,0,45,15,60,B45C15,S_390077
D:\Sara\All_DFT_Data,60/B53C7_3/S_48071/graphs.pt,0,53,7,60,B53C7,S_48071
D:\Sara\All_DFT_Data,120/B97C23_2/S_62495/graphs.pt,0,97,23,120,B97C23,S_62495
D:\Sara\All_DFT_Data,120/B101C19_1/S_116579/graphs.pt,0,101,19,120,B101C19,S_116579
D:\Sara\All_DFT_Data,120/B99C21_3/S_16718/graphs.pt,0,99,21,120,B99C21,S_16718
D:\Sara\All_DFT_Data,120/B111C9_3/S_158186/graphs.pt,0,111,9,120,B111C9,S_158186
D:\Sara\All_DFT_Data,60/B51C9_4/S_331651/graphs.pt,0,51,9,60,B51C9,S_331651
D:\Sara\All_DFT_Data\Test_Data,Test29/graphs.pt,1,12,3,15,B12C3,Test29
D:\Sara\All_DFT_Data,120/B109C11_4/S_165923/graphs.pt,0,109,11,120,B109C11,S_165923
D:\Sara\All_DFT_Data,30/B25C5_2/S_199521/graphs.pt,0,25,5,30,B25C5,S_199521
D:\Sara\All_DFT_Data,120/B101C19_5/S_39850/graphs.pt,0,101,19,120,B101C19,S_39850
D:\Sara\All_DFT_Data,30/B25C5_2/S_208139/graphs.pt,0,25,5,30,B25C5,S_208139
D:\Sara\All_DFT_Data,120/B105C15_2/S_341853/graphs.pt,0,105,15,120,B105C15,S_341853
D:\Sara\All_DFT_Data,60/B55C5_4/S_281387/graphs.pt,0,55,5,60,B55C5,S_281387
D:\Sara\All_DFT_Data,120/B103C17_5/S_394603/graphs.pt,0,103,17,120,B103C17,S_394603
D:\Sara\All_DFT_Data,120/B99C21_3/S_177413/graphs.pt,0,99,21,120,B99C21,S_177413
D:\Sara\All_DFT_Data,15/B11C4_3/S_231211/graphs.pt,0,11,4,15,B11C4,S_231211
D:\Sara\All_DFT_Data,15/B12C3_1/S_369889/graphs.pt,0,12,3,15,B12C3,S_369889
D:\Sara\All_DFT_Data,60/B47C13_2/S_280287/graphs.pt,0,47,13,60,B47C13,S_280287
D:\Sara\All_DFT_Data,15/B12C3_4/S_383384/graphs.pt,0,12,3,15,B12C3,S_383384
D:\Sara\All_DFT_Data,120/B101C19_4/S_217668/graphs.pt,0,101,19,120,B101C19,S_217668
D:\Sara\All_DFT_Data,60/B45C15_3/S_301892/graphs.pt,0,45,15,60,B45C15,S_301892
D:\Sara\All_DFT_Data,120/B97C23_5/S_19545/graphs.pt,0,97,23,120,B97C23,S_19545
D:\Sara\All_DFT_Data\Test_Data,Test61/graphs.pt,1,11,4,15,B11C4,Test61
D:\Sara\All_DFT_Data\Test_Data,Test23/graphs.pt,1,13,2,15,B13C2,Test23
D:\Sara\All_DFT_Data,15/B14C_4/S_102693/graphs.pt,0,14,1,15,B14C1,S_102693
D:\Sara\All_DFT_Data,120/B107C13_4/S_159500/graphs.pt,0,107,13,120,B107C13,S_159500
D:\Sara\All_DFT_Data,120/B105C15_3/S_127875/graphs.pt,0,105,15,120,B105C15,S_127875
D:\Sara\All_DFT_Data,120/B113C7_2/S_356559/graphs.pt,0,113,7,120,B113C7,S_356559
D:\Sara\All_DFT_Data,120/B107C13_4/S_111787/graphs.pt,0,107,13,120,B107C13,S_111787
D:\Sara\All_DFT_Data,30/B25C5_1/S_132576/graphs.pt,0,25,5,30,B25C5,S_132576
D:\Sara\All_DFT_Data,120/B113C7_5/S_385159/graphs.pt,0,113,7,120,B113C7,S_385159
D:\Sara\All_DFT_Data,120/B101C19_3/S_194307/graphs.pt,0,101,19,120,B101C19,S_194307
D:\Sara\All_DFT_Data,60/B45C15_5/S_18949/graphs.pt,0,45,15,60,B45C15,S_18949
D:\Sara\All_DFT_Data,120/B109C11_1/S_51380/graphs.pt,0,109,11,120,B109C11,S_51380
D:\Sara\All_DFT_Data,15/B14C_4/S_217311/graphs.pt,0,14,1,15,B14C1,S_217311
D:\Sara\All_DFT_Data,60/B47C13_4/S_182227/graphs.pt,0,47,13,60,B47C13,S_182227
D:\Sara\All_DFT_Data,120/B109C11_1/S_387153/graphs.pt,0,109,11,120,B109C11,S_387153
D:\Sara\All_DFT_Data,15/B11C4_3/S_117591/graphs.pt,0,11,4,15,B11C4,S_117591
D:\Sara\All_DFT_Data,30/B27C3_5/S_322765/graphs.pt,0,27,3,30,B27C3,S_322765
D:\Sara\All_DFT_Data,15/B14C_1/S_177938/graphs.pt,0,14,1,15,B14C1,S_177938
D:\Sara\All_DFT_Data,30/B27C3_1/S_267210/graphs.pt,0,27,3,30,B27C3,S_267210
D:\Sara\All_DFT_Data,120/B107C13_4/S_306360/graphs.pt,0,107,13,120,B107C13,S_306360
D:\Sara\All_DFT_Data,30/B23C7_1/S_44425/graphs.pt,0,23,7,30,B23C7,S_44425
D:\Sara\All_DFT_Data,60/B53C7_4/S_324065/graphs.pt,0,53,7,60,B53C7,S_324065
D:\Sara\All_DFT_Data,60/B55C5_1/S_187940/graphs.pt,0,55,5,60,B55C5,S_187940
D:\Sara\All_DFT_Data,120/B101C19_3/S_2565/graphs.pt,0,101,19,120,B101C19,S_2565
D:\Sara\All_DFT_Data,30/B23C7_3/S_176331/graphs.pt,0,23,7,30,B23C7,S_176331
D:\Sara\All_DFT_Data,60/B49C11_5/S_246965/graphs.pt,0,49,11,60,B49C11,S_246965
D:\Sara\All_DFT_Data,60/B51C9_5/S_47896/graphs.pt,0,51,9,60,B51C9,S_47896
D:\Sara\All_DFT_Data,120/B101C19_3/S_120314/graphs.pt,0,101,19,120,B101C19,S_120314
D:\Sara\All_DFT_Data,60/B49C11_4/S_251881/graphs.pt,0,49,11,60,B49C11,S_251881
D:\Sara\All_DFT_Data,60/B55C5_5/S_81483/graphs.pt,0,55,5,60,B55C5,S_81483
D:\Sara\All_DFT_Data\Test_Data,Test43/graphs.pt,1,12,3,15,B12C3,Test43
D:\Sara\All_DFT_Data,60/B53C7_1/S_140492/graphs.pt,0,53,7,60,B53C7,S_140492
D:\Sara\All_DFT_Data,15/B12C3_2/S_333261/graphs.pt,0,12,3,15,B12C3,S_333261
D:\Sara\All_DFT_Data,30/B25C5_5/S_220350/graphs.pt,0,25,5,30,B25C5,S_220350
D:\Sara\All_DFT_Data,120/B107C13_1/S_315099/graphs.pt,0,107,13,120,B107C13,S_315099
D:\Sara\All_DFT_Data,15/B13C2_3/S_245579/graphs.pt,0,13,2,15,B13C2,S_245579
D:\Sara\All_DFT_Data,120/B99C21_3/S_245446/graphs.pt,0,99,21,120,B99C21,S_245446
D:\Sara\All_DFT_Data,15/B14C_3/S_350698/graphs.pt,0,14,1,15,B14C1,S_350698
D:\Sara\All_DFT_Data,120/B111C9_1/S_31397/graphs.pt,0,111,9,120,B111C9,S_31397
D:\Sara\All_DFT_Data,15/B11C4_3/S_260977/graphs.pt,0,11,4,15,B11C4,S_260977
D:\Sara\All_DFT_Data,15/B14C_1/S_90691/graphs.pt,0,14,1,15,B14C1,S_90691
D:\Sara\All_DFT_Data,15/B11C4_2/S_351481/graphs.pt,0,11,4,15,B11C4,S_351481
D:\Sara\All_DFT_Data,120/B105C15_4/S_314325/graphs.pt,0,105,15,120,B105C15,S_314325
D:\Sara\All_DFT_Data,15/B14C_5/S_196890/graphs.pt,0,14,1,15,B14C1,S_196890
D:\Sara\All_DFT_Data,60/B55C5_4/S_281951/graphs.pt,0,55,5,60,B55C5,S_281951
D:\Sara\All_DFT_Data,60/B55C5_2/S_36873/graphs.pt,0,55,5,60,B55C5,S_36873
D:\Sara\All_DFT_Data,120/B109C11_2/S_365667/graphs.pt,0,109,11,120,B109C11,S_365667
D:\Sara\All_DFT_Data,120/B103C17_1/S_80920/graphs.pt,0,103,17,120,B103C17,S_80920
D:\Sara\All_DFT_Data,60/B47C13_3/S_320319/graphs.pt,0,47,13,60,B47C13,S_320319
D:\Sara\All_DFT_Data,15/B14C_3/S_319937/graphs.pt,0,14,1,15,B14C1,S_319937
D:\Sara\All_DFT_Data,120/B107C13_4/S_383890/graphs.pt,0,107,13,120,B107C13,S_383890
D:\Sara\All_DFT_Data,60/B55C5_5/S_258498/graphs.pt,0,55,5,60,B55C5,S_258498
D:\Sara\All_DFT_Data,120/B101C19_5/S_139589/graphs.pt,0,101,19,120,B101C19,S_139589
D:\Sara\All_DFT_Data,120/B107C13_4/S_102392/graphs.pt,0,107,13,120,B107C13,S_102392
D:\Sara\All_DFT_Data,60/B53C7_2/S_33356/graphs.pt,0,53,7,60,B53C7,S_33356
D:\Sara\All_DFT_Data,120/B99C21_3/S_7819/graphs.pt,0,99,21,120,B99C21,S_7819
D:\Sara\All_DFT_Data,120/B101C19_2/S_247797/graphs.pt,0,101,19,120,B101C19,S_247797
D:\Sara\All_DFT_Data,120/B103C17_4/S_152102/graphs.pt,0,103,17,120,B103C17,S_152102
D:\Sara\All_DFT_Data,15/B11C4_4/S_150364/graphs.pt,0,11,4,15,B11C4,S_150364
D:\Sara\All_DFT_Data,60/B47C13_3/S_374310/graphs.pt,0,47,13,60,B47C13,S_374310
D:\Sara\All_DFT_Data,120/B97C23_4/S_263468/graphs.pt,0,97,23,120,B97C23,S_263468
D:\Sara\All_DFT_Data,120/B97C23_5/S_102025/graphs.pt,0,97,23,120,B97C23,S_102025
D:\Sara\All_DFT_Data,15/B14C_4/S_319631/graphs.pt,0,14,1,15,B14C1,S_319631
D:\Sara\All_DFT_Data,120/B111C9_2/S_344470/graphs.pt,0,111,9,120,B111C9,S_344470
D:\Sara\All_DFT_Data,120/B111C9_3/S_77485/graphs.pt,0,111,9,120,B111C9,S_77485
D:\Sara\All_DFT_Data,120/B105C15_4/S_273716/graphs.pt,0,105,15,120,B105C15,S_273716
D:\Sara\All_DFT_Data,120/B103C17_2/S_306191/graphs.pt,0,103,17,120,B103C17,S_306191
D:\Sara\All_DFT_Data,120/B107C13_3/S_308374/graphs.pt,0,107,13,120,B107C13,S_308374
D:\Sara\All_DFT_Data,120/B109C11_5/S_60051/graphs.pt,0,109,11,120,B109C11,S_60051
D:\Sara\All_DFT_Data,120/B105C15_3/S_371413/graphs.pt,0,105,15,120,B105C15,S_371413
D:\Sara\All_DFT_Data,120/B105C15_3/S_49196/graphs.pt,0,105,15,120,B105C15,S_49196
D:\Sara\All_DFT_Data,120/B107C13_4/S_295383/graphs.pt,0,107,13,120,B107C13,S_295383
D:\Sara\All_DFT_Data,60/B47C13_5/S_216893/graphs.pt,0,47,13,60,B47C13,S_216893
D:\Sara\All_DFT_Data,30/B27C3_3/S_71677/graphs.pt,0,27,3,30,B27C3,S_71677
D:\Sara\All_DFT_Data,120/B97C23_1/S_53903/graphs.pt,0,97,23,120,B97C23,S_53903
D:\Sara\All_DFT_Data,120/B107C13_2/S_208904/graphs.pt,0,107,13,120,B107C13,S_208904
D:\Sara\All_DFT_Data,120/B113C7_2/S_255128/graphs.pt,0,113,7,120,B113C7,S_255128
D:\Sara\All_DFT_Data,60/B53C7_3/S_17838/graphs.pt,0,53,7,60,B53C7,S_17838
D:\Sara\All_DFT_Data,15/B13C2_3/S_185990/graphs.pt,0,13,2,15,B13C2,S_185990
D:\Sara\All_DFT_Data,15/B12C3_5/S_275264/graphs.pt,0,12,3,15,B12C3,S_275264
D:\Sara\All_DFT_Data,30/B23C7_2/S_67724/graphs.pt,0,23,7,30,B23C7,S_67724
D:\Sara\All_DFT_Data,60/B51C9_3/S_117821/graphs.pt,0,51,9,60,B51C9,S_117821
D:\Sara\All_DFT_Data,15/B14C_2/S_52164/graphs.pt,0,14,1,15,B14C1,S_52164
D:\Sara\All_DFT_Data,60/B49C11_3/S_358078/graphs.pt,0,49,11,60,B49C11,S_358078
D:\Sara\All_DFT_Data,15/B14C_2/S_233518/graphs.pt,0,14,1,15,B14C1,S_233518
D:\Sara\All_DFT_Data,60/B49C11_4/S_22112/graphs.pt,0,49,11,60,B49C11,S_22112
D:\Sara\All_DFT_Data,120/B99C21_1/S_46842/graphs.pt,0,99,21,120,B99C21,S_46842
D:\Sara\All_DFT_Data,120/B113C7_1/S_222097/graphs.pt,0,113,7,120,B113C7,S_222097
D:\Sara\All_DFT_Data,60/B55C5_2/S_88418/graphs.pt,0,55,5,60,B55C5,S_88418
D:\Sara\All_DFT_Data,120/B113C7_4/S_320936/graphs.pt,0,113,7,120,B113C7,S_320936
D:\Sara\All_DFT_Data\Test_Data,Test49/graphs.pt,1,13,2,15,B13C2,Test49
D:\Sara\All_DFT_Data,120/B107C13_2/S_223580/graphs.pt,0,107,13,120,B107C13,S_223580
D:\Sara\All_DFT_Data,15/B12C3_2/S_30922/graphs.pt,0,12,3,15,B12C3,S_30922
D:\Sara\All_DFT_Data,30/B27C3_2/S_253045/graphs.pt,0,27,3,30,B27C3,S_253045
D:\Sara\All_DFT_Data,120/B103C17_5/S_285225/graphs.pt,0,103,17,120,B103C17,S_285225
D:\Sara\All_DFT_Data,120/B99C21_5/S_319434/graphs.pt,0,99,21,120,B99C21,S_319434
D:\Sara\All_DFT_Data,15/B14C_4/S_188592/graphs.pt,0,14,1,15,B14C1,S_188592
D:\Sara\All_DFT_Data,60/B47C13_3/S_2351/graphs.pt,0,47,13,60,B47C13,S_2351
D:\Sara\All_DFT_Data,15/B12C3_5/S_257980/graphs.pt,0,12,3,15,B12C3,S_257980
D:\Sara\All_DFT_Data,120/B107C13_5/S_101191/graphs.pt,0,107,13,120,B107C13,S_101191
D:\Sara\All_DFT_Data,60/B49C11_2/S_321724/graphs.pt,0,49,11,60,B49C11,S_321724
D:\Sara\All_DFT_Data,60/B49C11_1/S_387457/graphs.pt,0,49,11,60,B49C11,S_387457
D:\Sara\All_DFT_Data,30/B23C7_3/S_48846/graphs.pt,0,23,7,30,B23C7,S_48846
D:\Sara\All_DFT_Data,30/B23C7_2/S_315431/graphs.pt,0,23,7,30,B23C7,S_315431
D:\Sara\All_DFT_Data,60/B53C7_1/S_196565/graphs.pt,0,53,7,60,B53C7,S_196565
D:\Sara\All_DFT_Data,60/B53C7_4/S_235020/graphs.pt,0,53,7,60,B53C7,S_235020
D:\Sara\All_DFT_Data,120/B113C7_3/S_325601/graphs.pt,0,113,7,120,B113C7,S_325601
D:\Sara\All_DFT_Data,60/B51C9_5/S_390161/graphs.pt,0,51,9,60,B51C9,S_390161
D:\Sara\All_DFT_Data,30/B27C3_3/S_40955/graphs.pt,0,27,3,30,B27C3,S_40955
D:\Sara\All_DFT_Data,15/B11C4_4/S_197661/graphs.pt,0,11,4,15,B11C4,S_197661
D:\Sara\All_DFT_Data,120/B109C11_3/S_194915/graphs.pt,0,109,11,120,B109C11,S_194915
D:\Sara\All_DFT_Data,60/B45C15_1/S_218603/graphs.pt,0,45,15,60,B45C15,S_218603
D:\Sara\All_DFT_Data,60/B45C15_4/S_78401/graphs.pt,0,45,15,60,B45C15,S_78401
D:\Sara\All_DFT_Data,60/B45C15_1/S_110819/graphs.pt,0,45,15,60,B45C15,S_110819
D:\Sara\All_DFT_Data,120/B103C17_3/S_39217/graphs.pt,0,103,17,120,B103C17,S_39217
D:\Sara\All_DFT_Data,15/B14C_2/S_161426/graphs.pt,0,14,1,15,B14C1,S_161426
D:\Sara\All_DFT_Data,120/B101C19_1/S_128317/graphs.pt,0,101,19,120,B101C19,S_128317
D:\Sara\All_DFT_Data,60/B55C5_3/S_370635/graphs.pt,0,55,5,60,B55C5,S_370635
D:\Sara\All_DFT_Data,15/B11C4_5/S_65502/graphs.pt,0,11,4,15,B11C4,S_65502
D:\Sara\All_DFT_Data,15/B14C_4/S_82961/graphs.pt,0,14,1,15,B14C1,S_82961
D:\Sara\All_DFT_Data,120/B111C9_1/S_106601/graphs.pt,0,111,9,120,B111C9,S_106601
D:\Sara\All_DFT_Data,15/B13C2_1/S_266274/graphs.pt,0,13,2,15,B13C2,S_266274
D:\Sara\All_DFT_Data,30/B25C5_1/S_376074/graphs.pt,0,25,5,30,B25C5,S_376074
D:\Sara\All_DFT_Data,120/B103C17_4/S_5660/graphs.pt,0,103,17,120,B103C17,S_5660
D:\Sara\All_DFT_Data,60/B53C7_1/S_191244/graphs.pt,0,53,7,60,B53C7,S_191244
D:\Sara\All_DFT_Data,120/B107C13_5/S_281990/graphs.pt,0,107,13,120,B107C13,S_281990
D:\Sara\All_DFT_Data,60/B45C15_4/S_103444/graphs.pt,0,45,15,60,B45C15,S_103444
D:\Sara\All_DFT_Data,60/B55C5_5/S_272315/graphs.pt,0,55,5,60,B55C5,S_272315
D:\Sara\All_DFT_Data,60/B47C13_1/S_90379/graphs.pt,0,47,13,60,B47C13,S_90379
D:\Sara\All_DFT_Data,120/B99C21_5/S_119609/graphs.pt,0,99,21,120,B99C21,S_119609
D:\Sara\All_DFT_Data,15/B13C2_5/S_47672/graphs.pt,0,13,2,15,B13C2,S_47672
D:\Sara\All_DFT_Data,60/B49C11_1/S_368364/graphs.pt,0,49,11,60,B49C11,S_368364
D:\Sara\All_DFT_Data,60/B49C11_1/S_332278/graphs.pt,0,49,11,60,B49C11,S_332278
D:\Sara\All_DFT_Data,60/B45C15_2/S_158214/graphs.pt,0,45,15,60,B45C15,S_158214
D:\Sara\All_DFT_Data,60/B53C7_1/S_226807/graphs.pt,0,53,7,60,B53C7,S_226807
D:\Sara\All_DFT_Data,120/B107C13_5/S_186887/graphs.pt,0,107,13,120,B107C13,S_186887
D:\Sara\All_DFT_Data,60/B47C13_4/S_18332/graphs.pt,0,47,13,60,B47C13,S_18332
D:\Sara\All_DFT_Data,120/B109C11_2/S_123363/graphs.pt,0,109,11,120,B109C11,S_123363
D:\Sara\All_DFT_Data,60/B47C13_1/S_147289/graphs.pt,0,47,13,60,B47C13,S_147289
D:\Sara\All_DFT_Data,120/B109C11_5/S_332456/graphs.pt,0,109,11,120,B109C11,S_332456
D:\Sara\All_DFT_Data,120/B113C7_5/S_286573/graphs.pt,0,113,7,120,B113C7,S_286573
D:\Sara\All_DFT_Data,60/B55C5_4/S_236384/graphs.pt,0,55,5,60,B55C5,S_236384
D:\Sara\All_DFT_Data,30/B25C5_1/S_108851/graphs.pt,0,25,5,30,B25C5,S_108851
D:\Sara\All_DFT_Data,120/B109C11_1/S_325668/graphs.pt,0,109,11,120,B109C11,S_325668
D:\Sara\All_DFT_Data,60/B49C11_3/S_389718/graphs.pt,0,49,11,60,B49C11,S_389718
D:\Sara\All_DFT_Data,120/B111C9_4/S_107363/graphs.pt,0,111,9,120,B111C9,S_107363
D:\Sara\All_DFT_Data,120/B111C9_5/S_328805/graphs.pt,0,111,9,120,B111C9,S_328805
D:\Sara\All_DFT_Data,check_extraction/S_116579/graphs.pt,0,101,19,120,B101C19,S_116579
D:\Sara\All_DFT_Data,60/B53C7_3/S_219828/graphs.pt,0,53,7,60,B53C7,S_219828
D:\Sara\All_DFT_Data,120/B111C9_1/S_94133/graphs.pt,0,111,9,120,B111C9,S_94133
D:\Sara\All_DFT_Data,120/B99C21_2/S_133123/graphs.pt,0,99,21,120,B99C21,S_133123
D:\Sara\All_DFT_Data,60/B53C7_5/S_393503/graphs.pt,0,53,7,60,B53C7,S_393503
D:\Sara\All_DFT_Data,15/B11C4_3/S_176242/graphs.pt,0,11,4,15,B11C4,S_176242
D:\Sara\All_DFT_Data,120/B97C23_4/S_178659/graphs.pt,0,97,23,120,B97C23,S_178659
D:\Sara\All_DFT_Data,60/B49C11_2/S_334336/graphs.pt,0,49,11,60,B49C11,S_334336
D:\Sara\All_DFT_Data,30/B25C5_3/S_267707/graphs.pt,0,25,5,30,B25C5,S_267707
D:\Sara\All_DFT_Data,120/B105C15_4/S_29313/graphs.pt,0,105,15,120,B105C15,S_29313
D:\Sara\All_DFT_Data,60/B53C7_3/S_221393/graphs.pt,0,53,7,60,B53C7,S_221393
D:\Sara\All_DFT_Data\Test_Data,Test37/graphs.pt,1,12,3,15,B12C3,Test37
D:\Sara\All_DFT_Data,120/B97C23_3/S_67323/graphs.pt,0,97,23,120,B97C23,S_67323
D:\Sara\All_DFT_Data,120/B101C19_4/S_229361/graphs.pt,0,101,19,120,B101C19,S_229361
D:\Sara\All_DFT_Data,60/B47C13_3/S_111041/graphs.pt,0,47,13,60,B47C13,S_111041
D:\Sara\All_DFT_Data,120/B105C15_4/S_258248/graphs.pt,0,105,15,120,B105C15,S_258248
D:\Sara\All_DFT_Data,120/B109C11_5/S_206380/graphs.pt,0,109,11,120,B109C11,S_206380
D:\Sara\All_DFT_Data\Test_Data,Test40/graphs.pt,1,13,2,15,B13C2,Test40
D:\Sara\All_DFT_Data,120/B109C11_3/S_58960/graphs.pt,0,109,11,120,B109C11,S_58960
D:\Sara\All_DFT_Data,120/B111C9_5/S_204345/graphs.pt,0,111,9,120,B111C9,S_204345
D:\Sara\All_DFT_Data,120/B111C9_2/S_370580/graphs.pt,0,111,9,120,B111C9,S_370580
D:\Sara\All_DFT_Data,30/B25C5_5/S_325834/graphs.pt,0,25,5,30,B25C5,S_325834
D:\Sara\All_DFT_Data,30/B23C7_2/S_8781/graphs.pt,0,23,7,30,B23C7,S_8781
D:\Sara\All_DFT_Data,30/B25C5_5/S_94595/graphs.pt,0,25,5,30,B25C5,S_94595
D:\Sara\All_DFT_Data,120/B105C15_5/S_181905/graphs.pt,0,105,15,120,B105C15,S_181905
D:\Sara\All_DFT_Data,120/B107C13_3/S_59259/graphs.pt,0,107,13,120,B107C13,S_59259
D:\Sara\All_DFT_Data,60/B53C7_4/S_273395/graphs.pt,0,53,7,60,B53C7,S_273395
D:\Sara\All_DFT_Data,120/B99C21_3/S_205913/graphs.pt,0,99,21,120,B99C21,S_205913
D:\Sara\All_DFT_Data,60/B49C11_5/S_108466/graphs.pt,0,49,11,60,B49C11,S_108466
D:\Sara\All_DFT_Data,15/B12C3_5/S_4873/graphs.pt,0,12,3,15,B12C3,S_4873
D:\Sara\All_DFT_Data,60/B53C7_2/S_163133/graphs.pt,0,53,7,60,B53C7,S_163133
D:\Sara\All_DFT_Data,15/B14C_5/S_6429/graphs.pt,0,14,1,15,B14C1,S_6429
D:\Sara\All_DFT_Data,15/B14C_4/S_204862/graphs.pt,0,14,1,15,B14C1,S_204862
D:\Sara\All_DFT_Data,120/B107C13_1/S_132425/graphs.pt,0,107,13,120,B107C13,S_132425
D:\Sara\All_DFT_Data,60/B53C7_5/S_364028/graphs.pt,0,53,7,60,B53C7,S_364028
D:\Sara\All_DFT_Data,120/B107C13_3/S_237718/graphs.pt,0,107,13,120,B107C13,S_237718
D:\Sara\All_DFT_Data,15/B13C2_4/S_51036/graphs.pt,0,13,2,15,B13C2,S_51036
D:\Sara\All_DFT_Data,120/B97C23_1/S_31922/graphs.pt,0,97,23,120,B97C23,S_31922
D:\Sara\All_DFT_Data,15/B12C3_2/S_227746/graphs.pt,0,12,3,15,B12C3,S_227746
D:\Sara\All_DFT_Data,60/B45C15_1/S_269012/graphs.pt,0,45,15,60,B45C15,S_269012
D:\Sara\All_DFT_Data,60/B55C5_1/S_127786/graphs.pt,0,55,5,60,B55C5,S_127786
D:\Sara\All_DFT_Data,120/B111C9_1/S_170200/graphs.pt,0,111,9,120,B111C9,S_170200
D:\Sara\All_DFT_Data,30/B27C3_5/S_327093/graphs.pt,0,27,3,30,B27C3,S_327093
D:\Sara\All_DFT_Data,60/B47C13_3/S_51903/graphs.pt,0,47,13,60,B47C13,S_51903
D:\Sara\All_DFT_Data,15/B11C4_5/S_18682/graphs.pt,0,11,4,15,B11C4,S_18682
D:\Sara\All_DFT_Data,30/B23C7_5/S_67282/graphs.pt,0,23,7,30,B23C7,S_67282
D:\Sara\All_DFT_Data,60/B45C15_5/S_269237/graphs.pt,0,45,15,60,B45C15,S_269237
D:\Sara\All_DFT_Data,120/B111C9_3/S_399568/graphs.pt,0,111,9,120,B111C9,S_399568
D:\Sara\All_DFT_Data,120/B97C23_4/S_374372/graphs.pt,0,97,23,120,B97C23,S_374372
D:\Sara\All_DFT_Data,120/B105C15_4/S_11535/graphs.pt,0,105,15,120,B105C15,S_11535
D:\Sara\All_DFT_Data,120/B101C19_3/S_393364/graphs.pt,0,101,19,120,B101C19,S_393364
D:\Sara\All_DFT_Data,120/B101C19_5/S_248718/graphs.pt,0,101,19,120,B101C19,S_248718
D:\Sara\All_DFT_Data,60/B55C5_5/S_106192/graphs.pt,0,55,5,60,B55C5,S_106192
D:\Sara\All_DFT_Data,120/B107C13_2/S_376512/graphs.pt,0,107,13,120,B107C13,S_376512
D:\Sara\All_DFT_Data,15/B12C3_2/S_257607/graphs.pt,0,12,3,15,B12C3,S_257607
D:\Sara\All_DFT_Data,60/B49C11_2/S_392898/graphs.pt,0,49,11,60,B49C11,S_392898
D:\Sara\All_DFT_Data,60/B45C15_3/S_204303/graphs.pt,0,45,15,60,B45C15,S_204303
D:\Sara\All_DFT_Data,120/B97C23_5/S_337722/graphs.pt,0,97,23,120,B97C23,S_337722
D:\Sara\All_DFT_Data,15/B13C2_4/S_140520/graphs.pt,0,13,2,15,B13C2,S_140520
D:\Sara\All_DFT_Data,30/B27C3_3/S_345217/graphs.pt,0,27,3,30,B27C3,S_345217
D:\Sara\All_DFT_Data,15/B14C_5/S_288640/graphs.pt,0,14,1,15,B14C1,S_288640
D:\Sara\All_DFT_Data,60/B45C15_3/S_359568/graphs.pt,0,45,15,60,B45C15,S_359568
D:\Sara\All_DFT_Data,120/B111C9_5/S_163711/graphs.pt,0,111,9,120,B111C9,S_163711
D:\Sara\All_DFT_Data,120/B99C21_4/S_24929/graphs.pt,0,99,21,120,B99C21,S_24929
D:\Sara\All_DFT_Data,120/B97C23_3/S_364189/graphs.pt,0,97,23,120,B97C23,S_364189
D:\Sara\All_DFT_Data,60/B47C13_5/S_168895/graphs.pt,0,47,13,60,B47C13,S_168895
D:\Sara\All_DFT_Data,60/B49C11_5/S_218709/graphs.pt,0,49,11,60,B49C11,S_218709
D:\Sara\All_DFT_Data,30/B27C3_2/S_243565/graphs.pt,0,27,3,30,B27C3,S_243565
D:\Sara\All_DFT_Data,15/B12C3_3/S_169391/graphs.pt,0,12,3,15,B12C3,S_169391
D:\Sara\All_DFT_Data,120/B105C15_2/S_47346/graphs.pt,0,105,15,120,B105C15,S_47346
D:\Sara\All_DFT_Data\Test_Data,Test96/graphs.pt,1,12,3,15,B12C3,Test96
D:\Sara\All_DFT_Data,60/B55C5_1/S_286061/graphs.pt,0,55,5,60,B55C5,S_286061
D:\Sara\All_DFT_Data,15/B14C_1/S_324299/graphs.pt,0,14,1,15,B14C1,S_324299
D:\Sara\All_DFT_Data,120/B109C11_5/S_353532/graphs.pt,0,109,11,120,B109C11,S_353532
D:\Sara\All_DFT_Data,30/B27C3_1/S_66166/graphs.pt,0,27,3,30,B27C3,S_66166
D:\Sara\All_DFT_Data,120/B111C9_5/S_129487/graphs.pt,0,111,9,120,B111C9,S_129487
D:\Sara\All_DFT_Data,120/B105C15_5/S_54825/graphs.pt,0,105,15,120,B105C15,S_54825
D:\Sara\All_DFT_Data,15/B13C2_5/S_121538/graphs.pt,0,13,2,15,B13C2,S_121538
D:\Sara\All_DFT_Data,120/B101C19_2/S_39099/graphs.pt,0,101,19,120,B101C19,S_39099
D:\Sara\All_DFT_Data,120/B99C21_4/S_159005/graphs.pt,0,99,21,120,B99C21,S_159005
D:\Sara\All_DFT_Data,15/B12C3_4/S_219503/graphs.pt,0,12,3,15,B12C3,S_219503
D:\Sara\All_DFT_Data,120/B101C19_4/S_236531/graphs.pt,0,101,19,120,B101C19,S_236531
D:\Sara\All_DFT_Data,60/B51C9_2/S_93770/graphs.pt,0,51,9,60,B51C9,S_93770
D:\Sara\All_DFT_Data\Test_Data,Test5/graphs.pt,1,12,3,15,B12C3,Test5
D:\Sara\All_DFT_Data,120/B111C9_4/S_276180/graphs.pt,0,111,9,120,B111C9,S_276180
D:\Sara\All_DFT_Data,120/B109C11_1/S_50317/graphs.pt,0,109,11,120,B109C11,S_50317
D:\Sara\All_DFT_Data,120/B101C19_5/S_152138/graphs.pt,0,101,19,120,B101C19,S_152138
D:\Sara\All_DFT_Data,30/B27C3_1/S_284576/graphs.pt,0,27,3,30,B27C3,S_284576
D:\Sara\All_DFT_Data,120/B109C11_2/S_8236/graphs.pt,0,109,11,120,B109C11,S_8236
D:\Sara\All_DFT_Data,120/B101C19_3/S_149561/graphs.pt,0,101,19,120,B101C19,S_149561
D:\Sara\All_DFT_Data,15/B13C2_5/S_23857/graphs.pt,0,13,2,15,B13C2,S_23857
D:\Sara\All_DFT_Data,60/B51C9_3/S_385685/graphs.pt,0,51,9,60,B51C9,S_385685
D:\Sara\All_DFT_Data,60/B51C9_1/S_268850/graphs.pt,0,51,9,60,B51C9,S_268850
D:\Sara\All_DFT_Data,120/B97C23_3/S_352829/graphs.pt,0,97,23,120,B97C23,S_352829
D:\Sara\All_DFT_Data,120/B97C23_1/S_187797/graphs.pt,0,97,23,120,B97C23,S_187797
D:\Sara\All_DFT_Data,60/B47C13_2/S_218386/graphs.pt,0,47,13,60,B47C13,S_218386
D:\Sara\All_DFT_Data,15/B11C4_3/S_195690/graphs.pt,0,11,4,15,B11C4,S_195690
D:\Sara\All_DFT_Data,120/B105C15_3/S_366036/graphs.pt,0,105,15,120,B105C15,S_366036
D:\Sara\All_DFT_Data,15/B13C2_1/S_174381/graphs.pt,0,13,2,15,B13C2,S_174381
D:\Sara\All_DFT_Data,15/B12C3_5/S_185920/graphs.pt,0,12,3,15,B12C3,S_185920
D:\Sara\All_DFT_Data,60/B47C13_4/S_77721/graphs.pt,0,47,13,60,B47C13,S_77721
D:\Sara\All_DFT_Data,60/B51C9_3/S_52091/graphs.pt,0,51,9,60,B51C9,S_52091
D:\Sara\All_DFT_Data\Test_Data,Test57/graphs.pt,1,11,4,15,B11C4,Test57
D:\Sara\All_DFT_Data,15/B13C2_1/S_59004/graphs.pt,0,13,2,15,B13C2,S_59004
D:\Sara\All_DFT_Data,120/B113C7_2/S_237336/graphs.pt,0,113,7,120,B113C7,S_237336
D:\Sara\All_DFT_Data,30/B27C3_1/S_399785/graphs.pt,0,27,3,30,B27C3,S_399785
D:\Sara\All_DFT_Data\Test_Data,Test84/graphs.pt,1,99,21,120,B99C21,Test84
D:\Sara\All_DFT_Data,120/B111C9_5/S_278269/graphs.pt,0,111,9,120,B111C9,S_278269
D:\Sara\All_DFT_Data,30/B25C5_5/S_370187/graphs.pt,0,25,5,30,B25C5,S_370187
D:\Sara\All_DFT_Data,30/B25C5_2/S_382054/graphs.pt,0,25,5,30,B25C5,S_382054
D:\Sara\All_DFT_Data,30/B27C3_4/S_24031/graphs.pt,0,27,3,30,B27C3,S_24031
D:\Sara\All_DFT_Data,15/B14C_2/S_196211/graphs.pt,0,14,1,15,B14C1,S_196211
D:\Sara\All_DFT_Data,60/B53C7_4/S_388191/graphs.pt,0,53,7,60,B53C7,S_388191
D:\Sara\All_DFT_Data,15/B13C2_2/S_159720/graphs.pt,0,13,2,15,B13C2,S_159720
D:\Sara\All_DFT_Data,60/B53C7_3/S_12943/graphs.pt,0,53,7,60,B53C7,S_12943
D:\Sara\All_DFT_Data,120/B107C13_1/S_320366/graphs.pt,0,107,13,120,B107C13,S_320366
D:\Sara\All_DFT_Data,120/B107C13_5/S_278882/graphs.pt,0,107,13,120,B107C13,S_278882
D:\Sara\All_DFT_Data,60/B53C7_3/S_161193/graphs.pt,0,53,7,60,B53C7,S_161193
D:\Sara\All_DFT_Data,30/B27C3_3/S_375564/graphs.pt,0,27,3,30,B27C3,S_375564
D:\Sara\All_DFT_Data,120/B107C13_4/S_49359/graphs.pt,0,107,13,120,B107C13,S_49359
D:\Sara\All_DFT_Data,120/B103C17_2/S_261144/graphs.pt,0,103,17,120,B103C17,S_261144
D:\Sara\All_DFT_Data,60/B49C11_4/S_324281/graphs.pt,0,49,11,60,B49C11,S_324281
D:\Sara\All_DFT_Data,60/B45C15_3/S_289037/graphs.pt,0,45,15,60,B45C15,S_289037
D:\Sara\All_DFT_Data,120/B107C13_2/S_293020/graphs.pt,0,107,13,120,B107C13,S_293020
D:\Sara\All_DFT_Data,15/B14C_2/S_368843/graphs.pt,0,14,1,15,B14C1,S_368843
D:\Sara\All_DFT_Data,30/B25C5_4/S_321538/graphs.pt,0,25,5,30,B25C5,S_321538
D:\Sara\All_DFT_Data,15/B14C_3/S_134383/graphs.pt,0,14,1,15,B14C1,S_134383
D:\Sara\All_DFT_Data,120/B107C13_1/S_277118/graphs.pt,0,107,13,120,B107C13,S_277118
D:\Sara\All_DFT_Data,15/B11C4_3/S_349785/graphs.pt,0,11,4,15,B11C4,S_349785
D:\Sara\All_DFT_Data,120/B103C17_1/S_239443/graphs.pt,0,103,17,120,B103C17,S_239443
D:\Sara\All_DFT_Data,60/B47C13_4/S_280169/graphs.pt,0,47,13,60,B47C13,S_280169
D:\Sara\All_DFT_Data,15/B14C_2/S_23955/graphs.pt,0,14,1,15,B14C1,S_23955
D:\Sara\All_DFT_Data,30/B27C3_2/S_348654/graphs.pt,0,27,3,30,B27C3,S_348654
D:\Sara\All_DFT_Data,30/B23C7_4/S_52037/graphs.pt,0,23,7,30,B23C7,S_52037
D:\Sara\All_DFT_Data,120/B99C21_1/S_190495/graphs.pt,0,99,21,120,B99C21,S_190495
D:\Sara\All_DFT_Data\Test_Data,Test48/graphs.pt,1,13,2,15,B13C2,Test48
D:\Sara\All_DFT_Data,60/B45C15_1/S_97360/graphs.pt,0,45,15,60,B45C15,S_97360
D:\Sara\All_DFT_Data,60/B55C5_2/S_258331/graphs.pt,0,55,5,60,B55C5,S_258331
D:\Sara\All_DFT_Data,60/B45C15_1/S_251976/graphs.pt,0,45,15,60,B45C15,S_251976
D:\Sara\All_DFT_Data,120/B113C7_2/S_119540/graphs.pt,0,113,7,120,B113C7,S_119540
D:\Sara\All_DFT_Data,30/B23C7_1/S_340978/graphs.pt,0,23,7,30,B23C7,S_340978
D:\Sara\All_DFT_Data,15/B11C4_1/S_352693/graphs.pt,0,11,4,15,B11C4,S_352693
D:\Sara\All_DFT_Data,60/B45C15_1/S_2537/graphs.pt,0,45,15,60,B45C15,S_2537
D:\Sara\All_DFT_Data,30/B27C3_5/S_216406/graphs.pt,0,27,3,30,B27C3,S_216406
D:\Sara\All_DFT_Data,30/B27C3_3/S_40715/graphs.pt,0,27,3,30,B27C3,S_40715
D:\Sara\All_DFT_Data,120/B111C9_2/S_376311/graphs.pt,0,111,9,120,B111C9,S_376311
D:\Sara\All_DFT_Data,120/B97C23_1/S_230609/graphs.pt,0,97,23,120,B97C23,S_230609
D:\Sara\All_DFT_Data,120/B113C7_5/S_283030/graphs.pt,0,113,7,120,B113C7,S_283030
D:\Sara\All_DFT_Data,60/B49C11_4/S_383654/graphs.pt,0,49,11,60,B49C11,S_383654
D:\Sara\All_DFT_Data,120/B113C7_4/S_251462/graphs.pt,0,113,7,120,B113C7,S_251462
D:\Sara\All_DFT_Data\Test_Data,Test19/graphs.pt,1,12,3,15,B12C3,Test19
D:\Sara\All_DFT_Data,120/B109C11_2/S_69058/graphs.pt,0,109,11,120,B109C11,S_69058
D:\Sara\All_DFT_Data,120/B109C11_2/S_301210/graphs.pt,0,109,11,120,B109C11,S_301210
D:\Sara\All_DFT_Data,30/B27C3_2/S_77525/graphs.pt,0,27,3,30,B27C3,S_77525
D:\Sara\All_DFT_Data,120/B97C23_1/S_319381/graphs.pt,0,97,23,120,B97C23,S_319381
D:\Sara\All_DFT_Data,15/B11C4_4/S_294888/graphs.pt,0,11,4,15,B11C4,S_294888
D:\Sara\All_DFT_Data,120/B101C19_4/S_127378/graphs.pt,0,101,19,120,B101C19,S_127378
D:\Sara\All_DFT_Data,60/B51C9_2/S_61485/graphs.pt,0,51,9,60,B51C9,S_61485
D:\Sara\All_DFT_Data,60/B49C11_1/S_211657/graphs.pt,0,49,11,60,B49C11,S_211657
D:\Sara\All_DFT_Data,30/B25C5_3/S_21084/graphs.pt,0,25,5,30,B25C5,S_21084
D:\Sara\All_DFT_Data,30/B25C5_4/S_135942/graphs.pt,0,25,5,30,B25C5,S_135942
D:\Sara\All_DFT_Data,120/B113C7_2/S_223782/graphs.pt,0,113,7,120,B113C7,S_223782
D:\Sara\All_DFT_Data,30/B25C5_3/S_301602/graphs.pt,0,25,5,30,B25C5,S_301602
D:\Sara\All_DFT_Data\Test_Data,Test38/graphs.pt,1,11,4,15,B11C4,Test38
D:\Sara\All_DFT_Data,120/B111C9_1/S_201493/graphs.pt,0,111,9,120,B111C9,S_201493
D:\Sara\All_DFT_Data,120/B111C9_5/S_255752/graphs.pt,0,111,9,120,B111C9,S_255752
D:\Sara\All_DFT_Data,15/B13C2_3/S_48938/graphs.pt,0,13,2,15,B13C2,S_48938
D:\Sara\All_DFT_Data,15/B12C3_4/S_198155/graphs.pt,0,12,3,15,B12C3,S_198155
D:\Sara\All_DFT_Data,60/B51C9_4/S_387503/graphs.pt,0,51,9,60,B51C9,S_387503
D:\Sara\All_DFT_Data,60/B51C9_3/S_351914/graphs.pt,0,51,9,60,B51C9,S_351914
D:\Sara\All_DFT_Data,15/B12C3_2/S_275844/graphs.pt,0,12,3,15,B12C3,S_275844
D:\Sara\All_DFT_Data,30/B23C7_1/S_164044/graphs.pt,0,23,7,30,B23C7,S_164044
D:\Sara\All_DFT_Data,120/B101C19_2/S_270593/graphs.pt,0,101,19,120,B101C19,S_270593
D:\Sara\All_DFT_Data,120/B97C23_5/S_98254/graphs.pt,0,97,23,120,B97C23,S_98254
D:\Sara\All_DFT_Data,120/B111C9_3/S_274760/graphs.pt,0,111,9,120,B111C9,S_274760
D:\Sara\All_DFT_Data,120/B109C11_1/S_182039/graphs.pt,0,109,11,120,B109C11,S_182039
D:\Sara\All_DFT_Data,120/B99C21_1/S_294964/graphs.pt,0,99,21,120,B99C21,S_294964
D:\Sara\All_DFT_Data,15/B12C3_5/S_25723/graphs.pt,0,12,3,15,B12C3,S_25723
D:\Sara\All_DFT_Data,15/B14C_2/S_292715/graphs.pt,0,14,1,15,B14C1,S_292715
D:\Sara\All_DFT_Data,15/B11C4_4/S_367978/graphs.pt,0,11,4,15,B11C4,S_367978
D:\Sara\All_DFT_Data,60/B55C5_4/S_335340/graphs.pt,0,55,5,60,B55C5,S_335340
D:\Sara\All_DFT_Data,15/B11C4_3/S_175973/graphs.pt,0,11,4,15,B11C4,S_175973
D:\Sara\All_DFT_Data,60/B49C11_1/S_350897/graphs.pt,0,49,11,60,B49C11,S_350897
D:\Sara\All_DFT_Data,120/B99C21_2/S_88646/graphs.pt,0,99,21,120,B99C21,S_88646
D:\Sara\All_DFT_Data,60/B53C7_4/S_131320/graphs.pt,0,53,7,60,B53C7,S_131320
D:\Sara\All_DFT_Data,120/B111C9_3/S_58838/graphs.pt,0,111,9,120,B111C9,S_58838
D:\Sara\All_DFT_Data,60/B51C9_1/S_201867/graphs.pt,0,51,9,60,B51C9,S_201867
D:\Sara\All_DFT_Data,30/B27C3_4/S_210867/graphs.pt,0,27,3,30,B27C3,S_210867
D:\Sara\All_DFT_Data,30/B25C5_5/S_65677/graphs.pt,0,25,5,30,B25C5,S_65677
D:\Sara\All_DFT_Data,15/B14C_5/S_204808/graphs.pt,0,14,1,15,B14C1,S_204808
D:\Sara\All_DFT_Data,60/B47C13_2/S_101833/graphs.pt,0,47,13,60,B47C13,S_101833
D:\Sara\All_DFT_Data,120/B111C9_2/S_85976/graphs.pt,0,111,9,120,B111C9,S_85976
D:\Sara\All_DFT_Data,15/B14C_3/S_191886/graphs.pt,0,14,1,15,B14C1,S_191886
D:\Sara\All_DFT_Data,15/B11C4_1/S_301852/graphs.pt,0,11,4,15,B11C4,S_301852
D:\Sara\All_DFT_Data,120/B105C15_5/S_323092/graphs.pt,0,105,15,120,B105C15,S_323092
D:\Sara\All_DFT_Data,120/B113C7_1/S_290776/graphs.pt,0,113,7,120,B113C7,S_290776
D:\Sara\All_DFT_Data,15/B12C3_3/S_173336/graphs.pt,0,12,3,15,B12C3,S_173336
D:\Sara\All_DFT_Data,60/B45C15_4/S_345830/graphs.pt,0,45,15,60,B45C15,S_345830
D:\Sara\All_DFT_Data,120/B103C17_1/S_366962/graphs.pt,0,103,17,120,B103C17,S_366962
D:\Sara\All_DFT_Data,120/B113C7_4/S_46129/graphs.pt,0,113,7,120,B113C7,S_46129
D:\Sara\All_DFT_Data,60/B55C5_2/S_103564/graphs.pt,0,55,5,60,B55C5,S_103564
D:\Sara\All_DFT_Data,60/B45C15_5/S_207310/graphs.pt,0,45,15,60,B45C15,S_207310
D:\Sara\All_DFT_Data,15/B14C_5/S_218314/graphs.pt,0,14,1,15,B14C1,S_218314
D:\Sara\All_DFT_Data\Test_Data,Test62/graphs.pt,1,12,3,15,B12C3,Test62
D:\Sara\All_DFT_Data,15/B11C4_3/S_358585/graphs.pt,0,11,4,15,B11C4,S_358585
D:\Sara\All_DFT_Data,120/B101C19_1/S_44146/graphs.pt,0,101,19,120,B101C19,S_44146
D:\Sara\All_DFT_Data,30/B27C3_5/S_293109/graphs.pt,0,27,3,30,B27C3,S_293109
D:\Sara\All_DFT_Data,120/B107C13_2/S_184640/graphs.pt,0,107,13,120,B107C13,S_184640
D:\Sara\All_DFT_Data,120/B99C21_4/S_257792/graphs.pt,0,99,21,120,B99C21,S_257792
D:\Sara\All_DFT_Data,30/B23C7_3/S_25143/graphs.pt,0,23,7,30,B23C7,S_25143
D:\Sara\All_DFT_Data,30/B27C3_3/S_379196/graphs.pt,0,27,3,30,B27C3,S_379196
D:\Sara\All_DFT_Data,60/B49C11_3/S_317264/graphs.pt,0,49,11,60,B49C11,S_317264
D:\Sara\All_DFT_Data,120/B107C13_3/S_65633/graphs.pt,0,107,13,120,B107C13,S_65633
D:\Sara\All_DFT_Data,15/B13C2_2/S_330546/graphs.pt,0,13,2,15,B13C2,S_330546
D:\Sara\All_DFT_Data,120/B101C19_5/S_272271/graphs.pt,0,101,19,120,B101C19,S_272271
D:\Sara\All_DFT_Data,120/B105C15_1/S_369859/graphs.pt,0,105,15,120,B105C15,S_369859
D:\Sara\All_DFT_Data,60/B51C9_1/S_97588/graphs.pt,0,51,9,60,B51C9,S_97588
D:\Sara\All_DFT_Data\Test_Data,Test16/graphs.pt,1,13,2,15,B13C2,Test16
D:\Sara\All_DFT_Data,15/B13C2_5/S_336048/graphs.pt,0,13,2,15,B13C2,S_336048
D:\Sara\All_DFT_Data,60/B47C13_2/S_38461/graphs.pt,0,47,13,60,B47C13,S_38461
D:\Sara\All_DFT_Data,120/B103C17_2/S_285720/graphs.pt,0,103,17,120,B103C17,S_285720
D:\Sara\All_DFT_Data,120/B111C9_3/S_155581/graphs.pt,0,111,9,120,B111C9,S_155581
D:\Sara\All_DFT_Data,60/B45C15_5/S_373037/graphs.pt,0,45,15,60,B45C15,S_373037
D:\Sara\All_DFT_Data,15/B11C4_2/S_198499/graphs.pt,0,11,4,15,B11C4,S_198499
D:\Sara\All_DFT_Data,120/B97C23_1/S_278622/graphs.pt,0,97,23,120,B97C23,S_278622
D:\Sara\All_DFT_Data,15/B12C3_2/S_273576/graphs.pt,0,12,3,15,B12C3,S_273576
D:\Sara\All_DFT_Data,60/B53C7_4/S_360100/graphs.pt,0,53,7,60,B53C7,S_360100
D:\Sara\All_DFT_Data,120/B105C15_3/S_282802/graphs.pt,0,105,15,120,B105C15,S_282802
D:\Sara\All_DFT_Data,120/B105C15_5/S_194311/graphs.pt,0,105,15,120,B105C15,S_194311
D:\Sara\All_DFT_Data,15/B11C4_1/S_319963/graphs.pt,0,11,4,15,B11C4,S_319963
D:\Sara\All_DFT_Data,120/B107C13_5/S_170870/graphs.pt,0,107,13,120,B107C13,S_170870
D:\Sara\All_DFT_Data,60/B53C7_2/S_219359/graphs.pt,0,53,7,60,B53C7,S_219359
D:\Sara\All_DFT_Data,60/B55C5_4/S_59023/graphs.pt,0,55,5,60,B55C5,S_59023
D:\Sara\All_DFT_Data,60/B45C15_3/S_49992/graphs.pt,0,45,15,60,B45C15,S_49992
D:\Sara\All_DFT_Data,120/B109C11_2/S_395234/graphs.pt,0,109,11,120,B109C11,S_395234
D:\Sara\All_DFT_Data,60/B47C13_4/S_366895/graphs.pt,0,47,13,60,B47C13,S_366895
D:\Sara\All_DFT_Data,60/B47C13_2/S_365284/graphs.pt,0,47,13,60,B47C13,S_365284
D:\Sara\All_DFT_Data,120/B105C15_4/S_307020/graphs.pt,0,105,15,120,B105C15,S_307020
D:\Sara\All_DFT_Data,60/B49C11_5/S_152067/graphs.pt,0,49,11,60,B49C11,S_152067
D:\Sara\All_DFT_Data,60/B49C11_5/S_73547/graphs.pt,0,49,11,60,B49C11,S_73547
D:\Sara\All_DFT_Data,60/B51C9_2/S_78582/graphs.pt,0,51,9,60,B51C9,S_78582
D:\Sara\All_DFT_Data,120/B109C11_5/S_78051/graphs.pt,0,109,11,120,B109C11,S_78051
D:\Sara\All_DFT_Data,120/B113C7_3/S_279824/graphs.pt,0,113,7,120,B113C7,S_279824
D:\Sara\All_DFT_Data,60/B49C11_4/S_152192/graphs.pt,0,49,11,60,B49C11,S_152192
D:\Sara\All_DFT_Data,15/B13C2_5/S_326461/graphs.pt,0,13,2,15,B13C2,S_326461
D:\Sara\All_DFT_Data,15/B11C4_2/S_317154/graphs.pt,0,11,4,15,B11C4,S_317154
D:\Sara\All_DFT_Data,120/B111C9_4/S_211514/graphs.pt,0,111,9,120,B111C9,S_211514
D:\Sara\All_DFT_Data,120/B111C9_4/S_294450/graphs.pt,0,111,9,120,B111C9,S_294450
D:\Sara\All_DFT_Data,60/B55C5_2/S_273482/graphs.pt,0,55,5,60,B55C5,S_273482
D:\Sara\All_DFT_Data,60/B45C15_1/S_180988/graphs.pt,0,45,15,60,B45C15,S_180988
D:\Sara\All_DFT_Data,120/B111C9_4/S_40750/graphs.pt,0,111,9,120,B111C9,S_40750
D:\Sara\All_DFT_Data,60/B53C7_5/S_11534/graphs.pt,0,53,7,60,B53C7,S_11534
D:\Sara\All_DFT_Data,120/B111C9_5/S_49577/graphs.pt,0,111,9,120,B111C9,S_49577
D:\Sara\All_DFT_Data,60/B47C13_2/S_267596/graphs.pt,0,47,13,60,B47C13,S_267596
D:\Sara\All_DFT_Data,30/B23C7_3/S_269470/graphs.pt,0,23,7,30,B23C7,S_269470
D:\Sara\All_DFT_Data,60/B53C7_5/S_214527/graphs.pt,0,53,7,60,B53C7,S_214527
D:\Sara\All_DFT_Data,30/B27C3_1/S_7625/graphs.pt,0,27,3,30,B27C3,S_7625
D:\Sara\All_DFT_Data,120/B113C7_4/S_199305/graphs.pt,0,113,7,120,B113C7,S_199305
D:\Sara\All_DFT_Data,60/B49C11_3/S_310400/graphs.pt,0,49,11,60,B49C11,S_310400
D:\Sara\All_DFT_Data,15/B13C2_4/S_252114/graphs.pt,0,13,2,15,B13C2,S_252114
D:\Sara\All_DFT_Data,120/B109C11_4/S_105428/graphs.pt,0,109,11,120,B109C11,S_105428
D:\Sara\All_DFT_Data,30/B25C5_1/S_342250/graphs.pt,0,25,5,30,B25C5,S_342250
D:\Sara\All_DFT_Data,120/B97C23_3/S_112860/graphs.pt,0,97,23,120,B97C23,S_112860
D:\Sara\All_DFT_Data,30/B23C7_3/S_14776/graphs.pt,0,23,7,30,B23C7,S_14776
D:\Sara\All_DFT_Data,30/B25C5_2/S_384554/graphs.pt,0,25,5,30,B25C5,S_384554
D:\Sara\All_DFT_Data,30/B23C7_3/S_346983/graphs.pt,0,23,7,30,B23C7,S_346983
D:\Sara\All_DFT_Data,120/B99C21_1/S_127499/graphs.pt,0,99,21,120,B99C21,S_127499
D:\Sara\All_DFT_Data\Test_Data,Test65/graphs.pt,1,103,17,120,B103C17,Test65
D:\Sara\All_DFT_Data,120/B101C19_5/S_175808/graphs.pt,0,101,19,120,B101C19,S_175808
D:\Sara\All_DFT_Data,120/B97C23_4/S_388020/graphs.pt,0,97,23,120,B97C23,S_388020
D:\Sara\All_DFT_Data\Test_Data,Test33/graphs.pt,1,12,3,15,B12C3,Test33
D:\Sara\All_DFT_Data,120/B97C23_1/S_101210/graphs.pt,0,97,23,120,B97C23,S_101210
D:\Sara\All_DFT_Data,60/B51C9_1/S_249728/graphs.pt,0,51,9,60,B51C9,S_249728
D:\Sara\All_DFT_Data,120/B105C15_2/S_12187/graphs.pt,0,105,15,120,B105C15,S_12187
D:\Sara\All_DFT_Data\Test_Data,Test13/graphs.pt,1,51,9,60,B51C9,Test13
D:\Sara\All_DFT_Data,30/B23C7_2/S_20083/graphs.pt,0,23,7,30,B23C7,S_20083
D:\Sara\All_DFT_Data,120/B107C13_2/S_267419/graphs.pt,0,107,13,120,B107C13,S_267419
D:\Sara\All_DFT_Data,15/B11C4_2/S_185766/graphs.pt,0,11,4,15,B11C4,S_185766
D:\Sara\All_DFT_Data,60/B51C9_5/S_109666/graphs.pt,0,51,9,60,B51C9,S_109666
D:\Sara\All_DFT_Data,120/B101C19_2/S_171542/graphs.pt,0,101,19,120,B101C19,S_171542
D:\Sara\All_DFT_Data,15/B13C2_3/S_398675/graphs.pt,0,13,2,15,B13C2,S_398675
D:\Sara\All_DFT_Data,30/B25C5_5/S_346749/graphs.pt,0,25,5,30,B25C5,S_346749
D:\Sara\All_DFT_Data,60/B45C15_1/S_234878/graphs.pt,0,45,15,60,B45C15,S_234878
D:\Sara\All_DFT_Data,120/B109C11_4/S_332698/graphs.pt,0,109,11,120,B109C11,S_332698
D:\Sara\All_DFT_Data,60/B47C13_5/S_107889/graphs.pt,0,47,13,60,B47C13,S_107889
D:\Sara\All_DFT_Data\Test_Data,Test54/graphs.pt,1,13,2,15,B13C2,Test54
D:\Sara\All_DFT_Data,15/B12C3_3/S_336433/graphs.pt,0,12,3,15,B12C3,S_336433
D:\Sara\All_DFT_Data,120/B101C19_5/S_17490/graphs.pt,0,101,19,120,B101C19,S_17490
D:\Sara\All_DFT_Data,120/B97C23_5/S_119320/graphs.pt,0,97,23,120,B97C23,S_119320
D:\Sara\All_DFT_Data,120/B103C17_3/S_183440/graphs.pt,0,103,17,120,B103C17,S_183440
D:\Sara\All_DFT_Data,15/B14C_5/S_125867/graphs.pt,0,14,1,15,B14C1,S_125867
D:\Sara\All_DFT_Data,60/B55C5_5/S_260246/graphs.pt,0,55,5,60,B55C5,S_260246
D:\Sara\All_DFT_Data,30/B23C7_1/S_16449/graphs.pt,0,23,7,30,B23C7,S_16449
D:\Sara\All_DFT_Data\Test_Data,Test11/graphs.pt,1,45,15,60,B45C15,Test11
D:\Sara\All_DFT_Data,60/B49C11_2/S_220064/graphs.pt,0,49,11,60,B49C11,S_220064
D:\Sara\All_DFT_Data,120/B107C13_5/S_62791/graphs.pt,0,107,13,120,B107C13,S_62791
D:\Sara\All_DFT_Data,60/B45C15_1/S_51133/graphs.pt,0,45,15,60,B45C15,S_51133
D:\Sara\All_DFT_Data,60/B55C5_2/S_311812/graphs.pt,0,55,5,60,B55C5,S_311812
D:\Sara\All_DFT_Data,60/B51C9_1/S_194821/graphs.pt,0,51,9,60,B51C9,S_194821
D:\Sara\All_DFT_Data,60/B51C9_3/S_97859/graphs.pt,0,51,9,60,B51C9,S_97859
D:\Sara\All_DFT_Data,15/B14C_1/S_394481/graphs.pt,0,14,1,15,B14C1,S_394481
D:\Sara\All_DFT_Data,60/B53C7_3/S_210175/graphs.pt,0,53,7,60,B53C7,S_210175
D:\Sara\All_DFT_Data,60/B45C15_5/S_373092/graphs.pt,0,45,15,60,B45C15,S_373092
D:\Sara\All_DFT_Data,15/B14C_1/S_49773/graphs.pt,0,14,1,15,B14C1,S_49773
D:\Sara\All_DFT_Data,60/B47C13_1/S_83820/graphs.pt,0,47,13,60,B47C13,S_83820
D:\Sara\All_DFT_Data,60/B45C15_5/S_8409/graphs.pt,0,45,15,60,B45C15,S_8409
D:\Sara\All_DFT_Data,60/B53C7_5/S_77507/graphs.pt,0,53,7,60,B53C7,S_77507
D:\Sara\All_DFT_Data,120/B109C11_5/S_378706/graphs.pt,0,109,11,120,B109C11,S_378706
D:\Sara\All_DFT_Data\Test_Data,Test74/graphs.pt,1,23,7,30,B23C7,Test74
D:\Sara\All_DFT_Data,60/B51C9_5/S_286404/graphs.pt,0,51,9,60,B51C9,S_286404
D:\Sara\All_DFT_Data,120/B107C13_1/S_29152/graphs.pt,0,107,13,120,B107C13,S_29152
D:\Sara\All_DFT_Data,60/B53C7_5/S_238930/graphs.pt,0,53,7,60,B53C7,S_238930
D:\Sara\All_DFT_Data,30/B23C7_2/S_61367/graphs.pt,0,23,7,30,B23C7,S_61367
D:\Sara\All_DFT_Data,60/B51C9_1/S_87237/graphs.pt,0,51,9,60,B51C9,S_87237
D:\Sara\All_DFT_Data,15/B12C3_3/S_258421/graphs.pt,0,12,3,15,B12C3,S_258421
D:\Sara\All_DFT_Data,15/B13C2_4/S_215857/graphs.pt,0,13,2,15,B13C2,S_215857
D:\Sara\All_DFT_Data,120/B97C23_2/S_29892/graphs.pt,0,97,23,120,B97C23,S_29892
D:\Sara\All_DFT_Data\Test_Data,Test31/graphs.pt,1,11,4,15,B11C4,Test31
D:\Sara\All_DFT_Data,120/B109C11_1/S_374534/graphs.pt,0,109,11,120,B109C11,S_374534
D:\Sara\All_DFT_Data,120/B111C9_2/S_174503/graphs.pt,0,111,9,120,B111C9,S_174503
D:\Sara\All_DFT_Data,30/B27C3_1/S_163578/graphs.pt,0,27,3,30,B27C3,S_163578
D:\Sara\All_DFT_Data,15/B12C3_3/S_304096/graphs.pt,0,12,3,15,B12C3,S_304096
D:\Sara\All_DFT_Data,30/B25C5_1/S_152538/graphs.pt,0,25,5,30,B25C5,S_152538
D:\Sara\All_DFT_Data,60/B51C9_2/S_72901/graphs.pt,0,51,9,60,B51C9,S_72901
D:\Sara\All_DFT_Data,120/B99C21_3/S_358089/graphs.pt,0,99,21,120,B99C21,S_358089
D:\Sara\All_DFT_Data,15/B13C2_3/S_369146/graphs.pt,0,13,2,15,B13C2,S_369146
D:\Sara\All_DFT_Data,120/B113C7_3/S_211423/graphs.pt,0,113,7,120,B113C7,S_211423
D:\Sara\All_DFT_Data,120/B99C21_5/S_77020/graphs.pt,0,99,21,120,B99C21,S_77020
D:\Sara\All_DFT_Data,15/B14C_5/S_67876/graphs.pt,0,14,1,15,B14C1,S_67876
D:\Sara\All_DFT_Data,60/B49C11_3/S_374851/graphs.pt,0,49,11,60,B49C11,S_374851
D:\Sara\All_DFT_Data,15/B14C_1/S_387885/graphs.pt,0,14,1,15,B14C1,S_387885
D:\Sara\All_DFT_Data,120/B103C17_2/S_981/graphs.pt,0,103,17,120,B103C17,S_981
D:\Sara\All_DFT_Data,15/B12C3_1/S_18713/graphs.pt,0,12,3,15,B12C3,S_18713
D:\Sara\All_DFT_Data,60/B45C15_3/S_46744/graphs.pt,0,45,15,60,B45C15,S_46744
D:\Sara\All_DFT_Data,120/B107C13_3/S_9294/graphs.pt,0,107,13,120,B107C13,S_9294
D:\Sara\All_DFT_Data,120/B97C23_3/S_228255/graphs.pt,0,97,23,120,B97C23,S_228255
D:\Sara\All_DFT_Data,120/B99C21_3/S_49201/graphs.pt,0,99,21,120,B99C21,S_49201
D:\Sara\All_DFT_Data,60/B47C13_4/S_145733/graphs.pt,0,47,13,60,B47C13,S_145733
D:\Sara\All_DFT_Data\Test_Data,Test46/graphs.pt,1,13,2,15,B13C2,Test46
D:\Sara\All_DFT_Data,60/B51C9_1/S_367604/graphs.pt,0,51,9,60,B51C9,S_367604
D:\Sara\All_DFT_Data,120/B113C7_4/S_176610/graphs.pt,0,113,7,120,B113C7,S_176610
D:\Sara\All_DFT_Data,15/B14C_4/S_264136/graphs.pt,0,14,1,15,B14C1,S_264136
D:\Sara\All_DFT_Data,30/B27C3_2/S_139926/graphs.pt,0,27,3,30,B27C3,S_139926
D:\Sara\All_DFT_Data,120/B101C19_4/S_289703/graphs.pt,0,101,19,120,B101C19,S_289703
D:\Sara\All_DFT_Data,15/B11C4_3/S_97928/graphs.pt,0,11,4,15,B11C4,S_97928
D:\Sara\All_DFT_Data,60/B53C7_2/S_150636/graphs.pt,0,53,7,60,B53C7,S_150636
D:\Sara\All_DFT_Data,30/B25C5_1/S_87675/graphs.pt,0,25,5,30,B25C5,S_87675
D:\Sara\All_DFT_Data,120/B113C7_4/S_350840/graphs.pt,0,113,7,120,B113C7,S_350840
D:\Sara\All_DFT_Data,120/B105C15_5/S_365505/graphs.pt,0,105,15,120,B105C15,S_365505
D:\Sara\All_DFT_Data,15/B13C2_5/S_161670/graphs.pt,0,13,2,15,B13C2,S_161670
D:\Sara\All_DFT_Data,15/B12C3_1/S_253999/graphs.pt,0,12,3,15,B12C3,S_253999
D:\Sara\All_DFT_Data,120/B113C7_3/S_269044/graphs.pt,0,113,7,120,B113C7,S_269044
D:\Sara\All_DFT_Data\Test_Data,Test71/graphs.pt,1,11,4,15,B11C4,Test71
D:\Sara\All_DFT_Data,120/B105C15_1/S_82026/graphs.pt,0,105,15,120,B105C15,S_82026
D:\Sara\All_DFT_Data,120/B99C21_1/S_118180/graphs.pt,0,99,21,120,B99C21,S_118180
D:\Sara\All_DFT_Data,15/B11C4_2/S_171251/graphs.pt,0,11,4,15,B11C4,S_171251
D:\Sara\All_DFT_Data,30/B27C3_3/S_368330/graphs.pt,0,27,3,30,B27C3,S_368330
D:\Sara\All_DFT_Data,120/B113C7_2/S_100904/graphs.pt,0,113,7,120,B113C7,S_100904
D:\Sara\All_DFT_Data,120/B97C23_2/S_165680/graphs.pt,0,97,23,120,B97C23,S_165680
D:\Sara\All_DFT_Data,120/B97C23_3/S_32990/graphs.pt,0,97,23,120,B97C23,S_32990
D:\Sara\All_DFT_Data,60/B47C13_4/S_255351/graphs.pt,0,47,13,60,B47C13,S_255351
D:\Sara\All_DFT_Data,60/B53C7_2/S_273019/graphs.pt,0,53,7,60,B53C7,S_273019
D:\Sara\All_DFT_Data,120/B111C9_3/S_343761/graphs.pt,0,111,9,120,B111C9,S_343761
D:\Sara\All_DFT_Data,120/B111C9_3/S_182244/graphs.pt,0,111,9,120,B111C9,S_182244
D:\Sara\All_DFT_Data,120/B107C13_4/S_127199/graphs.pt,0,107,13,120,B107C13,S_127199
D:\Sara\All_DFT_Data,120/B107C13_5/S_383537/graphs.pt,0,107,13,120,B107C13,S_383537
D:\Sara\All_DFT_Data,120/B111C9_3/S_312435/graphs.pt,0,111,9,120,B111C9,S_312435
D:\Sara\All_DFT_Data,60/B45C15_2/S_174672/graphs.pt,0,45,15,60,B45C15,S_174672
D:\Sara\All_DFT_Data,120/B97C23_1/S_38880/graphs.pt,0,97,23,120,B97C23,S_38880
D:\Sara\All_DFT_Data,120/B97C23_5/S_16154/graphs.pt,0,97,23,120,B97C23,S_16154
D:\Sara\All_DFT_Data,120/B103C17_1/S_259866/graphs.pt,0,103,17,120,B103C17,S_259866
D:\Sara\All_DFT_Data,60/B55C5_1/S_185704/graphs.pt,0,55,5,60,B55C5,S_185704
D:\Sara\All_DFT_Data,60/B45C15_5/S_288608/graphs.pt,0,45,15,60,B45C15,S_288608
D:\Sara\All_DFT_Data,15/B11C4_2/S_187925/graphs.pt,0,11,4,15,B11C4,S_187925
D:\Sara\All_DFT_Data,120/B105C15_3/S_226656/graphs.pt,0,105,15,120,B105C15,S_226656
D:\Sara\All_DFT_Data,15/B14C_5/S_224453/graphs.pt,0,14,1,15,B14C1,S_224453
D:\Sara\All_DFT_Data,120/B99C21_1/S_271677/graphs.pt,0,99,21,120,B99C21,S_271677
D:\Sara\All_DFT_Data\Test_Data,Test58/graphs.pt,1,12,3,15,B12C3,Test58
D:\Sara\All_DFT_Data,15/B14C_5/S_90330/graphs.pt,0,14,1,15,B14C1,S_90330
D:\Sara\All_DFT_Data,60/B45C15_5/S_12553/graphs.pt,0,45,15,60,B45C15,S_12553
D:\Sara\All_DFT_Data,60/B51C9_5/S_224695/graphs.pt,0,51,9,60,B51C9,S_224695
D:\Sara\All_DFT_Data,30/B25C5_3/S_359111/graphs.pt,0,25,5,30,B25C5,S_359111
D:\Sara\All_DFT_Data,60/B53C7_3/S_355314/graphs.pt,0,53,7,60,B53C7,S_355314
D:\Sara\All_DFT_Data,120/B101C19_1/S_365174/graphs.pt,0,101,19,120,B101C19,S_365174
D:\Sara\All_DFT_Data,120/B103C17_2/S_36484/graphs.pt,0,103,17,120,B103C17,S_36484
D:\Sara\All_DFT_Data,120/B111C9_4/S_255808/graphs.pt,0,111,9,120,B111C9,S_255808
D:\Sara\All_DFT_Data\Test_Data,Test36/graphs.pt,1,12,3,15,B12C3,Test36
D:\Sara\All_DFT_Data,15/B12C3_3/S_366533/graphs.pt,0,12,3,15,B12C3,S_366533
D:\Sara\All_DFT_Data,60/B47C13_5/S_310624/graphs.pt,0,47,13,60,B47C13,S_310624
D:\Sara\All_DFT_Data,120/B97C23_5/S_25692/graphs.pt,0,97,23,120,B97C23,S_25692
D:\Sara\All_DFT_Data,120/B111C9_5/S_181520/graphs.pt,0,111,9,120,B111C9,S_181520
D:\Sara\All_DFT_Data,30/B23C7_2/S_268566/graphs.pt,0,23,7,30,B23C7,S_268566
D:\Sara\All_DFT_Data,60/B51C9_4/S_137199/graphs.pt,0,51,9,60,B51C9,S_137199
D:\Sara\All_DFT_Data,120/B101C19_5/S_80893/graphs.pt,0,101,19,120,B101C19,S_80893
D:\Sara\All_DFT_Data,120/B105C15_5/S_395629/graphs.pt,0,105,15,120,B105C15,S_395629
D:\Sara\All_DFT_Data,60/B55C5_4/S_273893/graphs.pt,0,55,5,60,B55C5,S_273893
D:\Sara\All_DFT_Data,120/B113C7_4/S_110834/graphs.pt,0,113,7,120,B113C7,S_110834
D:\Sara\All_DFT_Data,60/B53C7_5/S_369978/graphs.pt,0,53,7,60,B53C7,S_369978
D:\Sara\All_DFT_Data,60/B51C9_2/S_147248/graphs.pt,0,51,9,60,B51C9,S_147248
D:\Sara\All_DFT_Data,60/B49C11_5/S_14808/graphs.pt,0,49,11,60,B49C11,S_14808
D:\Sara\All_DFT_Data,120/B111C9_1/S_28160/graphs.pt,0,111,9,120,B111C9,S_28160
D:\Sara\All_DFT_Data,15/B13C2_5/S_255060/graphs.pt,0,13,2,15,B13C2,S_255060
D:\Sara\All_DFT_Data,120/B103C17_5/S_29590/graphs.pt,0,103,17,120,B103C17,S_29590
D:\Sara\All_DFT_Data,120/B105C15_1/S_337928/graphs.pt,0,105,15,120,B105C15,S_337928
D:\Sara\All_DFT_Data,60/B53C7_2/S_29130/graphs.pt,0,53,7,60,B53C7,S_29130
D:\Sara\All_DFT_Data,30/B27C3_5/S_291690/graphs.pt,0,27,3,30,B27C3,S_291690
D:\Sara\All_DFT_Data,60/B49C11_4/S_235695/graphs.pt,0,49,11,60,B49C11,S_235695
D:\Sara\All_DFT_Data,120/B101C19_4/S_201531/graphs.pt,0,101,19,120,B101C19,S_201531
D:\Sara\All_DFT_Data,120/B109C11_5/S_1833/graphs.pt,0,109,11,120,B109C11,S_1833
D:\Sara\All_DFT_Data,120/B109C11_4/S_280227/graphs.pt,0,109,11,120,B109C11,S_280227
D:\Sara\All_DFT_Data,15/B14C_4/S_363746/graphs.pt,0,14,1,15,B14C1,S_363746
D:\Sara\All_DFT_Data,30/B25C5_2/S_240788/graphs.pt,0,25,5,30,B25C5,S_240788
D:\Sara\All_DFT_Data,30/B23C7_5/S_304980/graphs.pt,0,23,7,30,B23C7,S_304980
D:\Sara\All_DFT_Data,60/B55C5_5/S_211122/graphs.pt,0,55,5,60,B55C5,S_211122
D:\Sara\All_DFT_Data,60/B53C7_2/S_201641/graphs.pt,0,53,7,60,B53C7,S_201641
D:\Sara\All_DFT_Data,60/B49C11_2/S_360777/graphs.pt,0,49,11,60,B49C11,S_360777
D:\Sara\All_DFT_Data,120/B97C23_1/S_141322/graphs.pt,0,97,23,120,B97C23,S_141322
D:\Sara\All_DFT_Data,120/B97C23_2/S_19104/graphs.pt,0,97,23,120,B97C23,S_19104
D:\Sara\All_DFT_Data,15/B14C_4/S_394373/graphs.pt,0,14,1,15,B14C1,S_394373
D:\Sara\All_DFT_Data,120/B97C23_4/S_148824/graphs.pt,0,97,23,120,B97C23,S_148824
D:\Sara\All_DFT_Data,60/B47C13_1/S_86283/graphs.pt,0,47,13,60,B47C13,S_86283
D:\Sara\All_DFT_Data,60/B49C11_5/S_11910/graphs.pt,0,49,11,60,B49C11,S_11910
D:\Sara\All_DFT_Data,60/B55C5_4/S_135366/graphs.pt,0,55,5,60,B55C5,S_135366
D:\Sara\All_DFT_Data,120/B97C23_1/S_190732/graphs.pt,0,97,23,120,B97C23,S_190732
D:\Sara\All_DFT_Data,15/B12C3_3/S_364499/graphs.pt,0,12,3,15,B12C3,S_364499
D:\Sara\All_DFT_Data,120/B111C9_5/S_13994/graphs.pt,0,111,9,120,B111C9,S_13994
D:\Sara\All_DFT_Data,60/B49C11_2/S_224575/graphs.pt,0,49,11,60,B49C11,S_224575
D:\Sara\All_DFT_Data,15/B12C3_3/S_54770/graphs.pt,0,12,3,15,B12C3,S_54770
D:\Sara\All_DFT_Data,120/B113C7_3/S_359506/graphs.pt,0,113,7,120,B113C7,S_359506
D:\Sara\All_DFT_Data,15/B11C4_5/S_243867/graphs.pt,0,11,4,15,B11C4,S_243867
D:\Sara\All_DFT_Data,120/B105C15_4/S_66501/graphs.pt,0,105,15,120,B105C15,S_66501
D:\Sara\All_DFT_Data,30/B27C3_3/S_263029/graphs.pt,0,27,3,30,B27C3,S_263029
D:\Sara\All_DFT_Data,120/B113C7_5/S_266751/graphs.pt,0,113,7,120,B113C7,S_266751
D:\Sara\All_DFT_Data,30/B23C7_3/S_260615/graphs.pt,0,23,7,30,B23C7,S_260615
D:\Sara\All_DFT_Data,30/B23C7_3/S_167001/graphs.pt,0,23,7,30,B23C7,S_167001
D:\Sara\All_DFT_Data,30/B25C5_3/S_134880/graphs.pt,0,25,5,30,B25C5,S_134880
D:\Sara\All_DFT_Data,60/B51C9_4/S_200173/graphs.pt,0,51,9,60,B51C9,S_200173
D:\Sara\All_DFT_Data,120/B101C19_2/S_396593/graphs.pt,0,101,19,120,B101C19,S_396593
D:\Sara\All_DFT_Data,60/B47C13_5/S_160503/graphs.pt,0,47,13,60,B47C13,S_160503
D:\Sara\All_DFT_Data,120/B107C13_4/S_113347/graphs.pt,0,107,13,120,B107C13,S_113347
D:\Sara\All_DFT_Data,15/B12C3_5/S_357290/graphs.pt,0,12,3,15,B12C3,S_357290
D:\Sara\All_DFT_Data,60/B49C11_1/S_160022/graphs.pt,0,49,11,60,B49C11,S_160022
D:\Sara\All_DFT_Data,15/B13C2_1/S_208889/graphs.pt,0,13,2,15,B13C2,S_208889
D:\Sara\All_DFT_Data,120/B109C11_3/S_128382/graphs.pt,0,109,11,120,B109C11,S_128382
D:\Sara\All_DFT_Data,60/B51C9_1/S_234676/graphs.pt,0,51,9,60,B51C9,S_234676
D:\Sara\All_DFT_Data,60/B51C9_3/S_371922/graphs.pt,0,51,9,60,B51C9,S_371922
D:\Sara\All_DFT_Data,120/B107C13_3/S_58087/graphs.pt,0,107,13,120,B107C13,S_58087
D:\Sara\All_DFT_Data,60/B49C11_5/S_15722/graphs.pt,0,49,11,60,B49C11,S_15722
D:\Sara\All_DFT_Data,120/B99C21_5/S_125979/graphs.pt,0,99,21,120,B99C21,S_125979
D:\Sara\All_DFT_Data,60/B47C13_4/S_30395/graphs.pt,0,47,13,60,B47C13,S_30395
D:\Sara\All_DFT_Data,120/B113C7_1/S_91256/graphs.pt,0,113,7,120,B113C7,S_91256
D:\Sara\All_DFT_Data,120/B101C19_2/S_336394/graphs.pt,0,101,19,120,B101C19,S_336394
D:\Sara\All_DFT_Data,120/B101C19_3/S_206129/graphs.pt,0,101,19,120,B101C19,S_206129
D:\Sara\All_DFT_Data,15/B12C3_2/S_243059/graphs.pt,0,12,3,15,B12C3,S_243059
D:\Sara\All_DFT_Data,30/B25C5_5/S_312978/graphs.pt,0,25,5,30,B25C5,S_312978
D:\Sara\All_DFT_Data,30/B23C7_4/S_107172/graphs.pt,0,23,7,30,B23C7,S_107172
D:\Sara\All_DFT_Data,15/B12C3_4/S_40047/graphs.pt,0,12,3,15,B12C3,S_40047
D:\Sara\All_DFT_Data,60/B49C11_2/S_31409/graphs.pt,0,49,11,60,B49C11,S_31409
D:\Sara\All_DFT_Data,120/B103C17_1/S_224954/graphs.pt,0,103,17,120,B103C17,S_224954
D:\Sara\All_DFT_Data,30/B27C3_4/S_7067/graphs.pt,0,27,3,30,B27C3,S_7067
D:\Sara\All_DFT_Data\Test_Data,Test34/graphs.pt,1,12,3,15,B12C3,Test34
D:\Sara\All_DFT_Data,60/B45C15_3/S_238752/graphs.pt,0,45,15,60,B45C15,S_238752
D:\Sara\All_DFT_Data,15/B13C2_3/S_137261/graphs.pt,0,13,2,15,B13C2,S_137261
D:\Sara\All_DFT_Data,120/B105C15_4/S_224747/graphs.pt,0,105,15,120,B105C15,S_224747
D:\Sara\All_DFT_Data,15/B12C3_5/S_378150/graphs.pt,0,12,3,15,B12C3,S_378150
D:\Sara\All_DFT_Data,120/B103C17_1/S_16043/graphs.pt,0,103,17,120,B103C17,S_16043
D:\Sara\All_DFT_Data\Test_Data,Test18/graphs.pt,1,113,7,120,B113C7,Test18
D:\Sara\All_DFT_Data,15/B12C3_1/S_38743/graphs.pt,0,12,3,15,B12C3,S_38743
D:\Sara\All_DFT_Data,120/B113C7_1/S_71427/graphs.pt,0,113,7,120,B113C7,S_71427
D:\Sara\All_DFT_Data,60/B45C15_2/S_395494/graphs.pt,0,45,15,60,B45C15,S_395494
D:\Sara\All_DFT_Data,30/B27C3_4/S_170952/graphs.pt,0,27,3,30,B27C3,S_170952
D:\Sara\All_DFT_Data,120/B99C21_3/S_9910/graphs.pt,0,99,21,120,B99C21,S_9910
D:\Sara\All_DFT_Data,120/B101C19_2/S_273340/graphs.pt,0,101,19,120,B101C19,S_273340
D:\Sara\All_DFT_Data,15/B14C_3/S_22465/graphs.pt,0,14,1,15,B14C1,S_22465
D:\Sara\All_DFT_Data,120/B107C13_5/S_381694/graphs.pt,0,107,13,120,B107C13,S_381694
D:\Sara\All_DFT_Data,60/B55C5_3/S_275226/graphs.pt,0,55,5,60,B55C5,S_275226
D:\Sara\All_DFT_Data,120/B105C15_4/S_128503/graphs.pt,0,105,15,120,B105C15,S_128503
D:\Sara\All_DFT_Data,30/B25C5_5/S_334630/graphs.pt,0,25,5,30,B25C5,S_334630
D:\Sara\All_DFT_Data,15/B14C_3/S_103117/graphs.pt,0,14,1,15,B14C1,S_103117
D:\Sara\All_DFT_Data,30/B25C5_3/S_372110/graphs.pt,0,25,5,30,B25C5,S_372110
D:\Sara\All_DFT_Data,60/B55C5_4/S_235553/graphs.pt,0,55,5,60,B55C5,S_235553
D:\Sara\All_DFT_Data,120/B113C7_4/S_102254/graphs.pt,0,113,7,120,B113C7,S_102254
D:\Sara\All_DFT_Data,120/B97C23_1/S_63420/graphs.pt,0,97,23,120,B97C23,S_63420
D:\Sara\All_DFT_Data,30/B25C5_5/S_338189/graphs.pt,0,25,5,30,B25C5,S_338189
D:\Sara\All_DFT_Data,120/B99C21_4/S_222802/graphs.pt,0,99,21,120,B99C21,S_222802
D:\Sara\All_DFT_Data\Test_Data,Test68/graphs.pt,1,109,11,120,B109C11,Test68
D:\Sara\All_DFT_Data,120/B101C19_1/S_319207/graphs.pt,0,101,19,120,B101C19,S_319207
D:\Sara\All_DFT_Data,15/B14C_4/S_379409/graphs.pt,0,14,1,15,B14C1,S_379409
D:\Sara\All_DFT_Data,120/B111C9_1/S_353733/graphs.pt,0,111,9,120,B111C9,S_353733
D:\Sara\All_DFT_Data,15/B12C3_5/S_253757/graphs.pt,0,12,3,15,B12C3,S_253757
D:\Sara\All_DFT_Data,60/B53C7_1/S_241348/graphs.pt,0,53,7,60,B53C7,S_241348
D:\Sara\All_DFT_Data,120/B113C7_4/S_19849/graphs.pt,0,113,7,120,B113C7,S_19849
D:\Sara\All_DFT_Data,120/B109C11_4/S_231741/graphs.pt,0,109,11,120,B109C11,S_231741
D:\Sara\All_DFT_Data,15/B12C3_3/S_320076/graphs.pt,0,12,3,15,B12C3,S_320076
D:\Sara\All_DFT_Data,120/B101C19_4/S_381831/graphs.pt,0,101,19,120,B101C19,S_381831
D:\Sara\All_DFT_Data,60/B53C7_1/S_265326/graphs.pt,0,53,7,60,B53C7,S_265326
D:\Sara\All_DFT_Data,120/B113C7_2/S_29289/graphs.pt,0,113,7,120,B113C7,S_29289
D:\Sara\All_DFT_Data,15/B13C2_4/S_271974/graphs.pt,0,13,2,15,B13C2,S_271974
D:\Sara\All_DFT_Data,60/B53C7_4/S_278569/graphs.pt,0,53,7,60,B53C7,S_278569
D:\Sara\All_DFT_Data,120/B113C7_2/S_279348/graphs.pt,0,113,7,120,B113C7,S_279348
D:\Sara\All_DFT_Data,120/B113C7_2/S_394977/graphs.pt,0,113,7,120,B113C7,S_394977
D:\Sara\All_DFT_Data,15/B12C3_2/S_259803/graphs.pt,0,12,3,15,B12C3,S_259803
D:\Sara\All_DFT_Data,30/B27C3_4/S_115701/graphs.pt,0,27,3,30,B27C3,S_115701
D:\Sara\All_DFT_Data,60/B53C7_1/S_238438/graphs.pt,0,53,7,60,B53C7,S_238438
D:\Sara\All_DFT_Data,15/B12C3_1/S_76195/graphs.pt,0,12,3,15,B12C3,S_76195
D:\Sara\All_DFT_Data,60/B47C13_3/S_121848/graphs.pt,0,47,13,60,B47C13,S_121848
D:\Sara\All_DFT_Data,120/B101C19_2/S_171286/graphs.pt,0,101,19,120,B101C19,S_171286
D:\Sara\All_DFT_Data,60/B49C11_2/S_50015/graphs.pt,0,49,11,60,B49C11,S_50015
D:\Sara\All_DFT_Data,120/B111C9_5/S_16989/graphs.pt,0,111,9,120,B111C9,S_16989
D:\Sara\All_DFT_Data,15/B13C2_3/S_154796/graphs.pt,0,13,2,15,B13C2,S_154796
D:\Sara\All_DFT_Data,60/B47C13_1/S_105980/graphs.pt,0,47,13,60,B47C13,S_105980
D:\Sara\All_DFT_Data,120/B107C13_2/S_215864/graphs.pt,0,107,13,120,B107C13,S_215864
D:\Sara\All_DFT_Data,60/B51C9_2/S_333358/graphs.pt,0,51,9,60,B51C9,S_333358
D:\Sara\All_DFT_Data,120/B111C9_1/S_56806/graphs.pt,0,111,9,120,B111C9,S_56806
D:\Sara\All_DFT_Data,120/B109C11_1/S_389097/graphs.pt,0,109,11,120,B109C11,S_389097
D:\Sara\All_DFT_Data,15/B12C3_1/S_261917/graphs.pt,0,12,3,15,B12C3,S_261917
D:\Sara\All_DFT_Data,15/B14C_2/S_34241/graphs.pt,0,14,1,15,B14C1,S_34241
D:\Sara\All_DFT_Data,120/B105C15_4/S_146950/graphs.pt,0,105,15,120,B105C15,S_146950
D:\Sara\All_DFT_Data,15/B14C_5/S_261345/graphs.pt,0,14,1,15,B14C1,S_261345
D:\Sara\All_DFT_Data,120/B101C19_4/S_92643/graphs.pt,0,101,19,120,B101C19,S_92643
D:\Sara\All_DFT_Data,15/B12C3_1/S_59793/graphs.pt,0,12,3,15,B12C3,S_59793
D:\Sara\All_DFT_Data,120/B107C13_1/S_345706/graphs.pt,0,107,13,120,B107C13,S_345706
D:\Sara\All_DFT_Data,120/B113C7_4/S_314529/graphs.pt,0,113,7,120,B113C7,S_314529
D:\Sara\All_DFT_Data,60/B53C7_3/S_22675/graphs.pt,0,53,7,60,B53C7,S_22675
D:\Sara\All_DFT_Data,60/B53C7_2/S_147890/graphs.pt,0,53,7,60,B53C7,S_147890
D:\Sara\All_DFT_Data,120/B103C17_5/S_228985/graphs.pt,0,103,17,120,B103C17,S_228985
D:\Sara\All_DFT_Data,15/B14C_3/S_188282/graphs.pt,0,14,1,15,B14C1,S_188282
D:\Sara\All_DFT_Data,15/B13C2_1/S_39895/graphs.pt,0,13,2,15,B13C2,S_39895
D:\Sara\All_DFT_Data,60/B49C11_3/S_213856/graphs.pt,0,49,11,60,B49C11,S_213856
D:\Sara\All_DFT_Data,120/B109C11_5/S_218240/graphs.pt,0,109,11,120,B109C11,S_218240
D:\Sara\All_DFT_Data,60/B47C13_3/S_162729/graphs.pt,0,47,13,60,B47C13,S_162729
D:\Sara\All_DFT_Data,30/B27C3_5/S_40650/graphs.pt,0,27,3,30,B27C3,S_40650
D:\Sara\All_DFT_Data,30/B27C3_4/S_195863/graphs.pt,0,27,3,30,B27C3,S_195863
D:\Sara\All_DFT_Data,15/B11C4_3/S_120554/graphs.pt,0,11,4,15,B11C4,S_120554
D:\Sara\All_DFT_Data,120/B101C19_2/S_149937/graphs.pt,0,101,19,120,B101C19,S_149937
D:\Sara\All_DFT_Data,15/B13C2_1/S_119448/graphs.pt,0,13,2,15,B13C2,S_119448
D:\Sara\All_DFT_Data,120/B109C11_3/S_347540/graphs.pt,0,109,11,120,B109C11,S_347540
D:\Sara\All_DFT_Data,120/B101C19_5/S_275365/graphs.pt,0,101,19,120,B101C19,S_275365
D:\Sara\All_DFT_Data,120/B107C13_2/S_359776/graphs.pt,0,107,13,120,B107C13,S_359776
D:\Sara\All_DFT_Data,30/B27C3_5/S_259577/graphs.pt,0,27,3,30,B27C3,S_259577
D:\Sara\All_DFT_Data,120/B103C17_2/S_321930/graphs.pt,0,103,17,120,B103C17,S_321930
D:\Sara\All_DFT_Data,60/B45C15_1/S_262708/graphs.pt,0,45,15,60,B45C15,S_262708
D:\Sara\All_DFT_Data,60/B47C13_4/S_90798/graphs.pt,0,47,13,60,B47C13,S_90798
D:\Sara\All_DFT_Data,15/B11C4_5/S_29557/graphs.pt,0,11,4,15,B11C4,S_29557
D:\Sara\All_DFT_Data,60/B45C15_4/S_271538/graphs.pt,0,45,15,60,B45C15,S_271538
D:\Sara\All_DFT_Data,120/B103C17_4/S_77251/graphs.pt,0,103,17,120,B103C17,S_77251
D:\Sara\All_DFT_Data,15/B11C4_2/S_312379/graphs.pt,0,11,4,15,B11C4,S_312379
D:\Sara\All_DFT_Data,120/B103C17_2/S_8317/graphs.pt,0,103,17,120,B103C17,S_8317
D:\Sara\All_DFT_Data,120/B99C21_2/S_132345/graphs.pt,0,99,21,120,B99C21,S_132345
D:\Sara\All_DFT_Data,15/B14C_3/S_83757/graphs.pt,0,14,1,15,B14C1,S_83757
D:\Sara\All_DFT_Data,120/B99C21_3/S_54101/graphs.pt,0,99,21,120,B99C21,S_54101
D:\Sara\All_DFT_Data,30/B25C5_4/S_233880/graphs.pt,0,25,5,30,B25C5,S_233880
D:\Sara\All_DFT_Data,15/B14C_5/S_98876/graphs.pt,0,14,1,15,B14C1,S_98876
D:\Sara\All_DFT_Data,120/B101C19_3/S_3697/graphs.pt,0,101,19,120,B101C19,S_3697
D:\Sara\All_DFT_Data,60/B45C15_1/S_264988/graphs.pt,0,45,15,60,B45C15,S_264988
D:\Sara\All_DFT_Data,15/B12C3_1/S_361646/graphs.pt,0,12,3,15,B12C3,S_361646
D:\Sara\All_DFT_Data,30/B23C7_1/S_352075/graphs.pt,0,23,7,30,B23C7,S_352075
D:\Sara\All_DFT_Data,120/B97C23_4/S_163737/graphs.pt,0,97,23,120,B97C23,S_163737
D:\Sara\All_DFT_Data,120/B105C15_2/S_123617/graphs.pt,0,105,15,120,B105C15,S_123617
D:\Sara\All_DFT_Data,60/B55C5_1/S_17233/graphs.pt,0,55,5,60,B55C5,S_17233
D:\Sara\All_DFT_Data,15/B13C2_1/S_108383/graphs.pt,0,13,2,15,B13C2,S_108383
D:\Sara\All_DFT_Data,30/B27C3_5/S_178670/graphs.pt,0,27,3,30,B27C3,S_178670
D:\Sara\All_DFT_Data,120/B97C23_1/S_57782/graphs.pt,0,97,23,120,B97C23,S_57782
D:\Sara\All_DFT_Data,60/B53C7_2/S_93803/graphs.pt,0,53,7,60,B53C7,S_93803
D:\Sara\All_DFT_Data,120/B105C15_3/S_375397/graphs.pt,0,105,15,120,B105C15,S_375397
D:\Sara\All_DFT_Data\Test_Data,Test77/graphs.pt,1,45,15,60,B45C15,Test77
D:\Sara\All_DFT_Data,30/B23C7_5/S_118009/graphs.pt,0,23,7,30,B23C7,S_118009
D:\Sara\All_DFT_Data,120/B113C7_1/S_177680/graphs.pt,0,113,7,120,B113C7,S_177680
D:\Sara\All_DFT_Data,15/B11C4_5/S_265621/graphs.pt,0,11,4,15,B11C4,S_265621
D:\Sara\All_DFT_Data,30/B25C5_4/S_10240/graphs.pt,0,25,5,30,B25C5,S_10240
D:\Sara\All_DFT_Data,15/B11C4_4/S_287606/graphs.pt,0,11,4,15,B11C4,S_287606
D:\Sara\All_DFT_Data,30/B27C3_1/S_308834/graphs.pt,0,27,3,30,B27C3,S_308834
D:\Sara\All_DFT_Data,60/B55C5_4/S_4872/graphs.pt,0,55,5,60,B55C5,S_4872
D:\Sara\All_DFT_Data,60/B47C13_2/S_305959/graphs.pt,0,47,13,60,B47C13,S_305959
D:\Sara\All_DFT_Data,120/B97C23_4/S_308242/graphs.pt,0,97,23,120,B97C23,S_308242
D:\Sara\All_DFT_Data,30/B25C5_2/S_270588/graphs.pt,0,25,5,30,B25C5,S_270588
D:\Sara\All_DFT_Data,15/B14C_3/S_27530/graphs.pt,0,14,1,15,B14C1,S_27530
D:\Sara\All_DFT_Data,120/B99C21_3/S_71483/graphs.pt,0,99,21,120,B99C21,S_71483
D:\Sara\All_DFT_Data,120/B101C19_4/S_179583/graphs.pt,0,101,19,120,B101C19,S_179583
D:\Sara\All_DFT_Data,30/B25C5_4/S_27072/graphs.pt,0,25,5,30,B25C5,S_27072
D:\Sara\All_DFT_Data,30/B25C5_1/S_130701/graphs.pt,0,25,5,30,B25C5,S_130701
D:\Sara\All_DFT_Data,120/B99C21_2/S_221216/graphs.pt,0,99,21,120,B99C21,S_221216
D:\Sara\All_DFT_Data,60/B47C13_2/S_55248/graphs.pt,0,47,13,60,B47C13,S_55248
D:\Sara\All_DFT_Data,15/B14C_5/S_321612/graphs.pt,0,14,1,15,B14C1,S_321612
D:\Sara\All_DFT_Data,120/B101C19_3/S_212719/graphs.pt,0,101,19,120,B101C19,S_212719
D:\Sara\All_DFT_Data,120/B109C11_5/S_48788/graphs.pt,0,109,11,120,B109C11,S_48788
D:\Sara\All_DFT_Data,30/B25C5_2/S_181165/graphs.pt,0,25,5,30,B25C5,S_181165
D:\Sara\All_DFT_Data,60/B51C9_1/S_192308/graphs.pt,0,51,9,60,B51C9,S_192308
D:\Sara\All_DFT_Data,120/B111C9_2/S_93986/graphs.pt,0,111,9,120,B111C9,S_93986
D:\Sara\All_DFT_Data,60/B45C15_1/S_106138/graphs.pt,0,45,15,60,B45C15,S_106138
D:\Sara\All_DFT_Data\Test_Data,Test30/graphs.pt,1,12,3,15,B12C3,Test30
D:\Sara\All_DFT_Data,60/B45C15_2/S_253092/graphs.pt,0,45,15,60,B45C15,S_253092
D:\Sara\All_DFT_Data,30/B23C7_1/S_290759/graphs.pt,0,23,7,30,B23C7,S_290759
D:\Sara\All_DFT_Data,60/B53C7_2/S_335236/graphs.pt,0,53,7,60,B53C7,S_335236
D:\Sara\All_DFT_Data,60/B49C11_1/S_203777/graphs.pt,0,49,11,60,B49C11,S_203777
D:\Sara\All_DFT_Data,60/B49C11_4/S_101351/graphs.pt,0,49,11,60,B49C11,S_101351
D:\Sara\All_DFT_Data,120/B105C15_2/S_343690/graphs.pt,0,105,15,120,B105C15,S_343690
D:\Sara\All_DFT_Data,60/B47C13_1/S_98964/graphs.pt,0,47,13,60,B47C13,S_98964
D:\Sara\All_DFT_Data,30/B23C7_3/S_172749/graphs.pt,0,23,7,30,B23C7,S_172749
D:\Sara\All_DFT_Data,60/B55C5_2/S_225896/graphs.pt,0,55,5,60,B55C5,S_225896
D:\Sara\All_DFT_Data,15/B13C2_1/S_339375/graphs.pt,0,13,2,15,B13C2,S_339375
D:\Sara\All_DFT_Data,15/B11C4_1/S_291593/graphs.pt,0,11,4,15,B11C4,S_291593
D:\Sara\All_DFT_Data,15/B13C2_3/S_324069/graphs.pt,0,13,2,15,B13C2,S_324069
D:\Sara\All_DFT_Data,60/B53C7_5/S_211588/graphs.pt,0,53,7,60,B53C7,S_211588
D:\Sara\All_DFT_Data,15/B11C4_2/S_301364/graphs.pt,0,11,4,15,B11C4,S_301364
D:\Sara\All_DFT_Data,15/B11C4_1/S_207148/graphs.pt,0,11,4,15,B11C4,S_207148
D:\Sara\All_DFT_Data,30/B25C5_2/S_340026/graphs.pt,0,25,5,30,B25C5,S_340026
D:\Sara\All_DFT_Data,60/B53C7_5/S_282280/graphs.pt,0,53,7,60,B53C7,S_282280
D:\Sara\All_DFT_Data,30/B23C7_5/S_263758/graphs.pt,0,23,7,30,B23C7,S_263758
D:\Sara\All_DFT_Data,60/B49C11_3/S_153646/graphs.pt,0,49,11,60,B49C11,S_153646
D:\Sara\All_DFT_Data,60/B55C5_3/S_196028/graphs.pt,0,55,5,60,B55C5,S_196028
D:\Sara\All_DFT_Data,30/B23C7_1/S_246332/graphs.pt,0,23,7,30,B23C7,S_246332
D:\Sara\All_DFT_Data,120/B101C19_4/S_43424/graphs.pt,0,101,19,120,B101C19,S_43424
D:\Sara\All_DFT_Data,60/B49C11_2/S_173324/graphs.pt,0,49,11,60,B49C11,S_173324
D:\Sara\All_DFT_Data,15/B11C4_2/S_336588/graphs.pt,0,11,4,15,B11C4,S_336588
D:\Sara\All_DFT_Data\Test_Data,Test86/graphs.pt,1,51,9,60,B51C9,Test86
D:\Sara\All_DFT_Data,120/B105C15_3/S_285182/graphs.pt,0,105,15,120,B105C15,S_285182
D:\Sara\All_DFT_Data,15/B14C_5/S_24998/graphs.pt,0,14,1,15,B14C1,S_24998
D:\Sara\All_DFT_Data,120/B111C9_1/S_208393/graphs.pt,0,111,9,120,B111C9,S_208393
D:\Sara\All_DFT_Data,60/B45C15_4/S_392171/graphs.pt,0,45,15,60,B45C15,S_392171
D:\Sara\All_DFT_Data,15/B14C_2/S_166231/graphs.pt,0,14,1,15,B14C1,S_166231
D:\Sara\All_DFT_Data,120/B99C21_2/S_117800/graphs.pt,0,99,21,120,B99C21,S_117800
D:\Sara\All_DFT_Data,120/B109C11_2/S_344327/graphs.pt,0,109,11,120,B109C11,S_344327
D:\Sara\All_DFT_Data,15/B11C4_5/S_236016/graphs.pt,0,11,4,15,B11C4,S_236016
D:\Sara\All_DFT_Data,15/B11C4_5/S_233473/graphs.pt,0,11,4,15,B11C4,S_233473
D:\Sara\All_DFT_Data,30/B23C7_1/S_375587/graphs.pt,0,23,7,30,B23C7,S_375587
D:\Sara\All_DFT_Data,60/B45C15_1/S_136279/graphs.pt,0,45,15,60,B45C15,S_136279
D:\Sara\All_DFT_Data,30/B25C5_3/S_27465/graphs.pt,0,25,5,30,B25C5,S_27465
D:\Sara\All_DFT_Data,15/B14C_3/S_316984/graphs.pt,0,14,1,15,B14C1,S_316984
D:\Sara\All_DFT_Data,120/B109C11_2/S_237450/graphs.pt,0,109,11,120,B109C11,S_237450
D:\Sara\All_DFT_Data,120/B107C13_1/S_237013/graphs.pt,0,107,13,120,B107C13,S_237013
D:\Sara\All_DFT_Data,60/B47C13_4/S_1599/graphs.pt,0,47,13,60,B47C13,S_1599
D:\Sara\All_DFT_Data,120/B99C21_2/S_271420/graphs.pt,0,99,21,120,B99C21,S_271420
D:\Sara\All_DFT_Data,30/B23C7_5/S_33955/graphs.pt,0,23,7,30,B23C7,S_33955
D:\Sara\All_DFT_Data,60/B49C11_2/S_338899/graphs.pt,0,49,11,60,B49C11,S_338899
D:\Sara\All_DFT_Data,60/B49C11_2/S_367792/graphs.pt,0,49,11,60,B49C11,S_367792
D:\Sara\All_DFT_Data,120/B99C21_5/S_87398/graphs.pt,0,99,21,120,B99C21,S_87398
D:\Sara\All_DFT_Data,60/B55C5_5/S_162533/graphs.pt,0,55,5,60,B55C5,S_162533
D:\Sara\All_DFT_Data,15/B11C4_4/S_70427/graphs.pt,0,11,4,15,B11C4,S_70427
D:\Sara\All_DFT_Data,15/B11C4_1/S_300723/graphs.pt,0,11,4,15,B11C4,S_300723
D:\Sara\All_DFT_Data,60/B45C15_3/S_342407/graphs.pt,0,45,15,60,B45C15,S_342407
D:\Sara\All_DFT_Data,30/B27C3_1/S_350933/graphs.pt,0,27,3,30,B27C3,S_350933
D:\Sara\All_DFT_Data,60/B45C15_4/S_376863/graphs.pt,0,45,15,60,B45C15,S_376863
D:\Sara\All_DFT_Data,120/B103C17_2/S_4830/graphs.pt,0,103,17,120,B103C17,S_4830
D:\Sara\All_DFT_Data,120/B111C9_1/S_380938/graphs.pt,0,111,9,120,B111C9,S_380938
D:\Sara\All_DFT_Data,15/B12C3_5/S_325811/graphs.pt,0,12,3,15,B12C3,S_325811
D:\Sara\All_DFT_Data,15/B12C3_1/S_66174/graphs.pt,0,12,3,15,B12C3,S_66174
D:\Sara\All_DFT_Data,60/B45C15_3/S_127108/graphs.pt,0,45,15,60,B45C15,S_127108
D:\Sara\All_DFT_Data,120/B109C11_4/S_399624/graphs.pt,0,109,11,120,B109C11,S_399624
D:\Sara\All_DFT_Data,120/B113C7_4/S_379862/graphs.pt,0,113,7,120,B113C7,S_379862
D:\Sara\All_DFT_Data,60/B49C11_4/S_190125/graphs.pt,0,49,11,60,B49C11,S_190125
D:\Sara\All_DFT_Data,60/B51C9_3/S_216026/graphs.pt,0,51,9,60,B51C9,S_216026
D:\Sara\All_DFT_Data,60/B47C13_5/S_385348/graphs.pt,0,47,13,60,B47C13,S_385348
D:\Sara\All_DFT_Data,30/B27C3_4/S_43759/graphs.pt,0,27,3,30,B27C3,S_43759
D:\Sara\All_DFT_Data,120/B101C19_2/S_102549/graphs.pt,0,101,19,120,B101C19,S_102549
D:\Sara\All_DFT_Data,120/B101C19_4/S_231020/graphs.pt,0,101,19,120,B101C19,S_231020
D:\Sara\All_DFT_Data,15/B12C3_5/S_8972/graphs.pt,0,12,3,15,B12C3,S_8972
D:\Sara\All_DFT_Data,15/B11C4_2/S_73918/graphs.pt,0,11,4,15,B11C4,S_73918
D:\Sara\All_DFT_Data,120/B103C17_3/S_347551/graphs.pt,0,103,17,120,B103C17,S_347551
D:\Sara\All_DFT_Data,120/B101C19_1/S_326519/graphs.pt,0,101,19,120,B101C19,S_326519
D:\Sara\All_DFT_Data,60/B51C9_3/S_323567/graphs.pt,0,51,9,60,B51C9,S_323567
D:\Sara\All_DFT_Data,30/B23C7_5/S_385826/graphs.pt,0,23,7,30,B23C7,S_385826
D:\Sara\All_DFT_Data,120/B99C21_5/S_249615/graphs.pt,0,99,21,120,B99C21,S_249615
D:\Sara\All_DFT_Data,15/B12C3_2/S_280748/graphs.pt,0,12,3,15,B12C3,S_280748
D:\Sara\All_DFT_Data,120/B107C13_5/S_351993/graphs.pt,0,107,13,120,B107C13,S_351993
